[ +175 ms] Artifact Instance of 'MaterialFonts' is not required, skipping update.
[        ] Artifact Instance of 'GradleWrapper' is not required, skipping update.
[        ] Artifact Instance of 'AndroidGenSnapshotArtifacts' is not required, skipping update.
[        ] Artifact Instance of 'AndroidInternalBuildArtifacts' is not required, skipping update.
[        ] Artifact Instance of 'IOSEngineArtifacts' is not required, skipping update.
[        ] Artifact Instance of 'FlutterWebSdk' is not required, skipping update.
[   +1 ms] Artifact Instance of 'LegacyCanvasKitRemover' is not required, skipping update.
[        ] Artifact Instance of 'FlutterSdk' is not required, skipping update.
[        ] Artifact Instance of 'WindowsEngineArtifacts' is not required, skipping update.
[   +1 ms] Artifact Instance of 'MacOSEngineArtifacts' is not required, skipping update.
[        ] Artifact Instance of 'LinuxEngineArtifacts' is not required, skipping update.
[        ] Artifact Instance of 'LinuxFuchsiaSDKArtifacts' is not required, skipping update.
[        ] Artifact Instance of 'MacOSFuchsiaSDKArtifacts' is not required, skipping update.
[        ] Artifact Instance of 'FlutterRunnerSDKArtifacts' is not required, skipping update.
[        ] Artifact Instance of 'FlutterRunnerDebugSymbols' is not required, skipping update.
[        ] Artifact Instance of 'IosUsbArtifacts' is not required, skipping update.
[        ] Artifact Instance of 'IosUsbArtifacts' is not required, skipping update.
[        ] Artifact Instance of 'IosUsbArtifacts' is not required, skipping update.
[        ] Artifact Instance of 'IosUsbArtifacts' is not required, skipping update.
[        ] Artifact Instance of 'IosUsbArtifacts' is not required, skipping update.
[        ] Artifact Instance of 'IosUsbArtifacts' is not required, skipping update.
[        ] Artifact Instance of 'FontSubsetArtifacts' is not required, skipping update.
[        ] Artifact Instance of 'PubDependencies' is not required, skipping update.
[        ] executing: [D:\Flutter SDK\flutter/] git -c log.showSignature=false log HEAD -n 1 --pretty=format:%ad --date=iso
[ +172 ms] Exit code 0 from: git -c log.showSignature=false log HEAD -n 1 --pretty=format:%ad --date=iso
[        ] 2026-09-10 15:25:10 -0700
[  +13 ms] Artifact Instance of 'AndroidGenSnapshotArtifacts' is not required, skipping update.
[        ] Artifact Instance of 'AndroidInternalBuildArtifacts' is not required, skipping update.
[        ] Artifact Instance of 'IOSEngineArtifacts' is not required, skipping update.
[        ] Artifact Instance of 'FlutterWebSdk' is not required, skipping update.
[        ] Artifact Instance of 'FlutterEngineStamp' is not required, skipping update.
[        ] Artifact Instance of 'LegacyCanvasKitRemover' is not required, skipping update.
[   +3 ms] Artifact Instance of 'WindowsEngineArtifacts' is not required, skipping update.
[        ] Artifact Instance of 'MacOSEngineArtifacts' is not required, skipping update.
[        ] Artifact Instance of 'LinuxEngineArtifacts' is not required, skipping update.
[        ] Artifact Instance of 'LinuxFuchsiaSDKArtifacts' is not required, skipping update.
[        ] Artifact Instance of 'MacOSFuchsiaSDKArtifacts' is not required, skipping update.
[        ] Artifact Instance of 'FlutterRunnerSDKArtifacts' is not required, skipping update.
[        ] Artifact Instance of 'FlutterRunnerDebugSymbols' is not required, skipping update.
[ +108 ms] Artifact Instance of 'MaterialFonts' is not required, skipping update.
[        ] Artifact Instance of 'GradleWrapper' is not required, skipping update.
[   +5 ms] Artifact Instance of 'AndroidInternalBuildArtifacts' is not required, skipping update.
[        ] Artifact Instance of 'IOSEngineArtifacts' is not required, skipping update.
[        ] Artifact Instance of 'FlutterWebSdk' is not required, skipping update.
[        ] Artifact Instance of 'FlutterEngineStamp' is not required, skipping update.
[        ] Artifact Instance of 'LegacyCanvasKitRemover' is not required, skipping update.
[        ] Artifact Instance of 'FlutterSdk' is not required, skipping update.
[        ] Artifact Instance of 'WindowsEngineArtifacts' is not required, skipping update.
[        ] Artifact Instance of 'MacOSEngineArtifacts' is not required, skipping update.
[        ] Artifact Instance of 'LinuxEngineArtifacts' is not required, skipping update.
[        ] Artifact Instance of 'LinuxFuchsiaSDKArtifacts' is not required, skipping update.
[        ] Artifact Instance of 'MacOSFuchsiaSDKArtifacts' is not required, skipping update.
[        ] Artifact Instance of 'FlutterRunnerSDKArtifacts' is not required, skipping update.
[        ] Artifact Instance of 'FlutterRunnerDebugSymbols' is not required, skipping update.
[        ] Artifact Instance of 'IosUsbArtifacts' is not required, skipping update.
[        ] Artifact Instance of 'IosUsbArtifacts' is not required, skipping update.
[        ] Artifact Instance of 'IosUsbArtifacts' is not required, skipping update.
[        ] Artifact Instance of 'IosUsbArtifacts' is not required, skipping update.
[        ] Artifact Instance of 'IosUsbArtifacts' is not required, skipping update.
[        ] Artifact Instance of 'IosUsbArtifacts' is not required, skipping update.
[        ] Artifact Instance of 'FontSubsetArtifacts' is not required, skipping update.
[        ] Artifact Instance of 'PubDependencies' is not required, skipping update.
[  +66 ms] executing: [C:\Users\BH2VSQ\Downloads\qsl_manager_mobile/] D:\Flutter SDK\flutter\bin\cache\dart-sdk\bin\dart pub --suppress-analytics --directory . get --example
Resolving dependencies...
Downloading packages...
  code_assets 1.2.1 (2.1.0 available)
  cross_file 0.3.5+5 (0.4.0 available)
  hooks 2.0.2 (2.2.0 available)
  material_color_utilities 0.13.0 (0.13.1 available)
  meta 1.18.3 (1.19.0 available)
  objective_c 9.5.0 (9.6.2 available)
  petitparser 7.0.2 (7.1.0 available)
  record_use 0.6.0 (1.1.1 available)
  test_api 0.7.12 (0.7.14 available)
  vector_math 2.4.2 (2.4.3 available)
  xml 7.0.1 (7.1.0 available)
Got dependencies!
11 packages have newer versions incompatible with dependency constraints.
Try `flutter pub outdated` for more information.
[+1053 ms] Found plugin shared_preferences at C:\Users\BH2VSQ\AppData\Local\Pub\Cache\hosted\pub.dev\shared_preferences-2.5.5\
[   +4 ms] Found plugin shared_preferences_windows at C:\Users\BH2VSQ\AppData\Local\Pub\Cache\hosted\pub.dev\shared_preferences_windows-2.4.1\
[   +4 ms] Found plugin path_provider_windows at C:\Users\BH2VSQ\AppData\Local\Pub\Cache\hosted\pub.dev\path_provider_windows-2.3.0\
[   +5 ms] Found plugin shared_preferences_web at C:\Users\BH2VSQ\AppData\Local\Pub\Cache\hosted\pub.dev\shared_preferences_web-2.4.3\
[   +3 ms] Found plugin shared_preferences_linux at C:\Users\BH2VSQ\AppData\Local\Pub\Cache\hosted\pub.dev\shared_preferences_linux-2.4.1\
[   +1 ms] Found plugin path_provider_linux at C:\Users\BH2VSQ\AppData\Local\Pub\Cache\hosted\pub.dev\path_provider_linux-2.2.2\
[   +3 ms] Found plugin shared_preferences_foundation at C:\Users\BH2VSQ\AppData\Local\Pub\Cache\hosted\pub.dev\shared_preferences_foundation-2.5.7\
[   +2 ms] Found plugin shared_preferences_android at C:\Users\BH2VSQ\AppData\Local\Pub\Cache\hosted\pub.dev\shared_preferences_android-2.4.28\
[   +2 ms] Found plugin path_provider at C:\Users\BH2VSQ\AppData\Local\Pub\Cache\hosted\pub.dev\path_provider-2.1.6\
[   +1 ms] Found plugin path_provider_foundation at C:\Users\BH2VSQ\AppData\Local\Pub\Cache\hosted\pub.dev\path_provider_foundation-2.6.0\
[  +13 ms] Found plugin path_provider_android at C:\Users\BH2VSQ\AppData\Local\Pub\Cache\hosted\pub.dev\path_provider_android-2.3.1\
[   +1 ms] Found plugin jni_flutter at C:\Users\BH2VSQ\AppData\Local\Pub\Cache\hosted\pub.dev\jni_flutter-1.0.3\
[   +1 ms] Found plugin jni at C:\Users\BH2VSQ\AppData\Local\Pub\Cache\hosted\pub.dev\jni-1.1.0\
[   +3 ms] Found plugin package_info_plus at C:\Users\BH2VSQ\AppData\Local\Pub\Cache\hosted\pub.dev\package_info_plus-10.2.2\
[   +6 ms] Found plugin mobile_scanner at C:\Users\BH2VSQ\AppData\Local\Pub\Cache\hosted\pub.dev\mobile_scanner-7.4.2\
[   +2 ms] Found plugin file_picker at C:\Users\BH2VSQ\AppData\Local\Pub\Cache\hosted\pub.dev\file_picker-13.1.0\
[   +1 ms] Found plugin windows_file_picker at C:\Users\BH2VSQ\AppData\Local\Pub\Cache\hosted\pub.dev\windows_file_picker-2.0.0\
[   +3 ms] Found plugin file_picker_web at C:\Users\BH2VSQ\AppData\Local\Pub\Cache\hosted\pub.dev\file_picker_web-4.0.0\
[   +1 ms] Found plugin file_picker_linux at C:\Users\BH2VSQ\AppData\Local\Pub\Cache\hosted\pub.dev\file_picker_linux-2.0.1\
[   +4 ms] Found plugin file_picker_darwin at C:\Users\BH2VSQ\AppData\Local\Pub\Cache\hosted\pub.dev\file_picker_darwin-2.1.2\
[   +1 ms] Found plugin android_file_picker at C:\Users\BH2VSQ\AppData\Local\Pub\Cache\hosted\pub.dev\android_file_picker-2.0.0\
[  +44 ms] Found plugin shared_preferences at C:\Users\BH2VSQ\AppData\Local\Pub\Cache\hosted\pub.dev\shared_preferences-2.5.5\
[   +1 ms] Found plugin shared_preferences_windows at C:\Users\BH2VSQ\AppData\Local\Pub\Cache\hosted\pub.dev\shared_preferences_windows-2.4.1\
[   +3 ms] Found plugin path_provider_windows at C:\Users\BH2VSQ\AppData\Local\Pub\Cache\hosted\pub.dev\path_provider_windows-2.3.0\
[   +6 ms] Found plugin shared_preferences_web at C:\Users\BH2VSQ\AppData\Local\Pub\Cache\hosted\pub.dev\shared_preferences_web-2.4.3\
[   +5 ms] Found plugin shared_preferences_linux at C:\Users\BH2VSQ\AppData\Local\Pub\Cache\hosted\pub.dev\shared_preferences_linux-2.4.1\
[   +1 ms] Found plugin path_provider_linux at C:\Users\BH2VSQ\AppData\Local\Pub\Cache\hosted\pub.dev\path_provider_linux-2.2.2\
[   +1 ms] Found plugin shared_preferences_foundation at C:\Users\BH2VSQ\AppData\Local\Pub\Cache\hosted\pub.dev\shared_preferences_foundation-2.5.7\
[   +1 ms] Found plugin shared_preferences_android at C:\Users\BH2VSQ\AppData\Local\Pub\Cache\hosted\pub.dev\shared_preferences_android-2.4.28\
[        ] Found plugin path_provider at C:\Users\BH2VSQ\AppData\Local\Pub\Cache\hosted\pub.dev\path_provider-2.1.6\
[   +1 ms] Found plugin path_provider_foundation at C:\Users\BH2VSQ\AppData\Local\Pub\Cache\hosted\pub.dev\path_provider_foundation-2.6.0\
[   +7 ms] Found plugin path_provider_android at C:\Users\BH2VSQ\AppData\Local\Pub\Cache\hosted\pub.dev\path_provider_android-2.3.1\
[   +1 ms] Found plugin jni_flutter at C:\Users\BH2VSQ\AppData\Local\Pub\Cache\hosted\pub.dev\jni_flutter-1.0.3\
[   +2 ms] Found plugin jni at C:\Users\BH2VSQ\AppData\Local\Pub\Cache\hosted\pub.dev\jni-1.1.0\
[   +4 ms] Found plugin package_info_plus at C:\Users\BH2VSQ\AppData\Local\Pub\Cache\hosted\pub.dev\package_info_plus-10.2.2\
[   +5 ms] Found plugin mobile_scanner at C:\Users\BH2VSQ\AppData\Local\Pub\Cache\hosted\pub.dev\mobile_scanner-7.4.2\
[   +1 ms] Found plugin file_picker at C:\Users\BH2VSQ\AppData\Local\Pub\Cache\hosted\pub.dev\file_picker-13.1.0\
[   +1 ms] Found plugin windows_file_picker at C:\Users\BH2VSQ\AppData\Local\Pub\Cache\hosted\pub.dev\windows_file_picker-2.0.0\
[   +3 ms] Found plugin file_picker_web at C:\Users\BH2VSQ\AppData\Local\Pub\Cache\hosted\pub.dev\file_picker_web-4.0.0\
[        ] Found plugin file_picker_linux at C:\Users\BH2VSQ\AppData\Local\Pub\Cache\hosted\pub.dev\file_picker_linux-2.0.1\
[   +3 ms] Found plugin file_picker_darwin at C:\Users\BH2VSQ\AppData\Local\Pub\Cache\hosted\pub.dev\file_picker_darwin-2.1.2\
[        ] Found plugin android_file_picker at C:\Users\BH2VSQ\AppData\Local\Pub\Cache\hosted\pub.dev\android_file_picker-2.0.0\
[  +15 ms] Generating C:\Users\BH2VSQ\Downloads\qsl_manager_mobile\android\app\src\main\java\io\flutter\plugins\GeneratedPluginRegistrant.java
[   +9 ms] Skipping generating GeneratedPluginRegistrant.java because it is up-to-date.
[  +63 ms] executing: D:\Android\Android Studio\jbr\bin\java -version
[ +202 ms] Exit code 0 from: D:\Android\Android Studio\jbr\bin\java -version
[        ] openjdk version "21.0.10" 2026-01-20
           OpenJDK Runtime Environment (build 21.0.10+-14961533-b1163.108)
           OpenJDK 64-Bit Server VM (build 21.0.10+-14961533-b1163.108, mixed mode)
[   +3 ms] executing: D:\Android\Android Studio\jbr\bin\java -version
[ +115 ms] Exit code 0 from: D:\Android\Android Studio\jbr\bin\java -version
[        ] openjdk version "21.0.10" 2026-01-20
           OpenJDK Runtime Environment (build 21.0.10+-14961533-b1163.108)
           OpenJDK 64-Bit Server VM (build 21.0.10+-14961533-b1163.108, mixed mode)
[   +2 ms] executing: D:\Android\Android Studio\jbr\bin\java -version
[ +115 ms] Exit code 0 from: D:\Android\Android Studio\jbr\bin\java -version
[        ] openjdk version "21.0.10" 2026-01-20
           OpenJDK Runtime Environment (build 21.0.10+-14961533-b1163.108)
           OpenJDK 64-Bit Server VM (build 21.0.10+-14961533-b1163.108, mixed mode)
[   +7 ms] Top-level Gradle build file not found, skipping migration of task "clean".
[   +2 ms] executing: D:\Android\Android Studio\jbr\bin\java --version
[ +117 ms] Exit code 0 from: D:\Android\Android Studio\jbr\bin\java --version
[        ] openjdk 21.0.10 2026-01-20
           OpenJDK Runtime Environment (build 21.0.10+-14961533-b1163.108)
           OpenJDK 64-Bit Server VM (build 21.0.10+-14961533-b1163.108, mixed mode)
[   +1 ms] Version of Java is different than impacted version, no migration attempted.
[   +3 ms] CMake project not found, skipping support Android 15 16k page size migration.
[  +50 ms] The developer has already configured the Built-In Kotlin flag, skipping migration.
[   +2 ms] The developer has already configured the new DSL flag, skipping migration.
[   +5 ms] Using gradle from C:\Users\BH2VSQ\Downloads\qsl_manager_mobile\android\gradlew.bat.
[  +13 ms] LocalFile: 'C:\Users\BH2VSQ\Downloads\qsl_manager_mobile\android\build.gradle.kts' doesn't provide an AGP version. Checking settings.
[   +1 ms] LocalFile: 'C:\Users\BH2VSQ\Downloads\qsl_manager_mobile\android\settings.gradle.kts' provides AGP version: 8.12.1
[  +28 ms] Running Gradle task 'assembleRelease'...
[        ] executing: [C:\Users\BH2VSQ\Downloads\qsl_manager_mobile\android/] C:\Users\BH2VSQ\Downloads\qsl_manager_mobile\android\gradlew.bat --full-stacktrace --info -Pverbose=true -Ptarget-platform=android-arm,android-arm64,android-x64 -Ptarget=lib\main.dart -Pbase-application-name=android.app.Application -Pdart-defines=RkxVVFRFUl9CVUlMRF9OQU1FPTAuMi4xMg==,RkxVVFRFUl9CVUlMRF9OVU1CRVI9MjE=,RkxVVFRFUl9WRVJTSU9OPTMuNDcuNA==,RkxVVFRFUl9DSEFOTkVMPXN0YWJsZQ==,RkxVVFRFUl9HSVRfVVJMPWh0dHBzOi8vZ2l0aHViLmNvbS9mbHV0dGVyL2ZsdXR0ZXIuZ2l0,RkxVVFRFUl9GUkFNRVdPUktfUkVWSVNJT049OTU4NGM2NzEzYg==,RkxVVFRFUl9FTkdJTkVfUkVWSVNJT049MDZhMmUyYTExMA==,RkxVVFRFUl9EQVJUX1ZFUlNJT049My4xMy4z -Pdart-obfuscation=false -Ptrack-widget-creation=true -Ptree-shake-icons=true -Pflutter.androidSdkRoot=C:\Users\BH2VSQ\AppData\Local\Android\sdk -Pflutter.installedNdkVersions=23.1.7779620,25.1.8937393,27.0.12077973,28.2.13676358 -Pflutter.sdkManagerPath=C:\Users\BH2VSQ\AppData\Local\Android\sdk\cmdline-tools\22.0\bin\sdkmanager.bat assembleRelease
[+1215 ms] Initialized native services in: C:\Users\BH2VSQ\.gradle\native
[        ] Initialized jansi services in: C:\Users\BH2VSQ\.gradle\native
[ +123 ms] Welcome to Gradle 8.14!
[        ] Here are the highlights of this release:
[        ]  - Java 24 support
[        ]  - GraalVM Native Image toolchain selection
[        ]  - Enhancements to test reporting
[        ]  - Build Authoring improvements
[        ] For more details see https://docs.gradle.org/8.14/release-notes.html
[ +499 ms] The client will now receive all logging from the daemon (pid: 23296). The daemon log file: C:\Users\BH2VSQ\.gradle\daemon\8.14\daemon-23296.out.log
[        ] Starting 4th build in daemon [uptime: 46 mins 18.22 secs, performance: 97%, GC rate: 0.00/s, heap usage: 0% of 4 GiB, non-heap usage: 31% of 2 GiB]
[        ] Using 8 worker leases.
[        ] Now considering [C:\Users\BH2VSQ\Downloads\qsl_manager_mobile\android, D:\Flutter SDK\flutter\packages\flutter_tools\gradle] as hierarchies to watch
[        ] Watching the file system is configured to be enabled if available
[  +97 ms] File system watching is active
[        ] Starting Build
[        ] Now considering [D:\Flutter SDK\flutter\packages\flutter_tools\gradle, C:\Users\BH2VSQ\Downloads\qsl_manager_mobile\android] as hierarchies to watch
[ +401 ms] > Configure project :gradle
[        ] Evaluating project ':gradle' using build file 'D:\Flutter SDK\flutter\packages\flutter_tools\gradle\build.gradle.kts'.
[        ] Resolved plugin [id: 'org.gradle.java-gradle-plugin']
[        ] Resolved plugin [id: 'org.gradle.groovy']
[        ] Resolved plugin [id: 'org.gradle.kotlin.kotlin-dsl', version: '5.2.0']
[        ] Resolved plugin [id: 'org.jetbrains.kotlin.jvm', version: '2.2.20']
[        ] Build 9b5381cd-6a6c-4d12-97d4-39fc50934277 is started
[        ] Using Kotlin Gradle Plugin gradle813 variant
[        ] kotlin scripting plugin: created the scripting discovery configuration: kotlinScriptDef
[        ] kotlin scripting plugin: created the scripting discovery configuration: testKotlinScriptDef
[        ] WARNING: Unsupported Kotlin plugin version.
[        ] The `embedded-kotlin` and `kotlin-dsl` plugins rely on features of Kotlin `2.0.21` that might work differently than in the requested version `2.2.20`.
[        ] file or directory 'D:\Flutter SDK\flutter\packages\flutter_tools\gradle\src\main\java', not found
[        ] Resolved plugin [id: 'dev.flutter.flutter-plugin-loader', version: '1.0.0']
[        ] Resolved plugin [id: 'com.android.application', version: '8.12.1', apply: false]
[        ] Resolved plugin [id: 'org.jetbrains.kotlin.android', version: '2.2.20', apply: false]
[        ] Resolve mutations for :gradle:checkKotlinGradlePluginConfigurationErrors (Thread[#817,Execution worker,5,main]) started.
[        ] :gradle:checkKotlinGradlePluginConfigurationErrors (Thread[#817,Execution worker,5,main]) started.
[        ] > Task :gradle:checkKotlinGradlePluginConfigurationErrors SKIPPED
[        ] Skipping task ':gradle:checkKotlinGradlePluginConfigurationErrors' as task onlyIf 'errorDiagnostics are present' is false.
[        ] Resolve mutations for :gradle:compileKotlin (Thread[#817,Execution worker,5,main]) started.
[        ] :gradle:compileKotlin (Thread[#817,Execution worker,5,main]) started.
[ +195 ms] > Task :gradle:compileKotlin UP-TO-DATE
[        ] Caching disabled for task ':gradle:compileKotlin' because:
[        ]   Build cache is disabled
[        ] Skipping task ':gradle:compileKotlin' as it is up-to-date.
[        ] Resolve mutations for :gradle:compileJava (Thread[#817,Execution worker,5,main]) started.
[        ] :gradle:compileJava (Thread[#817,Execution worker,5,main]) started.
[        ] > Task :gradle:compileJava NO-SOURCE
[        ] Skipping task ':gradle:compileJava' as it has no source files and no previous output files.
[        ] Resolve mutations for :gradle:compileGroovy (Thread[#817,Execution worker,5,main]) started.
[        ] :gradle:compileGroovy (Thread[#817,Execution worker,5,main]) started.
[        ] > Task :gradle:compileGroovy NO-SOURCE
[        ] Skipping task ':gradle:compileGroovy' as it has no source files and no previous output files.
[        ] Resolve mutations for :gradle:pluginDescriptors (Thread[#817,Execution worker,5,main]) started.
[        ] :gradle:pluginDescriptors (Thread[#817,Execution worker,5,main]) started.
[        ] > Task :gradle:pluginDescriptors UP-TO-DATE
[        ] Caching disabled for task ':gradle:pluginDescriptors' because:
[        ]   Build cache is disabled
[        ]   Not worth caching
[        ] Skipping task ':gradle:pluginDescriptors' as it is up-to-date.
[        ] Resolve mutations for :gradle:processResources (Thread[#817,Execution worker,5,main]) started.
[        ] :gradle:processResources (Thread[#817,Execution worker,5,main]) started.
[        ] > Task :gradle:processResources UP-TO-DATE
[        ] Caching disabled for task ':gradle:processResources' because:
[        ]   Build cache is disabled
[        ]   Not worth caching
[        ] Skipping task ':gradle:processResources' as it is up-to-date.
[        ] Resolve mutations for :gradle:classes (Thread[#817,Execution worker,5,main]) started.
[        ] :gradle:classes (Thread[#817,Execution worker,5,main]) started.
[        ] > Task :gradle:classes UP-TO-DATE
[        ] Skipping task ':gradle:classes' as it has no actions.
[        ] Resolve mutations for :gradle:jar (Thread[#817,Execution worker,5,main]) started.
[        ] :gradle:jar (Thread[#817,Execution worker,5,main]) started.
[  +95 ms] > Task :gradle:jar UP-TO-DATE
[        ] Caching disabled for task ':gradle:jar' because:
[        ]   Build cache is disabled
[        ]   Not worth caching
[        ] Skipping task ':gradle:jar' as it is up-to-date.
[ +399 ms] Settings evaluated using settings file 'C:\Users\BH2VSQ\Downloads\qsl_manager_mobile\android\settings.gradle.kts'.
[  +99 ms] Projects loaded. Root project using build file 'C:\Users\BH2VSQ\Downloads\qsl_manager_mobile\android\build.gradle.kts'.
[        ] Included projects: [root project 'android', project ':android_file_picker', project ':app', project ':jni', project ':jni_flutter', project ':mobile_scanner', project ':package_info_plus', project ':shared_preferences_android']
[ +299 ms] > Configure project :app
[        ] Evaluating project ':app' using build file 'C:\Users\BH2VSQ\Downloads\qsl_manager_mobile\android\app\build.gradle.kts'.
[        ] Resolved plugin [id: 'com.android.application']
[        ] Resolved plugin [id: 'org.jetbrains.kotlin.android']
[        ] Resolved plugin [id: 'dev.flutter.flutter-gradle-plugin']
[        ] Using default execution profile
[        ] Build f957e257-a250-44b2-9094-c14168fac337 is started
[        ] Using Kotlin Gradle Plugin gradle813 variant
[        ] Using Kotlin Gradle Plugin gradle813 variant
[        ] Using Kotlin Gradle Plugin gradle813 variant
[        ] Using Kotlin Gradle Plugin gradle813 variant
[        ] Using Kotlin Gradle Plugin gradle813 variant
[        ] Using Kotlin Gradle Plugin gradle813 variant
[   +1 ms] Warning: Flutter support for your project's Gradle version (8.14.0) will soon be dropped. Please upgrade your Gradle version to a version of at least 9.1.0 soon.
[   +1 ms] Alternatively, use the flag "--android-skip-build-dependency-validation" to bypass this check.
[        ] Potential fix: Your project's gradle version is typically defined in the gradle wrapper file. By default, this can be found at C:\Users\BH2VSQ\Downloads\qsl_manager_mobile\android/gradle/wrapper/gradle-wrapper.properties. 
[        ] For more information, see https://docs.gradle.org/current/userguide/gradle_wrapper.html.
[        ] Warning: Flutter support for your project's Android Gradle Plugin version (Android Gradle Plugin version 8.12.1) will soon be dropped. Please upgrade your Android Gradle Plugin version to a version of at least Android Gradle Plugin version 9.0.1 soon.
[        ] Alternatively, use the flag "--android-skip-build-dependency-validation" to bypass this check.
[        ] Potential fix: Your project's AGP version is typically defined in the plugins block of the `settings.gradle` file (C:\Users\BH2VSQ\Downloads\qsl_manager_mobile\android/settings.gradle), by a plugin with the id of com.android.application. 
[   +1 ms] > Configure project :
[        ] Evaluating root project 'android' using build file 'C:\Users\BH2VSQ\Downloads\qsl_manager_mobile\android\build.gradle.kts'.
[        ] If you don't see a plugins block, your project was likely created with an older template version. In this case it is most likely defined in the top-level build.gradle file (C:\Users\BH2VSQ\Downloads\qsl_manager_mobile\android/build.gradle) by the following line in the dependencies block of the buildscript: "classpath 'com.android.tools.build:gradle:<version>'".
[        ] Warning: Flutter support for your project's Kotlin version (2.2.20) will soon be dropped. Please upgrade your Kotlin version to a version of at least 2.3.20 soon.
[        ] Alternatively, use the flag "--android-skip-build-dependency-validation" to bypass this check.
[        ] Potential fix: Your project's KGP version is typically defined in the plugins block of the `settings.gradle` file (C:\Users\BH2VSQ\Downloads\qsl_manager_mobile\android/settings.gradle), by a plugin with the id of org.jetbrains.kotlin.android. 
[        ] If you don't see a plugins block, your project was likely created with an older template version, in which case it is most likely defined in the top-level build.gradle file (C:\Users\BH2VSQ\Downloads\qsl_manager_mobile\android/build.gradle) by the ext.kotlin_version property.
[ +390 ms] > Configure project :android_file_picker
[        ] Evaluating project ':android_file_picker' using build file 'C:\Users\BH2VSQ\AppData\Local\Pub\Cache\hosted\pub.dev\android_file_picker-2.0.0\android\build.gradle.kts'.
[        ] Using default execution profile
[        ] Using Kotlin Gradle Plugin gradle813 variant
[ +299 ms] > Configure project :jni
[        ] Evaluating project ':jni' using build file 'C:\Users\BH2VSQ\AppData\Local\Pub\Cache\hosted\pub.dev\jni-1.1.0\android\build.gradle'.
[        ] Using default execution profile
[        ] C/C++: android.ndkVersion from module build.gradle is [28.2.13676358]
[        ] C/C++: android.ndkPath from module build.gradle is not set
[        ] C/C++: ndk.dir in local.properties is not set
[        ] C/C++: Not considering ANDROID_NDK_HOME because support was removed after deprecation period.
[        ] C/C++: sdkFolder is C:\Users\BH2VSQ\AppData\Local\Android\sdk
[        ] C/C++: android.ndkVersion from module build.gradle is [28.2.13676358]
[        ] C/C++: android.ndkPath from module build.gradle is not set
[        ] C/C++: ndk.dir in local.properties is not set
[        ] C/C++: Not considering ANDROID_NDK_HOME because support was removed after deprecation period.
[        ] C/C++: sdkFolder is C:\Users\BH2VSQ\AppData\Local\Android\sdk
[        ] C/C++: android.ndkVersion from module build.gradle is [28.2.13676358]
[        ] C/C++: android.ndkPath from module build.gradle is not set
[        ] C/C++: ndk.dir in local.properties is not set
[        ] C/C++: Not considering ANDROID_NDK_HOME because support was removed after deprecation period.
[        ] C/C++: sdkFolder is C:\Users\BH2VSQ\AppData\Local\Android\sdk
[        ] C/C++: android.ndkVersion from module build.gradle is [28.2.13676358]
[        ] C/C++: android.ndkPath from module build.gradle is not set
[        ] C/C++: ndk.dir in local.properties is not set
[        ] C/C++: Not considering ANDROID_NDK_HOME because support was removed after deprecation period.
[        ] C/C++: sdkFolder is C:\Users\BH2VSQ\AppData\Local\Android\sdk
[        ] C/C++: android.ndkVersion from module build.gradle is [28.2.13676358]
[        ] C/C++: android.ndkPath from module build.gradle is not set
[        ] C/C++: ndk.dir in local.properties is not set
[        ] C/C++: Not considering ANDROID_NDK_HOME because support was removed after deprecation period.
[        ] C/C++: sdkFolder is C:\Users\BH2VSQ\AppData\Local\Android\sdk
[        ] C/C++: android.ndkVersion from module build.gradle is [28.2.13676358]
[        ] C/C++: android.ndkPath from module build.gradle is not set
[        ] C/C++: ndk.dir in local.properties is not set
[        ] C/C++: Not considering ANDROID_NDK_HOME because support was removed after deprecation period.
[        ] C/C++: sdkFolder is C:\Users\BH2VSQ\AppData\Local\Android\sdk
[        ] C/C++: android.ndkVersion from module build.gradle is [28.2.13676358]
[        ] C/C++: android.ndkPath from module build.gradle is not set
[        ] C/C++: ndk.dir in local.properties is not set
[        ] C/C++: Not considering ANDROID_NDK_HOME because support was removed after deprecation period.
[        ] C/C++: sdkFolder is C:\Users\BH2VSQ\AppData\Local\Android\sdk
[        ] C/C++: android.ndkVersion from module build.gradle is [28.2.13676358]
[        ] C/C++: android.ndkPath from module build.gradle is not set
[        ] C/C++: ndk.dir in local.properties is not set
[        ] C/C++: Not considering ANDROID_NDK_HOME because support was removed after deprecation period.
[        ] C/C++: sdkFolder is C:\Users\BH2VSQ\AppData\Local\Android\sdk
[        ] C/C++: android.ndkVersion from module build.gradle is [28.2.13676358]
[        ] C/C++: android.ndkPath from module build.gradle is not set
[        ] C/C++: ndk.dir in local.properties is not set
[        ] C/C++: Not considering ANDROID_NDK_HOME because support was removed after deprecation period.
[        ] C/C++: sdkFolder is C:\Users\BH2VSQ\AppData\Local\Android\sdk
[        ] C/C++: android.ndkVersion from module build.gradle is [28.2.13676358]
[        ] C/C++: android.ndkPath from module build.gradle is not set
[        ] C/C++: ndk.dir in local.properties is not set
[        ] C/C++: Not considering ANDROID_NDK_HOME because support was removed after deprecation period.
[        ] C/C++: sdkFolder is C:\Users\BH2VSQ\AppData\Local\Android\sdk
[        ] C/C++: android.ndkVersion from module build.gradle is [28.2.13676358]
[        ] C/C++: android.ndkPath from module build.gradle is not set
[        ] C/C++: ndk.dir in local.properties is not set
[        ] C/C++: Not considering ANDROID_NDK_HOME because support was removed after deprecation period.
[        ] C/C++: sdkFolder is C:\Users\BH2VSQ\AppData\Local\Android\sdk
[        ] C/C++: android.ndkVersion from module build.gradle is [28.2.13676358]
[        ] C/C++: android.ndkPath from module build.gradle is not set
[        ] C/C++: ndk.dir in local.properties is not set
[        ] C/C++: Not considering ANDROID_NDK_HOME because support was removed after deprecation period.
[        ] C/C++: sdkFolder is C:\Users\BH2VSQ\AppData\Local\Android\sdk
[        ] C/C++: android.ndkVersion from module build.gradle is [28.2.13676358]
[        ] C/C++: android.ndkPath from module build.gradle is not set
[        ] C/C++: ndk.dir in local.properties is not set
[        ] C/C++: Not considering ANDROID_NDK_HOME because support was removed after deprecation period.
[        ] C/C++: sdkFolder is C:\Users\BH2VSQ\AppData\Local\Android\sdk
[        ] C/C++: android.ndkVersion from module build.gradle is [28.2.13676358]
[        ] C/C++: android.ndkPath from module build.gradle is not set
[        ] C/C++: ndk.dir in local.properties is not set
[        ] C/C++: Not considering ANDROID_NDK_HOME because support was removed after deprecation period.
[        ] C/C++: sdkFolder is C:\Users\BH2VSQ\AppData\Local\Android\sdk
[        ] C/C++: android.ndkVersion from module build.gradle is [28.2.13676358]
[        ] C/C++: android.ndkPath from module build.gradle is not set
[        ] C/C++: ndk.dir in local.properties is not set
[        ] C/C++: Not considering ANDROID_NDK_HOME because support was removed after deprecation period.
[        ] C/C++: sdkFolder is C:\Users\BH2VSQ\AppData\Local\Android\sdk
[        ] C/C++: android.ndkVersion from module build.gradle is [28.2.13676358]
[        ] C/C++: android.ndkPath from module build.gradle is not set
[        ] C/C++: ndk.dir in local.properties is not set
[        ] C/C++: Not considering ANDROID_NDK_HOME because support was removed after deprecation period.
[        ] C/C++: sdkFolder is C:\Users\BH2VSQ\AppData\Local\Android\sdk
[        ] C/C++: android.ndkVersion from module build.gradle is [28.2.13676358]
[        ] C/C++: android.ndkPath from module build.gradle is not set
[        ] C/C++: ndk.dir in local.properties is not set
[        ] C/C++: Not considering ANDROID_NDK_HOME because support was removed after deprecation period.
[        ] C/C++: sdkFolder is C:\Users\BH2VSQ\AppData\Local\Android\sdk
[        ] C/C++: android.ndkVersion from module build.gradle is [28.2.13676358]
[        ] C/C++: android.ndkPath from module build.gradle is not set
[        ] C/C++: ndk.dir in local.properties is not set
[        ] C/C++: Not considering ANDROID_NDK_HOME because support was removed after deprecation period.
[        ] C/C++: sdkFolder is C:\Users\BH2VSQ\AppData\Local\Android\sdk
[        ] C/C++: android.ndkVersion from module build.gradle is [28.2.13676358]
[        ] C/C++: android.ndkPath from module build.gradle is not set
[        ] C/C++: ndk.dir in local.properties is not set
[        ] C/C++: Not considering ANDROID_NDK_HOME because support was removed after deprecation period.
[        ] C/C++: sdkFolder is C:\Users\BH2VSQ\AppData\Local\Android\sdk
[  +89 ms] > Configure project :jni_flutter
[        ] Evaluating project ':jni_flutter' using build file 'C:\Users\BH2VSQ\AppData\Local\Pub\Cache\hosted\pub.dev\jni_flutter-1.0.3\android\build.gradle'.
[        ] Using default execution profile
[ +199 ms] > Configure project :mobile_scanner
[        ] Evaluating project ':mobile_scanner' using build file 'C:\Users\BH2VSQ\AppData\Local\Pub\Cache\hosted\pub.dev\mobile_scanner-7.4.2\android\build.gradle.kts'.
[        ] Resolved plugin [id: 'com.android.library']
[        ] Using default execution profile
[  +99 ms] > Configure project :package_info_plus
[        ] Evaluating project ':package_info_plus' using build file 'C:\Users\BH2VSQ\AppData\Local\Pub\Cache\hosted\pub.dev\package_info_plus-10.2.2\android\build.gradle.kts'.
[        ] Resolved plugin [id: 'com.android.library']
[        ] Using default execution profile
[ +299 ms] > Configure project :shared_preferences_android
[        ] Evaluating project ':shared_preferences_android' using build file 'C:\Users\BH2VSQ\AppData\Local\Pub\Cache\hosted\pub.dev\shared_preferences_android-2.4.28\android\build.gradle.kts'.
[        ] Resolved plugin [id: 'com.android.library']
[        ] Using default execution profile
[        ] All projects evaluated.
[        ] Task name matched 'assembleRelease'
[        ] Selected primary task 'assembleRelease' from project :
[ +297 ms] Adding -Xuse-inline-scopes-numbers Kotlin compiler flag for task :app:compileDebugAndroidTestKotlin
[        ] Adding -Xuse-inline-scopes-numbers Kotlin compiler flag for task :app:compileDebugKotlin
[        ] Adding -Xuse-inline-scopes-numbers Kotlin compiler flag for task :app:compileProfileKotlin
[ +203 ms] Tasks to be executed: [task ':android_file_picker:preBuild', task ':android_file_picker:preReleaseBuild', task ':android_file_picker:mergeReleaseJniLibFolders', task ':android_file_picker:mergeReleaseNativeLibs', task ':android_file_picker:stripReleaseDebugSymbols', task ':android_file_picker:copyReleaseJniLibsProjectAndLocalJars', task ':android_file_picker:generateReleaseResValues', task ':android_file_picker:extractDeepLinksForAarRelease', task ':android_file_picker:checkKotlinGradlePluginConfigurationErrors', task ':android_file_picker:generateReleaseResources', task ':android_file_picker:packageReleaseResources', task ':android_file_picker:parseReleaseLocalResources', task ':android_file_picker:generateReleaseRFile', task ':android_file_picker:compileReleaseKotlin', task ':android_file_picker:extractReleaseAnnotations', task ':android_file_picker:mergeReleaseShaders', task ':android_file_picker:compileReleaseShaders', task ':android_file_picker:generateReleaseAssets', task ':android_file_picker:mergeReleaseAssets', task ':android_file_picker:javaPreCompileRelease', task ':android_file_picker:compileReleaseJavaWithJavac', task ':android_file_picker:mergeReleaseGeneratedProguardFiles', task ':android_file_picker:mergeReleaseConsumerProguardFiles', task ':android_file_picker:prepareLintJarForPublish', task ':android_file_picker:prepareReleaseArtProfile', task ':android_file_picker:processReleaseManifest', task ':android_file_picker:processReleaseJavaRes', task ':android_file_picker:mergeReleaseJavaResource', task ':android_file_picker:syncReleaseLibJars', task ':android_file_picker:writeReleaseAarMetadata', task ':android_file_picker:bundleReleaseAar', task ':android_file_picker:mapReleaseSourceSetPaths', task ':android_file_picker:mergeReleaseResources', task ':android_file_picker:verifyReleaseResources', task ':android_file_picker:assembleRelease', task ':app:ReleaseMinSdkCheck', task ':android_file_picker:copyReleaseJniLibsProjectOnly', task ':app:compileFlutterBuildRelease', task ':app:copyJniLibsflutterBuildRelease', task ':app:validateCompileSdkVersion', task ':app:preBuild', task ':app:preReleaseBuild', task ':app:mergeReleaseJniLibFolders', task ':jni:preBuild', task ':jni:preReleaseBuild', task ':jni:configureCMakeRelWithDebInfo[arm64-v8a]', task ':jni:buildCMakeRelWithDebInfo[arm64-v8a]', task ':jni:configureCMakeRelWithDebInfo[armeabi-v7a]', task ':jni:buildCMakeRelWithDebInfo[armeabi-v7a]', task ':jni:configureCMakeRelWithDebInfo[x86]', task ':jni:buildCMakeRelWithDebInfo[x86]', task ':jni:configureCMakeRelWithDebInfo[x86_64]', task ':jni:buildCMakeRelWithDebInfo[x86_64]', task ':jni:mergeReleaseJniLibFolders', task ':jni:mergeReleaseNativeLibs', task ':jni:copyReleaseJniLibsProjectOnly', task ':jni_flutter:preBuild', task ':jni_flutter:preReleaseBuild', task ':jni_flutter:mergeReleaseJniLibFolders', task ':jni_flutter:mergeReleaseNativeLibs', task ':jni_flutter:copyReleaseJniLibsProjectOnly', task ':mobile_scanner:preBuild', task ':mobile_scanner:preReleaseBuild', task ':mobile_scanner:mergeReleaseJniLibFolders', task ':mobile_scanner:mergeReleaseNativeLibs', task ':mobile_scanner:copyReleaseJniLibsProjectOnly', task ':package_info_plus:preBuild', task ':package_info_plus:preReleaseBuild', task ':package_info_plus:mergeReleaseJniLibFolders', task ':package_info_plus:mergeReleaseNativeLibs', task ':package_info_plus:copyReleaseJniLibsProjectOnly', task ':shared_preferences_android:preBuild', task ':shared_preferences_android:preReleaseBuild', task ':shared_preferences_android:mergeReleaseJniLibFolders', task ':shared_preferences_android:mergeReleaseNativeLibs', task ':shared_preferences_android:copyReleaseJniLibsProjectOnly', task ':app:mergeReleaseNativeLibs', task ':app:stripReleaseDebugSymbols', task ':app:extractReleaseNativeSymbolTables', task ':app:mergeReleaseNativeDebugMetadata', task ':android_file_picker:exportReleaseConsumerProguardFiles', task ':jni:checkKotlinGradlePluginConfigurationErrors', task ':jni:generateReleaseResValues', task ':jni:generateReleaseResources', task ':jni:packageReleaseResources', task ':jni:parseReleaseLocalResources', task ':jni:generateReleaseRFile', task ':jni:compileReleaseKotlin', task ':jni:javaPreCompileRelease', task ':jni:compileReleaseJavaWithJavac', task ':jni:bundleLibCompileToJarRelease', task ':jni_flutter:checkKotlinGradlePluginConfigurationErrors', task ':jni_flutter:generateReleaseResValues', task ':jni_flutter:generateReleaseResources', task ':jni_flutter:packageReleaseResources', task ':jni_flutter:parseReleaseLocalResources', task ':jni_flutter:generateReleaseRFile', task ':jni_flutter:compileReleaseKotlin', task ':jni_flutter:javaPreCompileRelease', task ':jni_flutter:compileReleaseJavaWithJavac', task ':jni_flutter:mergeReleaseGeneratedProguardFiles', task ':jni_flutter:exportReleaseConsumerProguardFiles', task ':jni:mergeReleaseGeneratedProguardFiles', task ':jni:exportReleaseConsumerProguardFiles', task ':mobile_scanner:checkKotlinGradlePluginConfigurationErrors', task ':mobile_scanner:generateReleaseResValues', task ':mobile_scanner:generateReleaseResources', task ':mobile_scanner:packageReleaseResources', task ':mobile_scanner:parseReleaseLocalResources', task ':mobile_scanner:generateReleaseRFile', task ':mobile_scanner:compileReleaseKotlin', task ':mobile_scanner:javaPreCompileRelease', task ':mobile_scanner:compileReleaseJavaWithJavac', task ':mobile_scanner:mergeReleaseGeneratedProguardFiles', task ':mobile_scanner:exportReleaseConsumerProguardFiles', task ':package_info_plus:checkKotlinGradlePluginConfigurationErrors', task ':package_info_plus:generateReleaseResValues', task ':package_info_plus:generateReleaseResources', task ':package_info_plus:packageReleaseResources', task ':package_info_plus:parseReleaseLocalResources', task ':package_info_plus:generateReleaseRFile', task ':package_info_plus:compileReleaseKotlin', task ':package_info_plus:javaPreCompileRelease', task ':package_info_plus:compileReleaseJavaWithJavac', task ':package_info_plus:mergeReleaseGeneratedProguardFiles', task ':package_info_plus:exportReleaseConsumerProguardFiles', task ':shared_preferences_android:checkKotlinGradlePluginConfigurationErrors', task ':shared_preferences_android:generateReleaseResValues', task ':shared_preferences_android:generateReleaseResources', task ':shared_preferences_android:packageReleaseResources', task ':shared_preferences_android:parseReleaseLocalResources', task ':shared_preferences_android:generateReleaseRFile', task ':shared_preferences_android:compileReleaseKotlin', task ':shared_preferences_android:javaPreCompileRelease', task ':shared_preferences_android:compileReleaseJavaWithJavac', task ':shared_preferences_android:mergeReleaseGeneratedProguardFiles', task ':shared_preferences_android:exportReleaseConsumerProguardFiles', task ':android_file_picker:bundleLibCompileToJarRelease', task ':android_file_picker:bundleLibRuntimeToJarRelease', task ':app:buildKotlinToolingMetadata', task ':app:checkReleaseDuplicateClasses', task ':app:checkKotlinGradlePluginConfigurationErrors', task ':jni:writeReleaseAarMetadata', task ':jni_flutter:writeReleaseAarMetadata', task ':mobile_scanner:writeReleaseAarMetadata', task ':package_info_plus:writeReleaseAarMetadata', task ':shared_preferences_android:writeReleaseAarMetadata', task ':app:checkReleaseAarMetadata', task ':app:cleanMergeReleaseAssets', task ':app:mergeReleaseShaders', task ':app:compileReleaseShaders', task ':app:generateReleaseAssets', task ':jni:mergeReleaseShaders', task ':jni:compileReleaseShaders', task ':jni:generateReleaseAssets', task ':jni:mergeReleaseAssets', task ':jni_flutter:mergeReleaseShaders', task ':jni_flutter:compileReleaseShaders', task ':jni_flutter:generateReleaseAssets', task ':jni_flutter:mergeReleaseAssets', task ':mobile_scanner:mergeReleaseShaders', task ':mobile_scanner:compileReleaseShaders', task ':mobile_scanner:generateReleaseAssets', task ':mobile_scanner:mergeReleaseAssets', task ':package_info_plus:mergeReleaseShaders', task ':package_info_plus:compileReleaseShaders', task ':package_info_plus:generateReleaseAssets', task ':package_info_plus:mergeReleaseAssets', task ':shared_preferences_android:mergeReleaseShaders', task ':shared_preferences_android:compileReleaseShaders', task ':shared_preferences_android:generateReleaseAssets', task ':shared_preferences_android:mergeReleaseAssets', task ':app:mergeReleaseAssets', task ':app:copyFlutterAssetsRelease', task ':app:generateReleaseResValues', task ':app:mapReleaseSourceSetPaths', task ':app:generateReleaseResources', task ':app:mergeReleaseResources', task ':app:packageReleaseResources', task ':app:parseReleaseLocalResources', task ':app:createReleaseCompatibleScreenManifests', task ':android_file_picker:extractDeepLinksRelease', task ':app:extractDeepLinksRelease', task ':jni:extractDeepLinksRelease', task ':jni:processReleaseManifest', task ':jni_flutter:extractDeepLinksRelease', task ':jni_flutter:processReleaseManifest', task ':mobile_scanner:extractDeepLinksRelease', task ':mobile_scanner:processReleaseManifest', task ':package_info_plus:extractDeepLinksRelease', task ':package_info_plus:processReleaseManifest', task ':shared_preferences_android:extractDeepLinksRelease', task ':shared_preferences_android:processReleaseManifest', task ':app:processReleaseMainManifest', task ':app:outputReleaseAppLinkSettings', task ':app:processReleaseManifest', task ':app:processReleaseManifestForPackage', task ':app:processReleaseResources', task ':jni_flutter:bundleLibCompileToJarRelease', task ':mobile_scanner:bundleLibCompileToJarRelease', task ':package_info_plus:bundleLibCompileToJarRelease', task ':shared_preferences_android:bundleLibCompileToJarRelease', task ':app:compileReleaseKotlin', task ':app:javaPreCompileRelease', task ':app:compileReleaseJavaWithJavac', task ':jni:prepareReleaseArtProfile', task ':jni_flutter:prepareReleaseArtProfile', task ':mobile_scanner:prepareReleaseArtProfile', task ':package_info_plus:prepareReleaseArtProfile', task ':shared_preferences_android:prepareReleaseArtProfile', task ':app:mergeReleaseArtProfile', task ':jni:bundleLibRuntimeToJarRelease', task ':jni_flutter:bundleLibRuntimeToJarRelease', task ':mobile_scanner:bundleLibRuntimeToJarRelease', task ':package_info_plus:bundleLibRuntimeToJarRelease', task ':shared_preferences_android:bundleLibRuntimeToJarRelease', task ':app:expandReleaseArtProfileWildcards', task ':app:extractProguardFiles', task ':app:mergeReleaseGeneratedProguardFiles', task ':app:processReleaseJavaRes', task ':jni:processReleaseJavaRes', task ':jni_flutter:processReleaseJavaRes', task ':mobile_scanner:processReleaseJavaRes', task ':package_info_plus:processReleaseJavaRes', task ':shared_preferences_android:processReleaseJavaRes', task ':app:mergeReleaseJavaResource', task ':app:mergeReleaseStartupProfile', task ':app:minifyReleaseWithR8', task ':app:compileReleaseArtProfile', task ':app:compressReleaseAssets', task ':app:extractReleaseVersionControlInfo', task ':android_file_picker:extractProguardFiles', task ':android_file_picker:generateReleaseLintVitalModel', task ':android_file_picker:lintVitalAnalyzeRelease', task ':android_file_picker:createFullJarRelease', task ':android_file_picker:generateReleaseLintModel', task ':jni:createFullJarRelease', task ':jni:extractProguardFiles', task ':jni:generateReleaseLintModel', task ':jni:prepareLintJarForPublish', task ':jni_flutter:createFullJarRelease', task ':jni_flutter:extractProguardFiles', task ':jni_flutter:generateReleaseLintModel', task ':jni_flutter:prepareLintJarForPublish', task ':mobile_scanner:createFullJarRelease', task ':mobile_scanner:extractProguardFiles', task ':mobile_scanner:generateReleaseLintModel', task ':mobile_scanner:prepareLintJarForPublish', task ':package_info_plus:createFullJarRelease', task ':package_info_plus:extractProguardFiles', task ':package_info_plus:generateReleaseLintModel', task ':package_info_plus:prepareLintJarForPublish', task ':shared_preferences_android:createFullJarRelease', task ':shared_preferences_android:extractProguardFiles', task ':shared_preferences_android:generateReleaseLintModel', task ':shared_preferences_android:prepareLintJarForPublish', task ':app:generateReleaseLintVitalReportModel', task ':android_file_picker:bundleReleaseLocalLintAar', task ':jni_flutter:stripReleaseDebugSymbols', task ':jni_flutter:copyReleaseJniLibsProjectAndLocalJars', task ':jni_flutter:extractDeepLinksForAarRelease', task ':jni_flutter:extractReleaseAnnotations', task ':jni_flutter:mergeReleaseConsumerProguardFiles', task ':jni_flutter:mergeReleaseJavaResource', task ':jni_flutter:syncReleaseLibJars', task ':jni_flutter:bundleReleaseLocalLintAar', task ':jni:stripReleaseDebugSymbols', task ':jni:copyReleaseJniLibsProjectAndLocalJars', task ':jni:extractDeepLinksForAarRelease', task ':jni:extractReleaseAnnotations', task ':jni:mergeReleaseConsumerProguardFiles', task ':jni:mergeReleaseJavaResource', task ':jni:syncReleaseLibJars', task ':jni:bundleReleaseLocalLintAar', task ':mobile_scanner:stripReleaseDebugSymbols', task ':mobile_scanner:copyReleaseJniLibsProjectAndLocalJars', task ':mobile_scanner:extractDeepLinksForAarRelease', task ':mobile_scanner:extractReleaseAnnotations', task ':mobile_scanner:mergeReleaseConsumerProguardFiles', task ':mobile_scanner:mergeReleaseJavaResource', task ':mobile_scanner:syncReleaseLibJars', task ':mobile_scanner:bundleReleaseLocalLintAar', task ':package_info_plus:stripReleaseDebugSymbols', task ':package_info_plus:copyReleaseJniLibsProjectAndLocalJars', task ':package_info_plus:extractDeepLinksForAarRelease', task ':package_info_plus:extractReleaseAnnotations', task ':package_info_plus:mergeReleaseConsumerProguardFiles', task ':package_info_plus:mergeReleaseJavaResource', task ':package_info_plus:syncReleaseLibJars', task ':package_info_plus:bundleReleaseLocalLintAar', task ':shared_preferences_android:stripReleaseDebugSymbols', task ':shared_preferences_android:copyReleaseJniLibsProjectAndLocalJars', task ':shared_preferences_android:extractDeepLinksForAarRelease', task ':shared_preferences_android:extractReleaseAnnotations', task ':shared_preferences_android:mergeReleaseConsumerProguardFiles', task ':shared_preferences_android:mergeReleaseJavaResource', task ':shared_preferences_android:syncReleaseLibJars', task ':shared_preferences_android:bundleReleaseLocalLintAar', task ':android_file_picker:writeReleaseLintModelMetadata', task ':jni:lintVitalAnalyzeRelease', task ':jni:writeReleaseLintModelMetadata', task ':jni_flutter:lintVitalAnalyzeRelease', task ':jni_flutter:writeReleaseLintModelMetadata', task ':mobile_scanner:lintVitalAnalyzeRelease', task ':mobile_scanner:writeReleaseLintModelMetadata', task ':package_info_plus:lintVitalAnalyzeRelease', task ':package_info_plus:writeReleaseLintModelMetadata', task ':shared_preferences_android:lintVitalAnalyzeRelease', task ':shared_preferences_android:writeReleaseLintModelMetadata', task ':app:lintVitalAnalyzeRelease', task ':jni:generateReleaseLintVitalModel', task ':jni_flutter:generateReleaseLintVitalModel', task ':mobile_scanner:generateReleaseLintVitalModel', task ':package_info_plus:generateReleaseLintVitalModel', task ':shared_preferences_android:generateReleaseLintVitalModel', task ':app:lintVitalReportRelease', task ':app:lintVitalRelease', task ':app:convertShrunkResourcesToBinaryRelease', task ':app:optimizeReleaseResources', task ':app:collectReleaseDependencies', task ':app:sdkReleaseDependencyData', task ':app:validateSigningRelease', task ':app:writeReleaseAppMetadata', task ':app:writeReleaseSigningConfigVersions', task ':app:packageRelease', task ':app:createReleaseApkListingFileRedirect', task ':app:assembleRelease', task ':jni:bundleReleaseAar', task ':jni:mapReleaseSourceSetPaths', task ':jni:mergeReleaseResources', task ':jni:verifyReleaseResources', task ':jni:assembleRelease', task ':jni_flutter:bundleReleaseAar', task ':jni:compileReleaseLibraryResources', task ':jni_flutter:mapReleaseSourceSetPaths', task ':jni_flutter:mergeReleaseResources', task ':jni_flutter:verifyReleaseResources', task ':jni_flutter:assembleRelease', task ':mobile_scanner:bundleReleaseAar', task ':mobile_scanner:mapReleaseSourceSetPaths', task ':mobile_scanner:mergeReleaseResources', task ':mobile_scanner:verifyReleaseResources', task ':mobile_scanner:assembleRelease', task ':package_info_plus:bundleReleaseAar', task ':package_info_plus:mapReleaseSourceSetPaths', task ':package_info_plus:mergeReleaseResources', task ':package_info_plus:verifyReleaseResources', task ':package_info_plus:assembleRelease', task ':shared_preferences_android:bundleReleaseAar', task ':shared_preferences_android:mapReleaseSourceSetPaths', task ':shared_preferences_android:mergeReleaseResources', task ':shared_preferences_android:verifyReleaseResources', task ':shared_preferences_android:assembleRelease']
[   +1 ms] Tasks that were excluded: []
[        ] work action Parameters of FilterShrinkerRulesTransform (Thread[#822,Execution worker Thread 6,5,main]) started.
[        ] work action Parameters of ExtractAarTransform (Thread[#822,Execution worker Thread 6,5,main]) started.
[        ] work action Parameters of ExtractAarTransform (Thread[#822,Execution worker Thread 6,5,main]) started.
[        ] Resolve mutations for :android_file_picker:preBuild (Thread[#822,Execution worker Thread 6,5,main]) started.
[        ] :android_file_picker:preBuild (Thread[#822,Execution worker Thread 6,5,main]) started.
[        ] > Task :android_file_picker:preBuild UP-TO-DATE
[        ] Skipping task ':android_file_picker:preBuild' as it has no actions.
[        ] Resolve mutations for :android_file_picker:preReleaseBuild (Thread[#822,Execution worker Thread 6,5,main]) started.
[        ] :android_file_picker:preReleaseBuild (Thread[#822,Execution worker Thread 6,5,main]) started.
[        ] > Task :android_file_picker:preReleaseBuild UP-TO-DATE
[        ] Skipping task ':android_file_picker:preReleaseBuild' as it has no actions.
[        ] Resolve mutations for :android_file_picker:mergeReleaseJniLibFolders (Thread[#822,Execution worker Thread 6,5,main]) started.
[        ] :android_file_picker:mergeReleaseJniLibFolders (Thread[#822,Execution worker Thread 6,5,main]) started.
[        ] > Task :android_file_picker:mergeReleaseJniLibFolders UP-TO-DATE
[        ] Caching disabled for task ':android_file_picker:mergeReleaseJniLibFolders' because:
[        ]   Build cache is disabled
[        ]   Simple merging task
[        ] Skipping task ':android_file_picker:mergeReleaseJniLibFolders' as it is up-to-date.
[        ] Resolve mutations for :android_file_picker:mergeReleaseNativeLibs (Thread[#822,Execution worker Thread 6,5,main]) started.
[        ] :android_file_picker:mergeReleaseNativeLibs (Thread[#822,Execution worker Thread 6,5,main]) started.
[        ] > Task :android_file_picker:mergeReleaseNativeLibs NO-SOURCE
[        ] Skipping task ':android_file_picker:mergeReleaseNativeLibs' as it has no source files and no previous output files.
[        ] Resolve mutations for :android_file_picker:stripReleaseDebugSymbols (Thread[#822,Execution worker Thread 6,5,main]) started.
[        ] :android_file_picker:stripReleaseDebugSymbols (Thread[#822,Execution worker Thread 6,5,main]) started.
[        ] > Task :android_file_picker:stripReleaseDebugSymbols NO-SOURCE
[        ] Skipping task ':android_file_picker:stripReleaseDebugSymbols' as it has no source files and no previous output files.
[        ] Resolve mutations for :android_file_picker:copyReleaseJniLibsProjectAndLocalJars (Thread[#822,Execution worker Thread 6,5,main]) started.
[        ] :android_file_picker:copyReleaseJniLibsProjectAndLocalJars (Thread[#822,Execution worker Thread 6,5,main]) started.
[        ] > Task :android_file_picker:copyReleaseJniLibsProjectAndLocalJars UP-TO-DATE
[        ] Caching disabled for task ':android_file_picker:copyReleaseJniLibsProjectAndLocalJars' because:
[        ]   Build cache is disabled
[        ]   Caching has been disabled for the task
[        ] Skipping task ':android_file_picker:copyReleaseJniLibsProjectAndLocalJars' as it is up-to-date.
[        ] Resolve mutations for :android_file_picker:generateReleaseResValues (Thread[#822,Execution worker Thread 6,5,main]) started.
[        ] :android_file_picker:generateReleaseResValues (Thread[#822,Execution worker Thread 6,5,main]) started.
[        ] > Task :android_file_picker:generateReleaseResValues UP-TO-DATE
[        ] Caching disabled for task ':android_file_picker:generateReleaseResValues' because:
[        ]   Build cache is disabled
[        ] Skipping task ':android_file_picker:generateReleaseResValues' as it is up-to-date.
[        ] Resolve mutations for :android_file_picker:extractDeepLinksForAarRelease (Thread[#822,Execution worker Thread 6,5,main]) started.
[        ] :android_file_picker:extractDeepLinksForAarRelease (Thread[#822,Execution worker Thread 6,5,main]) started.
[        ] > Task :android_file_picker:extractDeepLinksForAarRelease UP-TO-DATE
[        ] Caching disabled for task ':android_file_picker:extractDeepLinksForAarRelease' because:
[        ]   Build cache is disabled
[        ] Skipping task ':android_file_picker:extractDeepLinksForAarRelease' as it is up-to-date.
[        ] Resolve mutations for :android_file_picker:checkKotlinGradlePluginConfigurationErrors (Thread[#822,Execution worker Thread 6,5,main]) started.
[        ] :android_file_picker:checkKotlinGradlePluginConfigurationErrors (Thread[#822,Execution worker Thread 6,5,main]) started.
[        ] > Task :android_file_picker:checkKotlinGradlePluginConfigurationErrors SKIPPED
[        ] Skipping task ':android_file_picker:checkKotlinGradlePluginConfigurationErrors' as task onlyIf 'errorDiagnostics are present' is false.
[        ] Resolve mutations for :android_file_picker:generateReleaseResources (Thread[#822,Execution worker Thread 6,5,main]) started.
[        ] :android_file_picker:generateReleaseResources (Thread[#822,Execution worker Thread 6,5,main]) started.
[        ] > Task :android_file_picker:generateReleaseResources UP-TO-DATE
[        ] Caching disabled for task ':android_file_picker:generateReleaseResources' because:
[        ]   Build cache is disabled
[        ] Skipping task ':android_file_picker:generateReleaseResources' as it is up-to-date.
[        ] Resolve mutations for :android_file_picker:packageReleaseResources (Thread[#822,Execution worker Thread 6,5,main]) started.
[        ] :android_file_picker:packageReleaseResources (Thread[#822,Execution worker Thread 6,5,main]) started.
[        ] > Task :android_file_picker:packageReleaseResources UP-TO-DATE
[        ] Caching disabled for task ':android_file_picker:packageReleaseResources' because:
[        ]   Build cache is disabled
[        ] Skipping task ':android_file_picker:packageReleaseResources' as it is up-to-date.
[        ] work action resolve packageReleaseResources (project :android_file_picker) (Thread[#822,Execution worker Thread 6,5,main]) started.
[        ] Resolve mutations for :android_file_picker:parseReleaseLocalResources (Thread[#817,Execution worker,5,main]) started.
[        ] :android_file_picker:parseReleaseLocalResources (Thread[#817,Execution worker,5,main]) started.
[        ] > Task :android_file_picker:parseReleaseLocalResources UP-TO-DATE
[        ] Caching disabled for task ':android_file_picker:parseReleaseLocalResources' because:
[        ]   Build cache is disabled
[        ] Skipping task ':android_file_picker:parseReleaseLocalResources' as it is up-to-date.
[        ] Resolve mutations for :android_file_picker:generateReleaseRFile (Thread[#817,Execution worker,5,main]) started.
[        ] :android_file_picker:generateReleaseRFile (Thread[#817,Execution worker,5,main]) started.
[        ] > Task :android_file_picker:generateReleaseRFile UP-TO-DATE
[        ] Caching disabled for task ':android_file_picker:generateReleaseRFile' because:
[        ]   Build cache is disabled
[        ] Skipping task ':android_file_picker:generateReleaseRFile' as it is up-to-date.
[        ] work action resolve package-aware-r.txt (project :android_file_picker) (Thread[#817,Execution worker,5,main]) started.
[        ] Resolve mutations for :android_file_picker:compileReleaseKotlin (Thread[#817,Execution worker,5,main]) started.
[        ] :android_file_picker:compileReleaseKotlin (Thread[#817,Execution worker,5,main]) started.
[ +185 ms] > Task :android_file_picker:compileReleaseKotlin UP-TO-DATE
[        ] Adding -Xuse-inline-scopes-numbers Kotlin compiler flag for task :android_file_picker:compileDebugAndroidTestKotlin
[        ] Caching disabled for task ':android_file_picker:compileReleaseKotlin' because:
[        ]   Build cache is disabled
[        ] Skipping task ':android_file_picker:compileReleaseKotlin' as it is up-to-date.
[        ] Resolve mutations for :android_file_picker:extractReleaseAnnotations (Thread[#817,Execution worker,5,main]) started.
[        ] :android_file_picker:extractReleaseAnnotations (Thread[#817,Execution worker,5,main]) started.
[  +99 ms] > Task :android_file_picker:extractReleaseAnnotations UP-TO-DATE
[        ] Caching disabled for task ':android_file_picker:extractReleaseAnnotations' because:
[        ]   Build cache is disabled
[        ] Skipping task ':android_file_picker:extractReleaseAnnotations' as it is up-to-date.
[        ] Resolve mutations for :android_file_picker:mergeReleaseShaders (Thread[#817,Execution worker,5,main]) started.
[        ] :android_file_picker:mergeReleaseShaders (Thread[#817,Execution worker,5,main]) started.
[        ] > Task :android_file_picker:mergeReleaseShaders UP-TO-DATE
[        ] Caching disabled for task ':android_file_picker:mergeReleaseShaders' because:
[        ]   Build cache is disabled
[        ]   Simple merging task
[        ] Skipping task ':android_file_picker:mergeReleaseShaders' as it is up-to-date.
[        ] Resolve mutations for :android_file_picker:compileReleaseShaders (Thread[#817,Execution worker,5,main]) started.
[        ] :android_file_picker:compileReleaseShaders (Thread[#817,Execution worker,5,main]) started.
[        ] > Task :android_file_picker:compileReleaseShaders NO-SOURCE
[        ] Skipping task ':android_file_picker:compileReleaseShaders' as it has no source files and no previous output files.
[        ] Resolve mutations for :android_file_picker:generateReleaseAssets (Thread[#817,Execution worker,5,main]) started.
[        ] :android_file_picker:generateReleaseAssets (Thread[#817,Execution worker,5,main]) started.
[        ] > Task :android_file_picker:generateReleaseAssets UP-TO-DATE
[        ] Skipping task ':android_file_picker:generateReleaseAssets' as it has no actions.
[        ] Resolve mutations for :android_file_picker:mergeReleaseAssets (Thread[#817,Execution worker,5,main]) started.
[        ] :android_file_picker:mergeReleaseAssets (Thread[#817,Execution worker,5,main]) started.
[        ] > Task :android_file_picker:mergeReleaseAssets UP-TO-DATE
[        ] Caching disabled for task ':android_file_picker:mergeReleaseAssets' because:
[        ]   Build cache is disabled
[        ]   Simple merging task
[        ] Skipping task ':android_file_picker:mergeReleaseAssets' as it is up-to-date.
[        ] work action resolve mergeReleaseAssets (project :android_file_picker) (Thread[#817,Execution worker,5,main]) started.
[        ] Resolve mutations for :android_file_picker:javaPreCompileRelease (Thread[#820,Execution worker Thread 4,5,main]) started.
[        ] :android_file_picker:javaPreCompileRelease (Thread[#820,Execution worker Thread 4,5,main]) started.
[        ] > Task :android_file_picker:javaPreCompileRelease UP-TO-DATE
[        ] Caching disabled for task ':android_file_picker:javaPreCompileRelease' because:
[        ]   Build cache is disabled
[        ] Skipping task ':android_file_picker:javaPreCompileRelease' as it is up-to-date.
[        ] Resolve mutations for :android_file_picker:compileReleaseJavaWithJavac (Thread[#820,Execution worker Thread 4,5,main]) started.
[        ] :android_file_picker:compileReleaseJavaWithJavac (Thread[#820,Execution worker Thread 4,5,main]) started.
[        ] > Task :android_file_picker:compileReleaseJavaWithJavac NO-SOURCE
[        ] Skipping task ':android_file_picker:compileReleaseJavaWithJavac' as it has no source files and no previous output files.
[        ] Resolve mutations for :android_file_picker:mergeReleaseGeneratedProguardFiles (Thread[#820,Execution worker Thread 4,5,main]) started.
[        ] :android_file_picker:mergeReleaseGeneratedProguardFiles (Thread[#820,Execution worker Thread 4,5,main]) started.
[        ] > Task :android_file_picker:mergeReleaseGeneratedProguardFiles UP-TO-DATE
[        ] Caching disabled for task ':android_file_picker:mergeReleaseGeneratedProguardFiles' because:
[        ]   Build cache is disabled
[        ]   Simple merging task
[        ] Skipping task ':android_file_picker:mergeReleaseGeneratedProguardFiles' as it is up-to-date.
[        ] Resolve mutations for :android_file_picker:mergeReleaseConsumerProguardFiles (Thread[#820,Execution worker Thread 4,5,main]) started.
[        ] :android_file_picker:mergeReleaseConsumerProguardFiles (Thread[#820,Execution worker Thread 4,5,main]) started.
[        ] > Task :android_file_picker:mergeReleaseConsumerProguardFiles UP-TO-DATE
[        ] Caching disabled for task ':android_file_picker:mergeReleaseConsumerProguardFiles' because:
[        ]   Build cache is disabled
[        ]   Simple merging task
[        ] Skipping task ':android_file_picker:mergeReleaseConsumerProguardFiles' as it is up-to-date.
[        ] Resolve mutations for :android_file_picker:prepareLintJarForPublish (Thread[#820,Execution worker Thread 4,5,main]) started.
[        ] :android_file_picker:prepareLintJarForPublish (Thread[#820,Execution worker Thread 4,5,main]) started.
[        ] > Task :android_file_picker:prepareLintJarForPublish UP-TO-DATE
[        ] Caching disabled for task ':android_file_picker:prepareLintJarForPublish' because:
[        ]   Build cache is disabled
[        ]   Caching has been disabled for the task
[        ] Skipping task ':android_file_picker:prepareLintJarForPublish' as it is up-to-date.
[        ] work action resolve lint.jar (project :android_file_picker) (Thread[#820,Execution worker Thread 4,5,main]) started.
[        ] work action resolve lint.jar (project :android_file_picker) (Thread[#822,Execution worker Thread 6,5,main]) started.
[        ] Resolve mutations for :android_file_picker:prepareReleaseArtProfile (Thread[#822,Execution worker Thread 6,5,main]) started.
[        ] :android_file_picker:prepareReleaseArtProfile (Thread[#822,Execution worker Thread 6,5,main]) started.
[        ] > Task :android_file_picker:prepareReleaseArtProfile UP-TO-DATE
[        ] Caching disabled for task ':android_file_picker:prepareReleaseArtProfile' because:
[        ]   Build cache is disabled
[        ]   Caching has been disabled for the task
[        ] Skipping task ':android_file_picker:prepareReleaseArtProfile' as it is up-to-date.
[        ] work action resolve baseline-prof.txt (project :android_file_picker) (Thread[#822,Execution worker Thread 6,5,main]) started.
[        ] Resolve mutations for :android_file_picker:processReleaseManifest (Thread[#822,Execution worker Thread 6,5,main]) started.
[        ] :android_file_picker:processReleaseManifest (Thread[#822,Execution worker Thread 6,5,main]) started.
[        ] > Task :android_file_picker:processReleaseManifest UP-TO-DATE
[        ] Caching disabled for task ':android_file_picker:processReleaseManifest' because:
[        ]   Build cache is disabled
[        ] Skipping task ':android_file_picker:processReleaseManifest' as it is up-to-date.
[        ] work action resolve AndroidManifest.xml (project :android_file_picker) (Thread[#822,Execution worker Thread 6,5,main]) started.
[        ] Resolve mutations for :android_file_picker:processReleaseJavaRes (Thread[#817,Execution worker,5,main]) started.
[        ] :android_file_picker:processReleaseJavaRes (Thread[#817,Execution worker,5,main]) started.
[        ] > Task :android_file_picker:processReleaseJavaRes UP-TO-DATE
[        ] file or directory 'C:\Users\BH2VSQ\AppData\Local\Pub\Cache\hosted\pub.dev\android_file_picker-2.0.0\android\src\main\resources', not found
[        ] file or directory 'C:\Users\BH2VSQ\AppData\Local\Pub\Cache\hosted\pub.dev\android_file_picker-2.0.0\android\src\release\resources', not found
[        ] file or directory 'C:\Users\BH2VSQ\AppData\Local\Pub\Cache\hosted\pub.dev\android_file_picker-2.0.0\android\src\main\resources', not found
[        ] file or directory 'C:\Users\BH2VSQ\AppData\Local\Pub\Cache\hosted\pub.dev\android_file_picker-2.0.0\android\src\release\resources', not found
[        ] Caching disabled for task ':android_file_picker:processReleaseJavaRes' because:
[        ]   Build cache is disabled
[        ]   Caching has been disabled for the task
[        ] Skipping task ':android_file_picker:processReleaseJavaRes' as it is up-to-date.
[        ] work action resolve out (project :android_file_picker) (Thread[#817,Execution worker,5,main]) started.
[        ] Resolve mutations for :android_file_picker:mergeReleaseJavaResource (Thread[#817,Execution worker,5,main]) started.
[        ] :android_file_picker:mergeReleaseJavaResource (Thread[#817,Execution worker,5,main]) started.
[        ] > Task :android_file_picker:mergeReleaseJavaResource UP-TO-DATE
[        ] Caching disabled for task ':android_file_picker:mergeReleaseJavaResource' because:
[        ]   Build cache is disabled
[        ]   Caching has been disabled for the task
[        ] Skipping task ':android_file_picker:mergeReleaseJavaResource' as it is up-to-date.
[        ] Resolve mutations for :android_file_picker:syncReleaseLibJars (Thread[#817,Execution worker,5,main]) started.
[        ] :android_file_picker:syncReleaseLibJars (Thread[#817,Execution worker,5,main]) started.
[        ] > Task :android_file_picker:syncReleaseLibJars UP-TO-DATE
[        ] Caching disabled for task ':android_file_picker:syncReleaseLibJars' because:
[        ]   Build cache is disabled
[        ] Skipping task ':android_file_picker:syncReleaseLibJars' as it is up-to-date.
[        ] Resolve mutations for :android_file_picker:writeReleaseAarMetadata (Thread[#817,Execution worker,5,main]) started.
[        ] :android_file_picker:writeReleaseAarMetadata (Thread[#817,Execution worker,5,main]) started.
[        ] > Task :android_file_picker:writeReleaseAarMetadata UP-TO-DATE
[        ] Caching disabled for task ':android_file_picker:writeReleaseAarMetadata' because:
[        ]   Build cache is disabled
[        ]   Caching has been disabled for the task
[        ] Skipping task ':android_file_picker:writeReleaseAarMetadata' as it is up-to-date.
[        ] work action resolve aar-metadata.properties (project :android_file_picker) (Thread[#817,Execution worker,5,main]) started.
[        ] Resolve mutations for :android_file_picker:bundleReleaseAar (Thread[#823,Execution worker Thread 7,5,main]) started.
[        ] :android_file_picker:bundleReleaseAar (Thread[#823,Execution worker Thread 7,5,main]) started.
[        ] > Task :android_file_picker:bundleReleaseAar UP-TO-DATE
[        ] Caching disabled for task ':android_file_picker:bundleReleaseAar' because:
[        ]   Build cache is disabled
[        ]   Caching has been disabled for the task
[        ] Skipping task ':android_file_picker:bundleReleaseAar' as it is up-to-date.
[        ] Resolve mutations for :android_file_picker:mapReleaseSourceSetPaths (Thread[#823,Execution worker Thread 7,5,main]) started.
[        ] :android_file_picker:mapReleaseSourceSetPaths (Thread[#823,Execution worker Thread 7,5,main]) started.
[        ] > Task :android_file_picker:mapReleaseSourceSetPaths UP-TO-DATE
[        ] Caching disabled for task ':android_file_picker:mapReleaseSourceSetPaths' because:
[        ]   Build cache is disabled
[        ]   Caching has been disabled for the task
[        ] Skipping task ':android_file_picker:mapReleaseSourceSetPaths' as it is up-to-date.
[        ] Resolve mutations for :android_file_picker:mergeReleaseResources (Thread[#823,Execution worker Thread 7,5,main]) started.
[        ] :android_file_picker:mergeReleaseResources (Thread[#823,Execution worker Thread 7,5,main]) started.
[  +87 ms] > Task :android_file_picker:mergeReleaseResources UP-TO-DATE
[        ] Caching disabled for task ':android_file_picker:mergeReleaseResources' because:
[        ]   Build cache is disabled
[        ] Skipping task ':android_file_picker:mergeReleaseResources' as it is up-to-date.
[        ] Resolve mutations for :android_file_picker:verifyReleaseResources (Thread[#823,Execution worker Thread 7,5,main]) started.
[        ] :android_file_picker:verifyReleaseResources (Thread[#823,Execution worker Thread 7,5,main]) started.
[        ] > Task :android_file_picker:verifyReleaseResources UP-TO-DATE
[        ] Caching disabled for task ':android_file_picker:verifyReleaseResources' because:
[        ]   Build cache is disabled
[        ] Skipping task ':android_file_picker:verifyReleaseResources' as it is up-to-date.
[        ] Resolve mutations for :android_file_picker:assembleRelease (Thread[#823,Execution worker Thread 7,5,main]) started.
[        ] :android_file_picker:assembleRelease (Thread[#823,Execution worker Thread 7,5,main]) started.
[        ] > Task :android_file_picker:assembleRelease UP-TO-DATE
[        ] Skipping task ':android_file_picker:assembleRelease' as it has no actions.
[        ] Resolve mutations for :app:ReleaseMinSdkCheck (Thread[#823,Execution worker Thread 7,5,main]) started.
[        ] :app:ReleaseMinSdkCheck (Thread[#823,Execution worker Thread 7,5,main]) started.
[        ] > Task :app:ReleaseMinSdkCheck
[        ] Caching disabled for task ':app:ReleaseMinSdkCheck' because:
[        ]   Build cache is disabled
[        ] Task ':app:ReleaseMinSdkCheck' is not up-to-date because:
[        ]   Task has not declared any outputs despite executing actions.
[        ] Resolve mutations for :android_file_picker:copyReleaseJniLibsProjectOnly (Thread[#823,Execution worker Thread 7,5,main]) started.
[        ] :android_file_picker:copyReleaseJniLibsProjectOnly (Thread[#823,Execution worker Thread 7,5,main]) started.
[        ] > Task :android_file_picker:copyReleaseJniLibsProjectOnly UP-TO-DATE
[        ] Caching disabled for task ':android_file_picker:copyReleaseJniLibsProjectOnly' because:
[        ]   Build cache is disabled
[        ]   Caching has been disabled for the task
[        ] Skipping task ':android_file_picker:copyReleaseJniLibsProjectOnly' as it is up-to-date.
[        ] work action resolve jni (project :android_file_picker) (Thread[#823,Execution worker Thread 7,5,main]) started.
[        ] Resolve mutations for :app:compileFlutterBuildRelease (Thread[#823,Execution worker Thread 7,5,main]) started.
[        ] :app:compileFlutterBuildRelease (Thread[#823,Execution worker Thread 7,5,main]) started.
[+1998 ms] > Task :app:compileFlutterBuildRelease
[        ] Caching disabled for task ':app:compileFlutterBuildRelease' because:
[        ]   Build cache is disabled
[        ]   Caching has not been enabled for the task
[        ] Task ':app:compileFlutterBuildRelease' is not up-to-date because:
[        ]   Value of input property 'verbose' has changed for task ':app:compileFlutterBuildRelease'
[        ] Starting process 'command 'D:\Flutter SDK\flutter\bin\flutter.bat''. Working directory: C:\Users\BH2VSQ\Downloads\qsl_manager_mobile Command: D:\Flutter SDK\flutter\bin\flutter.bat --verbose assemble --no-version-check --depfile C:\Users\BH2VSQ\Downloads\qsl_manager_mobile\build\app\intermediates\flutter\release/flutter_build.d --output C:\Users\BH2VSQ\Downloads\qsl_manager_mobile\build\app\intermediates\flutter\release -dTargetFile=lib\main.dart -dTargetPlatform=android -dBuildMode=release -dTrackWidgetCreation=true -dTreeShakeIcons=true --DartDefines=RkxVVFRFUl9CVUlMRF9OQU1FPTAuMi4xMg==,RkxVVFRFUl9CVUlMRF9OVU1CRVI9MjE=,RkxVVFRFUl9WRVJTSU9OPTMuNDcuNA==,RkxVVFRFUl9DSEFOTkVMPXN0YWJsZQ==,RkxVVFRFUl9HSVRfVVJMPWh0dHBzOi8vZ2l0aHViLmNvbS9mbHV0dGVyL2ZsdXR0ZXIuZ2l0,RkxVVFRFUl9GUkFNRVdPUktfUkVWSVNJT049OTU4NGM2NzEzYg==,RkxVVFRFUl9FTkdJTkVfUkVWSVNJT049MDZhMmUyYTExMA==,RkxVVFRFUl9EQVJUX1ZFUlNJT049My4xMy4z -dFlavor= -dAndroidArchs=android-arm android-arm64 android-x64 -dMinSdkVersion=24 android_aot_bundle_release_android-arm android_aot_bundle_release_android-arm64 android_aot_bundle_release_android-x64
[        ] Successfully started process 'command 'D:\Flutter SDK\flutter\bin\flutter.bat''
[ +697 ms] [ +170 ms] Artifact Instance of 'MaterialFonts' is not required, skipping update.
[        ] [        ] Artifact Instance of 'GradleWrapper' is not required, skipping update.
[        ] [        ] Artifact Instance of 'AndroidGenSnapshotArtifacts' is not required, skipping update.
[        ] [        ] Artifact Instance of 'AndroidInternalBuildArtifacts' is not required, skipping update.
[        ] [        ] Artifact Instance of 'IOSEngineArtifacts' is not required, skipping update.
[        ] [        ] Artifact Instance of 'FlutterWebSdk' is not required, skipping update.
[        ] [   +1 ms] Artifact Instance of 'LegacyCanvasKitRemover' is not required, skipping update.
[        ] [        ] Artifact Instance of 'FlutterSdk' is not required, skipping update.
[        ] [        ] Artifact Instance of 'WindowsEngineArtifacts' is not required, skipping update.
[        ] [        ] Artifact Instance of 'MacOSEngineArtifacts' is not required, skipping update.
[        ] [        ] Artifact Instance of 'LinuxEngineArtifacts' is not required, skipping update.
[        ] [        ] Artifact Instance of 'LinuxFuchsiaSDKArtifacts' is not required, skipping update.
[        ] [        ] Artifact Instance of 'MacOSFuchsiaSDKArtifacts' is not required, skipping update.
[        ] [        ] Artifact Instance of 'FlutterRunnerSDKArtifacts' is not required, skipping update.
[        ] [        ] Artifact Instance of 'FlutterRunnerDebugSymbols' is not required, skipping update.
[        ] [        ] Artifact Instance of 'IosUsbArtifacts' is not required, skipping update.
[        ] [        ] Artifact Instance of 'IosUsbArtifacts' is not required, skipping update.
[        ] [        ] Artifact Instance of 'IosUsbArtifacts' is not required, skipping update.
[        ] [        ] Artifact Instance of 'IosUsbArtifacts' is not required, skipping update.
[        ] [        ] Artifact Instance of 'IosUsbArtifacts' is not required, skipping update.
[        ] [        ] Artifact Instance of 'IosUsbArtifacts' is not required, skipping update.
[        ] [        ] Artifact Instance of 'FontSubsetArtifacts' is not required, skipping update.
[        ] [        ] Artifact Instance of 'PubDependencies' is not required, skipping update.
[        ] [  +10 ms] Artifact Instance of 'AndroidGenSnapshotArtifacts' is not required, skipping update.
[        ] [        ] Artifact Instance of 'AndroidInternalBuildArtifacts' is not required, skipping update.
[        ] [        ] Artifact Instance of 'IOSEngineArtifacts' is not required, skipping update.
[        ] [        ] Artifact Instance of 'FlutterWebSdk' is not required, skipping update.
[        ] [        ] Artifact Instance of 'FlutterEngineStamp' is not required, skipping update.
[        ] [        ] Artifact Instance of 'LegacyCanvasKitRemover' is not required, skipping update.
[        ] [   +3 ms] Artifact Instance of 'WindowsEngineArtifacts' is not required, skipping update.
[        ] [        ] Artifact Instance of 'MacOSEngineArtifacts' is not required, skipping update.
[        ] [        ] Artifact Instance of 'LinuxEngineArtifacts' is not required, skipping update.
[        ] [        ] Artifact Instance of 'LinuxFuchsiaSDKArtifacts' is not required, skipping update.
[        ] [        ] Artifact Instance of 'MacOSFuchsiaSDKArtifacts' is not required, skipping update.
[        ] [        ] Artifact Instance of 'FlutterRunnerSDKArtifacts' is not required, skipping update.
[        ] [        ] Artifact Instance of 'FlutterRunnerDebugSymbols' is not required, skipping update.
[  +96 ms] [  +63 ms] Artifact Instance of 'MaterialFonts' is not required, skipping update.
[        ] [        ] Artifact Instance of 'GradleWrapper' is not required, skipping update.
[        ] [   +3 ms] Artifact Instance of 'AndroidInternalBuildArtifacts' is not required, skipping update.
[        ] [        ] Artifact Instance of 'IOSEngineArtifacts' is not required, skipping update.
[        ] [        ] Artifact Instance of 'FlutterWebSdk' is not required, skipping update.
[        ] [        ] Artifact Instance of 'FlutterEngineStamp' is not required, skipping update.
[        ] [        ] Artifact Instance of 'LegacyCanvasKitRemover' is not required, skipping update.
[        ] [        ] Artifact Instance of 'FlutterSdk' is not required, skipping update.
[        ] [        ] Artifact Instance of 'WindowsEngineArtifacts' is not required, skipping update.
[        ] [        ] Artifact Instance of 'MacOSEngineArtifacts' is not required, skipping update.
[        ] [        ] Artifact Instance of 'LinuxEngineArtifacts' is not required, skipping update.
[        ] [        ] Artifact Instance of 'LinuxFuchsiaSDKArtifacts' is not required, skipping update.
[        ] [        ] Artifact Instance of 'MacOSFuchsiaSDKArtifacts' is not required, skipping update.
[        ] [        ] Artifact Instance of 'FlutterRunnerSDKArtifacts' is not required, skipping update.
[        ] [        ] Artifact Instance of 'FlutterRunnerDebugSymbols' is not required, skipping update.
[        ] [        ] Artifact Instance of 'IosUsbArtifacts' is not required, skipping update.
[        ] [        ] Artifact Instance of 'IosUsbArtifacts' is not required, skipping update.
[        ] [        ] Artifact Instance of 'IosUsbArtifacts' is not required, skipping update.
[        ] [        ] Artifact Instance of 'IosUsbArtifacts' is not required, skipping update.
[        ] [        ] Artifact Instance of 'IosUsbArtifacts' is not required, skipping update.
[        ] [        ] Artifact Instance of 'IosUsbArtifacts' is not required, skipping update.
[        ] [        ] Artifact Instance of 'FontSubsetArtifacts' is not required, skipping update.
[        ] [        ] Artifact Instance of 'PubDependencies' is not required, skipping update.
[        ] [  +54 ms] Initializing file store
[  +98 ms] [  +21 ms] Done initializing file store
[ +400 ms] [ +440 ms] Skipping target: gen_dart_plugin_registrant
[        ] [   +4 ms] Skipping target: build_hooks
[        ] [        ] Skipping target: gen_localizations
[+1099 ms] [+1124 ms] Skipping target: kernel_snapshot_program
[  +99 ms] [  +48 ms] Skipping target: android_aot_release_android-arm
[        ] [   +1 ms] Skipping target: link_hooks
[        ] [  +41 ms] Skipping target: android_aot_release_android-arm64
[  +99 ms] [  +45 ms] Skipping target: android_aot_release_android-x64
[        ] [   +1 ms] Skipping target: install_code_assets
[        ] [  +56 ms] Skipping target: aot_android_asset_bundle
[  +99 ms] [  +42 ms] Skipping target: android_aot_bundle_release_android-arm
[        ] [  +43 ms] Skipping target: android_aot_bundle_release_android-arm64
[  +99 ms] [  +46 ms] Skipping target: android_aot_bundle_release_android-x64
[        ] [        ] Skipping target: _composite
[        ] [        ] Persisting file store
[        ] [  +18 ms] Done persisting file store
[        ] [  +20 ms] build succeeded.
[        ] [  +16 ms] "flutter assemble" took 2,109ms.
[  +99 ms] [  +60 ms] Running 1 shutdown hook
[        ] [        ] Shutdown hooks complete
[ +199 ms] [ +252 ms] exiting with code 0
[ +101 ms] Resolve mutations for :app:copyJniLibsflutterBuildRelease (Thread[#823,Execution worker Thread 7,5,main]) started.
[        ] :app:copyJniLibsflutterBuildRelease (Thread[#823,Execution worker Thread 7,5,main]) started.
[        ] > Task :app:copyJniLibsflutterBuildRelease UP-TO-DATE
[        ] Caching disabled for task ':app:copyJniLibsflutterBuildRelease' because:
[        ]   Build cache is disabled
[        ]   Caching has not been enabled for the task
[        ] Skipping task ':app:copyJniLibsflutterBuildRelease' as it is up-to-date.
[        ] Resolve mutations for :app:validateCompileSdkVersion (Thread[#823,Execution worker Thread 7,5,main]) started.
[        ] :app:validateCompileSdkVersion (Thread[#823,Execution worker Thread 7,5,main]) started.
[        ] > Task :app:validateCompileSdkVersion
[        ] Caching disabled for task ':app:validateCompileSdkVersion' because:
[        ]   Build cache is disabled
[        ] Task ':app:validateCompileSdkVersion' is not up-to-date because:
[        ]   Task has not declared any outputs despite executing actions.
[        ] Resolve mutations for :app:preBuild (Thread[#823,Execution worker Thread 7,5,main]) started.
[        ] :app:preBuild (Thread[#823,Execution worker Thread 7,5,main]) started.
[        ] > Task :app:preBuild
[        ] Skipping task ':app:preBuild' as it has no actions.
[        ] Resolve mutations for :app:preReleaseBuild (Thread[#823,Execution worker Thread 7,5,main]) started.
[        ] :app:preReleaseBuild (Thread[#823,Execution worker Thread 7,5,main]) started.
[        ] > Task :app:preReleaseBuild
[        ] Skipping task ':app:preReleaseBuild' as it has no actions.
[        ] Resolve mutations for :app:mergeReleaseJniLibFolders (Thread[#823,Execution worker Thread 7,5,main]) started.
[        ] :app:mergeReleaseJniLibFolders (Thread[#823,Execution worker Thread 7,5,main]) started.
[        ] > Task :app:mergeReleaseJniLibFolders UP-TO-DATE
[        ] Caching disabled for task ':app:mergeReleaseJniLibFolders' because:
[        ]   Build cache is disabled
[        ]   Simple merging task
[        ] Skipping task ':app:mergeReleaseJniLibFolders' as it is up-to-date.
[        ] Resolve mutations for :jni:preBuild (Thread[#823,Execution worker Thread 7,5,main]) started.
[        ] :jni:preBuild (Thread[#823,Execution worker Thread 7,5,main]) started.
[        ] > Task :jni:preBuild UP-TO-DATE
[        ] Skipping task ':jni:preBuild' as it has no actions.
[        ] Resolve mutations for :jni:preReleaseBuild (Thread[#823,Execution worker Thread 7,5,main]) started.
[        ] :jni:preReleaseBuild (Thread[#821,Execution worker Thread 5,5,main]) started.
[        ] > Task :jni:preReleaseBuild UP-TO-DATE
[        ] Skipping task ':jni:preReleaseBuild' as it has no actions.
[        ] Resolve mutations for :jni:configureCMakeRelWithDebInfo[arm64-v8a] (Thread[#821,Execution worker Thread 5,5,main]) started.
[        ] :jni:configureCMakeRelWithDebInfo[arm64-v8a] (Thread[#821,Execution worker Thread 5,5,main]) started.
[        ] > Task :jni:configureCMakeRelWithDebInfo[arm64-v8a]
[        ] Caching disabled for task ':jni:configureCMakeRelWithDebInfo[arm64-v8a]' because:
[        ]   Build cache is disabled
[        ]   Caching has been disabled for the task
[        ] Task ':jni:configureCMakeRelWithDebInfo[arm64-v8a]' is not up-to-date because:
[        ]   Task.upToDateWhen is false.
[        ] C/C++: C:\Users\BH2VSQ\AppData\Local\Pub\Cache\hosted\pub.dev\jni-1.1.0\src\CMakeLists.txt release|arm64-v8a : Start JSON generation. Platform version: 21 min SDK version: arm64-v8a
[        ] C/C++: C:\Users\BH2VSQ\AppData\Local\Pub\Cache\hosted\pub.dev\jni-1.1.0\src\CMakeLists.txt release|arm64-v8a : JSON 'C:\Users\BH2VSQ\AppData\Local\Pub\Cache\hosted\pub.dev\jni-1.1.0\android\.cxx\RelWithDebInfo\6br35655\arm64-v8a\android_gradle_build.json' was up-to-date
[        ] C/C++: C:\Users\BH2VSQ\AppData\Local\Pub\Cache\hosted\pub.dev\jni-1.1.0\src\CMakeLists.txt release|arm64-v8a : JSON generation completed without problems
[        ] C/C++: C:\Users\BH2VSQ\AppData\Local\Pub\Cache\hosted\pub.dev\jni-1.1.0\src\CMakeLists.txt release|arm64-v8a : Writing build model to C:\Users\BH2VSQ\Downloads\qsl_manager_mobile\build\jni\intermediates\cxx\RelWithDebInfo\6br35655\logs\arm64-v8a\build_model.json
[        ] Resolve mutations for :jni:buildCMakeRelWithDebInfo[arm64-v8a] (Thread[#821,Execution worker Thread 5,5,main]) started.
[        ] :jni:buildCMakeRelWithDebInfo[arm64-v8a] (Thread[#821,Execution worker Thread 5,5,main]) started.
[  +95 ms] > Task :jni:buildCMakeRelWithDebInfo[arm64-v8a]
[        ] Caching disabled for task ':jni:buildCMakeRelWithDebInfo[arm64-v8a]' because:
[        ]   Build cache is disabled
[        ]   Caching has been disabled for the task
[        ] Task ':jni:buildCMakeRelWithDebInfo[arm64-v8a]' is not up-to-date because:
[        ]   Task.upToDateWhen is false.
[        ] C/C++: starting build
[        ] C/C++: reading expected JSONs
[        ] C/C++: done reading expected JSONs
[        ] C/C++: executing build commands for targets that produce .so files or executables
[        ] C/C++: evaluate miniconfig
[        ] C/C++: evaluate library jni (arm64-v8a)
[        ] C/C++: building target library jni because no targets are specified.
[        ] C/C++: about to build targets jni
[        ] C/C++: Build jni
[        ] C/C++: @echo off
[        ] "C:\\Users\\BH2VSQ\\AppData\\Local\\Android\\Sdk\\cmake\\3.22.1\\bin\\ninja.exe" ^
[        ]   -C ^
[        ]   "C:\\Users\\BH2VSQ\\AppData\\Local\\Pub\\Cache\\hosted\\pub.dev\\jni-1.1.0\\android\\.cxx\\RelWithDebInfo\\6br35655\\arm64-v8a" ^
[        ]   jni
[        ] Starting process 'command 'C:\Users\BH2VSQ\AppData\Local\Android\Sdk\cmake\3.22.1\bin\ninja.exe''. Working directory: C:\Users\BH2VSQ\AppData\Local\Pub\Cache\hosted\pub.dev\jni-1.1.0\android Command: C:\Users\BH2VSQ\AppData\Local\Android\Sdk\cmake\3.22.1\bin\ninja.exe -C C:\Users\BH2VSQ\AppData\Local\Pub\Cache\hosted\pub.dev\jni-1.1.0\android\.cxx\RelWithDebInfo\6br35655\arm64-v8a jni
[        ] Successfully started process 'command 'C:\Users\BH2VSQ\AppData\Local\Android\Sdk\cmake\3.22.1\bin\ninja.exe''
[        ] C/C++: Received process result: 0
[        ] C/C++: check expected build outputs
[        ] C/C++: build complete
[        ] Resolve mutations for :jni:configureCMakeRelWithDebInfo[armeabi-v7a] (Thread[#821,Execution worker Thread 5,5,main]) started.
[        ] :jni:configureCMakeRelWithDebInfo[armeabi-v7a] (Thread[#821,Execution worker Thread 5,5,main]) started.
[        ] > Task :jni:configureCMakeRelWithDebInfo[armeabi-v7a]
[        ] Caching disabled for task ':jni:configureCMakeRelWithDebInfo[armeabi-v7a]' because:
[        ]   Build cache is disabled
[        ]   Caching has been disabled for the task
[        ] Task ':jni:configureCMakeRelWithDebInfo[armeabi-v7a]' is not up-to-date because:
[        ]   Task.upToDateWhen is false.
[        ] C/C++: C:\Users\BH2VSQ\AppData\Local\Pub\Cache\hosted\pub.dev\jni-1.1.0\src\CMakeLists.txt release|armeabi-v7a : Start JSON generation. Platform version: 21 min SDK version: armeabi-v7a
[        ] C/C++: C:\Users\BH2VSQ\AppData\Local\Pub\Cache\hosted\pub.dev\jni-1.1.0\src\CMakeLists.txt release|armeabi-v7a : JSON 'C:\Users\BH2VSQ\AppData\Local\Pub\Cache\hosted\pub.dev\jni-1.1.0\android\.cxx\RelWithDebInfo\6br35655\armeabi-v7a\android_gradle_build.json' was up-to-date
[        ] C/C++: C:\Users\BH2VSQ\AppData\Local\Pub\Cache\hosted\pub.dev\jni-1.1.0\src\CMakeLists.txt release|armeabi-v7a : JSON generation completed without problems
[        ] C/C++: C:\Users\BH2VSQ\AppData\Local\Pub\Cache\hosted\pub.dev\jni-1.1.0\src\CMakeLists.txt release|armeabi-v7a : Writing build model to C:\Users\BH2VSQ\Downloads\qsl_manager_mobile\build\jni\intermediates\cxx\RelWithDebInfo\6br35655\logs\armeabi-v7a\build_model.json
[        ] Resolve mutations for :jni:buildCMakeRelWithDebInfo[armeabi-v7a] (Thread[#821,Execution worker Thread 5,5,main]) started.
[        ] :jni:buildCMakeRelWithDebInfo[armeabi-v7a] (Thread[#821,Execution worker Thread 5,5,main]) started.
[  +95 ms] > Task :jni:buildCMakeRelWithDebInfo[armeabi-v7a]
[        ] Caching disabled for task ':jni:buildCMakeRelWithDebInfo[armeabi-v7a]' because:
[        ]   Build cache is disabled
[        ]   Caching has been disabled for the task
[        ] Task ':jni:buildCMakeRelWithDebInfo[armeabi-v7a]' is not up-to-date because:
[        ]   Task.upToDateWhen is false.
[        ] C/C++: starting build
[        ] C/C++: reading expected JSONs
[        ] C/C++: done reading expected JSONs
[        ] C/C++: executing build commands for targets that produce .so files or executables
[        ] C/C++: evaluate miniconfig
[        ] C/C++: evaluate library jni (armeabi-v7a)
[        ] C/C++: building target library jni because no targets are specified.
[        ] C/C++: about to build targets jni
[        ] C/C++: Build jni
[        ] C/C++: @echo off
[        ] "C:\\Users\\BH2VSQ\\AppData\\Local\\Android\\Sdk\\cmake\\3.22.1\\bin\\ninja.exe" ^
[        ]   -C ^
[        ]   "C:\\Users\\BH2VSQ\\AppData\\Local\\Pub\\Cache\\hosted\\pub.dev\\jni-1.1.0\\android\\.cxx\\RelWithDebInfo\\6br35655\\armeabi-v7a" ^
[        ]   jni
[        ] Starting process 'command 'C:\Users\BH2VSQ\AppData\Local\Android\Sdk\cmake\3.22.1\bin\ninja.exe''. Working directory: C:\Users\BH2VSQ\AppData\Local\Pub\Cache\hosted\pub.dev\jni-1.1.0\android Command: C:\Users\BH2VSQ\AppData\Local\Android\Sdk\cmake\3.22.1\bin\ninja.exe -C C:\Users\BH2VSQ\AppData\Local\Pub\Cache\hosted\pub.dev\jni-1.1.0\android\.cxx\RelWithDebInfo\6br35655\armeabi-v7a jni
[        ] Successfully started process 'command 'C:\Users\BH2VSQ\AppData\Local\Android\Sdk\cmake\3.22.1\bin\ninja.exe''
[        ] C/C++: Received process result: 0
[        ] C/C++: check expected build outputs
[        ] C/C++: build complete
[        ] Resolve mutations for :jni:configureCMakeRelWithDebInfo[x86] (Thread[#821,Execution worker Thread 5,5,main]) started.
[        ] :jni:configureCMakeRelWithDebInfo[x86] (Thread[#821,Execution worker Thread 5,5,main]) started.
[        ] > Task :jni:configureCMakeRelWithDebInfo[x86]
[        ] Caching disabled for task ':jni:configureCMakeRelWithDebInfo[x86]' because:
[        ]   Build cache is disabled
[        ]   Caching has been disabled for the task
[        ] Task ':jni:configureCMakeRelWithDebInfo[x86]' is not up-to-date because:
[        ]   Task.upToDateWhen is false.
[        ] C/C++: C:\Users\BH2VSQ\AppData\Local\Pub\Cache\hosted\pub.dev\jni-1.1.0\src\CMakeLists.txt release|x86 : Start JSON generation. Platform version: 21 min SDK version: x86
[        ] C/C++: C:\Users\BH2VSQ\AppData\Local\Pub\Cache\hosted\pub.dev\jni-1.1.0\src\CMakeLists.txt release|x86 : JSON 'C:\Users\BH2VSQ\AppData\Local\Pub\Cache\hosted\pub.dev\jni-1.1.0\android\.cxx\RelWithDebInfo\6br35655\x86\android_gradle_build.json' was up-to-date
[        ] C/C++: C:\Users\BH2VSQ\AppData\Local\Pub\Cache\hosted\pub.dev\jni-1.1.0\src\CMakeLists.txt release|x86 : JSON generation completed without problems
[        ] C/C++: C:\Users\BH2VSQ\AppData\Local\Pub\Cache\hosted\pub.dev\jni-1.1.0\src\CMakeLists.txt release|x86 : Writing build model to C:\Users\BH2VSQ\Downloads\qsl_manager_mobile\build\jni\intermediates\cxx\RelWithDebInfo\6br35655\logs\x86\build_model.json
[        ] Resolve mutations for :jni:buildCMakeRelWithDebInfo[x86] (Thread[#821,Execution worker Thread 5,5,main]) started.
[        ] :jni:buildCMakeRelWithDebInfo[x86] (Thread[#821,Execution worker Thread 5,5,main]) started.
[  +95 ms] > Task :jni:buildCMakeRelWithDebInfo[x86]
[        ] Caching disabled for task ':jni:buildCMakeRelWithDebInfo[x86]' because:
[        ]   Build cache is disabled
[        ]   Caching has been disabled for the task
[        ] Task ':jni:buildCMakeRelWithDebInfo[x86]' is not up-to-date because:
[        ]   Task.upToDateWhen is false.
[        ] C/C++: starting build
[        ] C/C++: reading expected JSONs
[        ] C/C++: done reading expected JSONs
[        ] C/C++: executing build commands for targets that produce .so files or executables
[        ] C/C++: evaluate miniconfig
[        ] C/C++: evaluate library jni (x86)
[        ] C/C++: building target library jni because no targets are specified.
[        ] C/C++: about to build targets jni
[        ] C/C++: Build jni
[        ] C/C++: @echo off
[        ] "C:\\Users\\BH2VSQ\\AppData\\Local\\Android\\Sdk\\cmake\\3.22.1\\bin\\ninja.exe" ^
[        ]   -C ^
[        ]   "C:\\Users\\BH2VSQ\\AppData\\Local\\Pub\\Cache\\hosted\\pub.dev\\jni-1.1.0\\android\\.cxx\\RelWithDebInfo\\6br35655\\x86" ^
[        ]   jni
[        ] Starting process 'command 'C:\Users\BH2VSQ\AppData\Local\Android\Sdk\cmake\3.22.1\bin\ninja.exe''. Working directory: C:\Users\BH2VSQ\AppData\Local\Pub\Cache\hosted\pub.dev\jni-1.1.0\android Command: C:\Users\BH2VSQ\AppData\Local\Android\Sdk\cmake\3.22.1\bin\ninja.exe -C C:\Users\BH2VSQ\AppData\Local\Pub\Cache\hosted\pub.dev\jni-1.1.0\android\.cxx\RelWithDebInfo\6br35655\x86 jni
[        ] Successfully started process 'command 'C:\Users\BH2VSQ\AppData\Local\Android\Sdk\cmake\3.22.1\bin\ninja.exe''
[        ] C/C++: Received process result: 0
[        ] C/C++: check expected build outputs
[        ] C/C++: build complete
[        ] Resolve mutations for :jni:configureCMakeRelWithDebInfo[x86_64] (Thread[#821,Execution worker Thread 5,5,main]) started.
[        ] :jni:configureCMakeRelWithDebInfo[x86_64] (Thread[#821,Execution worker Thread 5,5,main]) started.
[  +96 ms] > Task :jni:configureCMakeRelWithDebInfo[x86_64]
[        ] Caching disabled for task ':jni:configureCMakeRelWithDebInfo[x86_64]' because:
[        ]   Build cache is disabled
[        ]   Caching has been disabled for the task
[        ] Task ':jni:configureCMakeRelWithDebInfo[x86_64]' is not up-to-date because:
[        ]   Task.upToDateWhen is false.
[        ] C/C++: C:\Users\BH2VSQ\AppData\Local\Pub\Cache\hosted\pub.dev\jni-1.1.0\src\CMakeLists.txt release|x86_64 : Start JSON generation. Platform version: 21 min SDK version: x86_64
[        ] C/C++: C:\Users\BH2VSQ\AppData\Local\Pub\Cache\hosted\pub.dev\jni-1.1.0\src\CMakeLists.txt release|x86_64 : JSON 'C:\Users\BH2VSQ\AppData\Local\Pub\Cache\hosted\pub.dev\jni-1.1.0\android\.cxx\RelWithDebInfo\6br35655\x86_64\android_gradle_build.json' was up-to-date
[        ] C/C++: C:\Users\BH2VSQ\AppData\Local\Pub\Cache\hosted\pub.dev\jni-1.1.0\src\CMakeLists.txt release|x86_64 : JSON generation completed without problems
[        ] C/C++: C:\Users\BH2VSQ\AppData\Local\Pub\Cache\hosted\pub.dev\jni-1.1.0\src\CMakeLists.txt release|x86_64 : Writing build model to C:\Users\BH2VSQ\Downloads\qsl_manager_mobile\build\jni\intermediates\cxx\RelWithDebInfo\6br35655\logs\x86_64\build_model.json
[        ] Resolve mutations for :jni:buildCMakeRelWithDebInfo[x86_64] (Thread[#821,Execution worker Thread 5,5,main]) started.
[        ] :jni:buildCMakeRelWithDebInfo[x86_64] (Thread[#821,Execution worker Thread 5,5,main]) started.
[        ] > Task :jni:buildCMakeRelWithDebInfo[x86_64]
[        ] Caching disabled for task ':jni:buildCMakeRelWithDebInfo[x86_64]' because:
[        ]   Build cache is disabled
[        ]   Caching has been disabled for the task
[        ] Task ':jni:buildCMakeRelWithDebInfo[x86_64]' is not up-to-date because:
[        ]   Task.upToDateWhen is false.
[        ] C/C++: starting build
[        ] C/C++: reading expected JSONs
[        ] C/C++: done reading expected JSONs
[        ] C/C++: executing build commands for targets that produce .so files or executables
[        ] C/C++: evaluate miniconfig
[        ] C/C++: evaluate library jni (x86_64)
[        ] C/C++: building target library jni because no targets are specified.
[        ] C/C++: about to build targets jni
[        ] C/C++: Build jni
[        ] C/C++: @echo off
[        ] "C:\\Users\\BH2VSQ\\AppData\\Local\\Android\\Sdk\\cmake\\3.22.1\\bin\\ninja.exe" ^
[        ]   -C ^
[        ]   "C:\\Users\\BH2VSQ\\AppData\\Local\\Pub\\Cache\\hosted\\pub.dev\\jni-1.1.0\\android\\.cxx\\RelWithDebInfo\\6br35655\\x86_64" ^
[        ]   jni
[        ] Starting process 'command 'C:\Users\BH2VSQ\AppData\Local\Android\Sdk\cmake\3.22.1\bin\ninja.exe''. Working directory: C:\Users\BH2VSQ\AppData\Local\Pub\Cache\hosted\pub.dev\jni-1.1.0\android Command: C:\Users\BH2VSQ\AppData\Local\Android\Sdk\cmake\3.22.1\bin\ninja.exe -C C:\Users\BH2VSQ\AppData\Local\Pub\Cache\hosted\pub.dev\jni-1.1.0\android\.cxx\RelWithDebInfo\6br35655\x86_64 jni
[        ] Successfully started process 'command 'C:\Users\BH2VSQ\AppData\Local\Android\Sdk\cmake\3.22.1\bin\ninja.exe''
[        ] C/C++: Received process result: 0
[        ] C/C++: check expected build outputs
[        ] C/C++: build complete
[        ] Resolve mutations for :jni:mergeReleaseJniLibFolders (Thread[#821,Execution worker Thread 5,5,main]) started.
[        ] :jni:mergeReleaseJniLibFolders (Thread[#821,Execution worker Thread 5,5,main]) started.
[        ] > Task :jni:mergeReleaseJniLibFolders UP-TO-DATE
[        ] Caching disabled for task ':jni:mergeReleaseJniLibFolders' because:
[        ]   Build cache is disabled
[        ]   Simple merging task
[        ] Skipping task ':jni:mergeReleaseJniLibFolders' as it is up-to-date.
[        ] Resolve mutations for :jni:mergeReleaseNativeLibs (Thread[#821,Execution worker Thread 5,5,main]) started.
[        ] :jni:mergeReleaseNativeLibs (Thread[#821,Execution worker Thread 5,5,main]) started.
[        ] > Task :jni:mergeReleaseNativeLibs UP-TO-DATE
[        ] Caching disabled for task ':jni:mergeReleaseNativeLibs' because:
[        ]   Build cache is disabled
[        ]   Caching has been disabled for the task
[        ] Skipping task ':jni:mergeReleaseNativeLibs' as it is up-to-date.
[        ] Resolve mutations for :jni:copyReleaseJniLibsProjectOnly (Thread[#821,Execution worker Thread 5,5,main]) started.
[        ] :jni:copyReleaseJniLibsProjectOnly (Thread[#821,Execution worker Thread 5,5,main]) started.
[        ] > Task :jni:copyReleaseJniLibsProjectOnly UP-TO-DATE
[        ] Caching disabled for task ':jni:copyReleaseJniLibsProjectOnly' because:
[        ]   Build cache is disabled
[        ]   Caching has been disabled for the task
[        ] Skipping task ':jni:copyReleaseJniLibsProjectOnly' as it is up-to-date.
[        ] work action resolve jni (project :jni) (Thread[#821,Execution worker Thread 5,5,main]) started.
[        ] Resolve mutations for :jni_flutter:preBuild (Thread[#821,Execution worker Thread 5,5,main]) started.
[        ] :jni_flutter:preBuild (Thread[#821,Execution worker Thread 5,5,main]) started.
[        ] > Task :jni_flutter:preBuild UP-TO-DATE
[        ] Skipping task ':jni_flutter:preBuild' as it has no actions.
[        ] Resolve mutations for :jni_flutter:preReleaseBuild (Thread[#821,Execution worker Thread 5,5,main]) started.
[        ] :jni_flutter:preReleaseBuild (Thread[#821,Execution worker Thread 5,5,main]) started.
[        ] > Task :jni_flutter:preReleaseBuild UP-TO-DATE
[        ] Skipping task ':jni_flutter:preReleaseBuild' as it has no actions.
[        ] Resolve mutations for :jni_flutter:mergeReleaseJniLibFolders (Thread[#821,Execution worker Thread 5,5,main]) started.
[        ] :jni_flutter:mergeReleaseJniLibFolders (Thread[#821,Execution worker Thread 5,5,main]) started.
[        ] > Task :jni_flutter:mergeReleaseJniLibFolders UP-TO-DATE
[        ] Caching disabled for task ':jni_flutter:mergeReleaseJniLibFolders' because:
[        ]   Build cache is disabled
[        ]   Simple merging task
[        ] Skipping task ':jni_flutter:mergeReleaseJniLibFolders' as it is up-to-date.
[        ] Resolve mutations for :jni_flutter:mergeReleaseNativeLibs (Thread[#821,Execution worker Thread 5,5,main]) started.
[        ] :jni_flutter:mergeReleaseNativeLibs (Thread[#821,Execution worker Thread 5,5,main]) started.
[        ] > Task :jni_flutter:mergeReleaseNativeLibs NO-SOURCE
[        ] Skipping task ':jni_flutter:mergeReleaseNativeLibs' as it has no source files and no previous output files.
[        ] Resolve mutations for :jni_flutter:copyReleaseJniLibsProjectOnly (Thread[#821,Execution worker Thread 5,5,main]) started.
[        ] :jni_flutter:copyReleaseJniLibsProjectOnly (Thread[#821,Execution worker Thread 5,5,main]) started.
[        ] > Task :jni_flutter:copyReleaseJniLibsProjectOnly UP-TO-DATE
[        ] Caching disabled for task ':jni_flutter:copyReleaseJniLibsProjectOnly' because:
[        ]   Build cache is disabled
[        ]   Caching has been disabled for the task
[        ] Skipping task ':jni_flutter:copyReleaseJniLibsProjectOnly' as it is up-to-date.
[        ] work action resolve jni (project :jni_flutter) (Thread[#821,Execution worker Thread 5,5,main]) started.
[        ] Resolve mutations for :mobile_scanner:preBuild (Thread[#821,Execution worker Thread 5,5,main]) started.
[        ] :mobile_scanner:preBuild (Thread[#821,Execution worker Thread 5,5,main]) started.
[        ] > Task :mobile_scanner:preBuild UP-TO-DATE
[        ] Skipping task ':mobile_scanner:preBuild' as it has no actions.
[        ] Resolve mutations for :mobile_scanner:preReleaseBuild (Thread[#821,Execution worker Thread 5,5,main]) started.
[        ] :mobile_scanner:preReleaseBuild (Thread[#823,Execution worker Thread 7,5,main]) started.
[        ] > Task :mobile_scanner:preReleaseBuild UP-TO-DATE
[        ] Skipping task ':mobile_scanner:preReleaseBuild' as it has no actions.
[        ] Resolve mutations for :mobile_scanner:mergeReleaseJniLibFolders (Thread[#823,Execution worker Thread 7,5,main]) started.
[        ] :mobile_scanner:mergeReleaseJniLibFolders (Thread[#823,Execution worker Thread 7,5,main]) started.
[        ] > Task :mobile_scanner:mergeReleaseJniLibFolders UP-TO-DATE
[        ] Caching disabled for task ':mobile_scanner:mergeReleaseJniLibFolders' because:
[        ]   Build cache is disabled
[        ]   Simple merging task
[        ] Skipping task ':mobile_scanner:mergeReleaseJniLibFolders' as it is up-to-date.
[        ] Resolve mutations for :mobile_scanner:mergeReleaseNativeLibs (Thread[#823,Execution worker Thread 7,5,main]) started.
[        ] :mobile_scanner:mergeReleaseNativeLibs (Thread[#823,Execution worker Thread 7,5,main]) started.
[        ] > Task :mobile_scanner:mergeReleaseNativeLibs NO-SOURCE
[        ] Skipping task ':mobile_scanner:mergeReleaseNativeLibs' as it has no source files and no previous output files.
[        ] Resolve mutations for :mobile_scanner:copyReleaseJniLibsProjectOnly (Thread[#823,Execution worker Thread 7,5,main]) started.
[        ] :mobile_scanner:copyReleaseJniLibsProjectOnly (Thread[#823,Execution worker Thread 7,5,main]) started.
[        ] > Task :mobile_scanner:copyReleaseJniLibsProjectOnly UP-TO-DATE
[        ] Caching disabled for task ':mobile_scanner:copyReleaseJniLibsProjectOnly' because:
[        ]   Build cache is disabled
[        ]   Caching has been disabled for the task
[        ] Skipping task ':mobile_scanner:copyReleaseJniLibsProjectOnly' as it is up-to-date.
[        ] work action resolve jni (project :mobile_scanner) (Thread[#823,Execution worker Thread 7,5,main]) started.
[        ] Resolve mutations for :package_info_plus:preBuild (Thread[#820,Execution worker Thread 4,5,main]) started.
[        ] :package_info_plus:preBuild (Thread[#820,Execution worker Thread 4,5,main]) started.
[        ] > Task :package_info_plus:preBuild UP-TO-DATE
[        ] Skipping task ':package_info_plus:preBuild' as it has no actions.
[        ] Resolve mutations for :package_info_plus:preReleaseBuild (Thread[#820,Execution worker Thread 4,5,main]) started.
[        ] :package_info_plus:preReleaseBuild (Thread[#820,Execution worker Thread 4,5,main]) started.
[        ] > Task :package_info_plus:preReleaseBuild UP-TO-DATE
[        ] Skipping task ':package_info_plus:preReleaseBuild' as it has no actions.
[        ] Resolve mutations for :package_info_plus:mergeReleaseJniLibFolders (Thread[#820,Execution worker Thread 4,5,main]) started.
[        ] :package_info_plus:mergeReleaseJniLibFolders (Thread[#820,Execution worker Thread 4,5,main]) started.
[        ] > Task :package_info_plus:mergeReleaseJniLibFolders UP-TO-DATE
[        ] Caching disabled for task ':package_info_plus:mergeReleaseJniLibFolders' because:
[        ]   Build cache is disabled
[        ]   Simple merging task
[        ] Skipping task ':package_info_plus:mergeReleaseJniLibFolders' as it is up-to-date.
[        ] Resolve mutations for :package_info_plus:mergeReleaseNativeLibs (Thread[#820,Execution worker Thread 4,5,main]) started.
[        ] :package_info_plus:mergeReleaseNativeLibs (Thread[#820,Execution worker Thread 4,5,main]) started.
[        ] > Task :package_info_plus:mergeReleaseNativeLibs NO-SOURCE
[        ] Skipping task ':package_info_plus:mergeReleaseNativeLibs' as it has no source files and no previous output files.
[        ] Resolve mutations for :package_info_plus:copyReleaseJniLibsProjectOnly (Thread[#820,Execution worker Thread 4,5,main]) started.
[        ] :package_info_plus:copyReleaseJniLibsProjectOnly (Thread[#820,Execution worker Thread 4,5,main]) started.
[        ] > Task :package_info_plus:copyReleaseJniLibsProjectOnly UP-TO-DATE
[        ] Caching disabled for task ':package_info_plus:copyReleaseJniLibsProjectOnly' because:
[        ]   Build cache is disabled
[        ]   Caching has been disabled for the task
[        ] Skipping task ':package_info_plus:copyReleaseJniLibsProjectOnly' as it is up-to-date.
[        ] work action resolve jni (project :package_info_plus) (Thread[#820,Execution worker Thread 4,5,main]) started.
[  +86 ms] Resolve mutations for :shared_preferences_android:preBuild (Thread[#817,Execution worker,5,main]) started.
[        ] :shared_preferences_android:preBuild (Thread[#817,Execution worker,5,main]) started.
[        ] > Task :shared_preferences_android:preBuild UP-TO-DATE
[        ] Skipping task ':shared_preferences_android:preBuild' as it has no actions.
[        ] Resolve mutations for :shared_preferences_android:preReleaseBuild (Thread[#817,Execution worker,5,main]) started.
[        ] :shared_preferences_android:preReleaseBuild (Thread[#817,Execution worker,5,main]) started.
[        ] > Task :shared_preferences_android:preReleaseBuild UP-TO-DATE
[        ] Skipping task ':shared_preferences_android:preReleaseBuild' as it has no actions.
[        ] Resolve mutations for :shared_preferences_android:mergeReleaseJniLibFolders (Thread[#817,Execution worker,5,main]) started.
[        ] :shared_preferences_android:mergeReleaseJniLibFolders (Thread[#817,Execution worker,5,main]) started.
[        ] > Task :shared_preferences_android:mergeReleaseJniLibFolders UP-TO-DATE
[        ] Caching disabled for task ':shared_preferences_android:mergeReleaseJniLibFolders' because:
[        ]   Build cache is disabled
[        ]   Simple merging task
[        ] Skipping task ':shared_preferences_android:mergeReleaseJniLibFolders' as it is up-to-date.
[        ] Resolve mutations for :shared_preferences_android:mergeReleaseNativeLibs (Thread[#817,Execution worker,5,main]) started.
[        ] :shared_preferences_android:mergeReleaseNativeLibs (Thread[#817,Execution worker,5,main]) started.
[        ] > Task :shared_preferences_android:mergeReleaseNativeLibs NO-SOURCE
[        ] Skipping task ':shared_preferences_android:mergeReleaseNativeLibs' as it has no source files and no previous output files.
[        ] Resolve mutations for :shared_preferences_android:copyReleaseJniLibsProjectOnly (Thread[#817,Execution worker,5,main]) started.
[        ] :shared_preferences_android:copyReleaseJniLibsProjectOnly (Thread[#817,Execution worker,5,main]) started.
[        ] > Task :shared_preferences_android:copyReleaseJniLibsProjectOnly UP-TO-DATE
[        ] Caching disabled for task ':shared_preferences_android:copyReleaseJniLibsProjectOnly' because:
[        ]   Build cache is disabled
[        ]   Caching has been disabled for the task
[        ] Skipping task ':shared_preferences_android:copyReleaseJniLibsProjectOnly' as it is up-to-date.
[        ] work action resolve jni (project :shared_preferences_android) (Thread[#817,Execution worker,5,main]) started.
[        ] Resolve mutations for :app:mergeReleaseNativeLibs (Thread[#817,Execution worker,5,main]) started.
[        ] :app:mergeReleaseNativeLibs (Thread[#817,Execution worker,5,main]) started.
[  +97 ms] > Task :app:mergeReleaseNativeLibs UP-TO-DATE
[        ] Caching disabled for task ':app:mergeReleaseNativeLibs' because:
[        ]   Build cache is disabled
[        ]   Caching has been disabled for the task
[        ] Skipping task ':app:mergeReleaseNativeLibs' as it is up-to-date.
[        ] Resolve mutations for :app:stripReleaseDebugSymbols (Thread[#817,Execution worker,5,main]) started.
[        ] :app:stripReleaseDebugSymbols (Thread[#817,Execution worker,5,main]) started.
[  +99 ms] > Task :app:stripReleaseDebugSymbols UP-TO-DATE
[        ] Caching disabled for task ':app:stripReleaseDebugSymbols' because:
[        ]   Build cache is disabled
[        ]   Caching has been disabled for the task
[        ] Skipping task ':app:stripReleaseDebugSymbols' as it is up-to-date.
[        ] Resolve mutations for :app:extractReleaseNativeSymbolTables (Thread[#817,Execution worker,5,main]) started.
[        ] :app:extractReleaseNativeSymbolTables (Thread[#817,Execution worker,5,main]) started.
[        ] > Task :app:extractReleaseNativeSymbolTables UP-TO-DATE
[        ] Caching disabled for task ':app:extractReleaseNativeSymbolTables' because:
[        ]   Build cache is disabled
[        ] Skipping task ':app:extractReleaseNativeSymbolTables' as it is up-to-date.
[        ] Resolve mutations for :app:mergeReleaseNativeDebugMetadata (Thread[#817,Execution worker,5,main]) started.
[        ] :app:mergeReleaseNativeDebugMetadata (Thread[#817,Execution worker,5,main]) started.
[        ] > Task :app:mergeReleaseNativeDebugMetadata UP-TO-DATE
[        ] Caching disabled for task ':app:mergeReleaseNativeDebugMetadata' because:
[        ]   Build cache is disabled
[        ]   Caching has been disabled for the task
[        ] Skipping task ':app:mergeReleaseNativeDebugMetadata' as it is up-to-date.
[        ] Resolve mutations for :android_file_picker:exportReleaseConsumerProguardFiles (Thread[#817,Execution worker,5,main]) started.
[        ] :android_file_picker:exportReleaseConsumerProguardFiles (Thread[#817,Execution worker,5,main]) started.
[        ] > Task :android_file_picker:exportReleaseConsumerProguardFiles UP-TO-DATE
[        ] Caching disabled for task ':android_file_picker:exportReleaseConsumerProguardFiles' because:
[        ]   Build cache is disabled
[        ]   Caching has been disabled for the task
[        ] Skipping task ':android_file_picker:exportReleaseConsumerProguardFiles' as it is up-to-date.
[        ] work action resolve exportReleaseConsumerProguardFiles (project :android_file_picker) (Thread[#817,Execution worker,5,main]) started.
[        ] FilterShrinkerRulesTransform (Thread[#823,Execution worker Thread 7,5,main]) started.
[        ] Resolve mutations for :jni:checkKotlinGradlePluginConfigurationErrors (Thread[#818,Execution worker Thread 2,5,main]) started.
[        ] :jni:checkKotlinGradlePluginConfigurationErrors (Thread[#818,Execution worker Thread 2,5,main]) started.
[        ] > Task :jni:checkKotlinGradlePluginConfigurationErrors SKIPPED
[        ] Skipping task ':jni:checkKotlinGradlePluginConfigurationErrors' as task onlyIf 'errorDiagnostics are present' is false.
[        ] Resolve mutations for :jni:generateReleaseResValues (Thread[#818,Execution worker Thread 2,5,main]) started.
[        ] :jni:generateReleaseResValues (Thread[#818,Execution worker Thread 2,5,main]) started.
[        ] > Task :jni:generateReleaseResValues UP-TO-DATE
[        ] Caching disabled for task ':jni:generateReleaseResValues' because:
[        ]   Build cache is disabled
[        ] Skipping task ':jni:generateReleaseResValues' as it is up-to-date.
[        ] Resolve mutations for :jni:generateReleaseResources (Thread[#818,Execution worker Thread 2,5,main]) started.
[        ] :jni:generateReleaseResources (Thread[#818,Execution worker Thread 2,5,main]) started.
[        ] > Task :jni:generateReleaseResources UP-TO-DATE
[        ] Caching disabled for task ':jni:generateReleaseResources' because:
[        ]   Build cache is disabled
[        ] Skipping task ':jni:generateReleaseResources' as it is up-to-date.
[        ] Resolve mutations for :jni:packageReleaseResources (Thread[#818,Execution worker Thread 2,5,main]) started.
[        ] :jni:packageReleaseResources (Thread[#818,Execution worker Thread 2,5,main]) started.
[        ] > Task :jni:packageReleaseResources UP-TO-DATE
[        ] Caching disabled for task ':jni:packageReleaseResources' because:
[        ]   Build cache is disabled
[        ] Skipping task ':jni:packageReleaseResources' as it is up-to-date.
[        ] work action resolve packageReleaseResources (project :jni) (Thread[#818,Execution worker Thread 2,5,main]) started.
[        ] Resolve mutations for :jni:parseReleaseLocalResources (Thread[#818,Execution worker Thread 2,5,main]) started.
[        ] :jni:parseReleaseLocalResources (Thread[#818,Execution worker Thread 2,5,main]) started.
[        ] > Task :jni:parseReleaseLocalResources UP-TO-DATE
[        ] Caching disabled for task ':jni:parseReleaseLocalResources' because:
[        ]   Build cache is disabled
[        ] Skipping task ':jni:parseReleaseLocalResources' as it is up-to-date.
[        ] Resolve mutations for :jni:generateReleaseRFile (Thread[#818,Execution worker Thread 2,5,main]) started.
[        ] :jni:generateReleaseRFile (Thread[#818,Execution worker Thread 2,5,main]) started.
[        ] > Task :jni:generateReleaseRFile UP-TO-DATE
[        ] Caching disabled for task ':jni:generateReleaseRFile' because:
[        ]   Build cache is disabled
[        ] Skipping task ':jni:generateReleaseRFile' as it is up-to-date.
[        ] work action resolve package-aware-r.txt (project :jni) (Thread[#818,Execution worker Thread 2,5,main]) started.
[        ] Resolve mutations for :jni:compileReleaseKotlin (Thread[#818,Execution worker Thread 2,5,main]) started.
[        ] :jni:compileReleaseKotlin (Thread[#818,Execution worker Thread 2,5,main]) started.
[        ] > Task :jni:compileReleaseKotlin NO-SOURCE
[        ] Skipping task ':jni:compileReleaseKotlin' as it has no source files and no previous output files.
[        ] Resolve mutations for :jni:javaPreCompileRelease (Thread[#818,Execution worker Thread 2,5,main]) started.
[        ] :jni:javaPreCompileRelease (Thread[#818,Execution worker Thread 2,5,main]) started.
[        ] > Task :jni:javaPreCompileRelease UP-TO-DATE
[        ] Caching disabled for task ':jni:javaPreCompileRelease' because:
[        ]   Build cache is disabled
[        ] Skipping task ':jni:javaPreCompileRelease' as it is up-to-date.
[        ] Resolve mutations for :jni:compileReleaseJavaWithJavac (Thread[#818,Execution worker Thread 2,5,main]) started.
[        ] :jni:compileReleaseJavaWithJavac (Thread[#818,Execution worker Thread 2,5,main]) started.
[ +194 ms] > Task :jni:compileReleaseJavaWithJavac UP-TO-DATE
[        ] Custom actions are attached to task ':jni:compileReleaseJavaWithJavac'.
[        ] Caching disabled for task ':jni:compileReleaseJavaWithJavac' because:
[        ]   Build cache is disabled
[        ] Skipping task ':jni:compileReleaseJavaWithJavac' as it is up-to-date.
[        ] No compile result for :jni:compileReleaseJavaWithJavac
[        ] No compile result for :jni:compileReleaseJavaWithJavac
[        ] Resolve mutations for :jni:bundleLibCompileToJarRelease (Thread[#818,Execution worker Thread 2,5,main]) started.
[        ] :jni:bundleLibCompileToJarRelease (Thread[#818,Execution worker Thread 2,5,main]) started.
[        ] > Task :jni:bundleLibCompileToJarRelease UP-TO-DATE
[        ] Caching disabled for task ':jni:bundleLibCompileToJarRelease' because:
[        ]   Build cache is disabled
[        ]   Simple merging task
[        ] Skipping task ':jni:bundleLibCompileToJarRelease' as it is up-to-date.
[        ] work action resolve classes.jar (project :jni) (Thread[#818,Execution worker Thread 2,5,main]) started.
[        ] Resolve mutations for :jni_flutter:checkKotlinGradlePluginConfigurationErrors (Thread[#818,Execution worker Thread 2,5,main]) started.
[        ] :jni_flutter:checkKotlinGradlePluginConfigurationErrors (Thread[#818,Execution worker Thread 2,5,main]) started.
[        ] > Task :jni_flutter:checkKotlinGradlePluginConfigurationErrors SKIPPED
[        ] Skipping task ':jni_flutter:checkKotlinGradlePluginConfigurationErrors' as task onlyIf 'errorDiagnostics are present' is false.
[        ] Resolve mutations for :jni_flutter:generateReleaseResValues (Thread[#818,Execution worker Thread 2,5,main]) started.
[        ] :jni_flutter:generateReleaseResValues (Thread[#818,Execution worker Thread 2,5,main]) started.
[        ] > Task :jni_flutter:generateReleaseResValues UP-TO-DATE
[        ] Caching disabled for task ':jni_flutter:generateReleaseResValues' because:
[        ]   Build cache is disabled
[        ] Skipping task ':jni_flutter:generateReleaseResValues' as it is up-to-date.
[        ] Resolve mutations for :jni_flutter:generateReleaseResources (Thread[#818,Execution worker Thread 2,5,main]) started.
[        ] :jni_flutter:generateReleaseResources (Thread[#818,Execution worker Thread 2,5,main]) started.
[        ] > Task :jni_flutter:generateReleaseResources UP-TO-DATE
[        ] Caching disabled for task ':jni_flutter:generateReleaseResources' because:
[        ]   Build cache is disabled
[        ] Skipping task ':jni_flutter:generateReleaseResources' as it is up-to-date.
[        ] Resolve mutations for :jni_flutter:packageReleaseResources (Thread[#818,Execution worker Thread 2,5,main]) started.
[        ] :jni_flutter:packageReleaseResources (Thread[#818,Execution worker Thread 2,5,main]) started.
[        ] > Task :jni_flutter:packageReleaseResources UP-TO-DATE
[        ] Caching disabled for task ':jni_flutter:packageReleaseResources' because:
[        ]   Build cache is disabled
[        ] Skipping task ':jni_flutter:packageReleaseResources' as it is up-to-date.
[        ] work action resolve packageReleaseResources (project :jni_flutter) (Thread[#818,Execution worker Thread 2,5,main]) started.
[        ] Resolve mutations for :jni_flutter:parseReleaseLocalResources (Thread[#818,Execution worker Thread 2,5,main]) started.
[        ] :jni_flutter:parseReleaseLocalResources (Thread[#818,Execution worker Thread 2,5,main]) started.
[        ] > Task :jni_flutter:parseReleaseLocalResources UP-TO-DATE
[        ] Caching disabled for task ':jni_flutter:parseReleaseLocalResources' because:
[        ]   Build cache is disabled
[        ] Skipping task ':jni_flutter:parseReleaseLocalResources' as it is up-to-date.
[        ] Resolve mutations for :jni_flutter:generateReleaseRFile (Thread[#818,Execution worker Thread 2,5,main]) started.
[        ] :jni_flutter:generateReleaseRFile (Thread[#819,Execution worker Thread 3,5,main]) started.
[        ] > Task :jni_flutter:generateReleaseRFile UP-TO-DATE
[        ] Caching disabled for task ':jni_flutter:generateReleaseRFile' because:
[        ]   Build cache is disabled
[        ] Skipping task ':jni_flutter:generateReleaseRFile' as it is up-to-date.
[        ] work action resolve package-aware-r.txt (project :jni_flutter) (Thread[#819,Execution worker Thread 3,5,main]) started.
[        ] Resolve mutations for :jni_flutter:compileReleaseKotlin (Thread[#817,Execution worker,5,main]) started.
[        ] :jni_flutter:compileReleaseKotlin (Thread[#817,Execution worker,5,main]) started.
[        ] > Task :jni_flutter:compileReleaseKotlin NO-SOURCE
[        ] Skipping task ':jni_flutter:compileReleaseKotlin' as it has no source files and no previous output files.
[        ] Resolve mutations for :jni_flutter:javaPreCompileRelease (Thread[#817,Execution worker,5,main]) started.
[        ] :jni_flutter:javaPreCompileRelease (Thread[#817,Execution worker,5,main]) started.
[        ] > Task :jni_flutter:javaPreCompileRelease UP-TO-DATE
[        ] Caching disabled for task ':jni_flutter:javaPreCompileRelease' because:
[        ]   Build cache is disabled
[        ] Skipping task ':jni_flutter:javaPreCompileRelease' as it is up-to-date.
[        ] Resolve mutations for :jni_flutter:compileReleaseJavaWithJavac (Thread[#817,Execution worker,5,main]) started.
[        ] :jni_flutter:compileReleaseJavaWithJavac (Thread[#817,Execution worker,5,main]) started.
[  +91 ms] > Task :jni_flutter:compileReleaseJavaWithJavac UP-TO-DATE
[        ] Custom actions are attached to task ':jni_flutter:compileReleaseJavaWithJavac'.
[        ] Caching disabled for task ':jni_flutter:compileReleaseJavaWithJavac' because:
[        ]   Build cache is disabled
[        ] Skipping task ':jni_flutter:compileReleaseJavaWithJavac' as it is up-to-date.
[        ] No compile result for :jni_flutter:compileReleaseJavaWithJavac
[        ] No compile result for :jni_flutter:compileReleaseJavaWithJavac
[        ] Resolve mutations for :jni_flutter:mergeReleaseGeneratedProguardFiles (Thread[#817,Execution worker,5,main]) started.
[        ] :jni_flutter:mergeReleaseGeneratedProguardFiles (Thread[#817,Execution worker,5,main]) started.
[        ] > Task :jni_flutter:mergeReleaseGeneratedProguardFiles UP-TO-DATE
[   +7 ms] Caching disabled for task ':jni_flutter:mergeReleaseGeneratedProguardFiles' because:
[   +1 ms]   Build cache is disabled
[   +7 ms]   Simple merging task
[        ] Skipping task ':jni_flutter:mergeReleaseGeneratedProguardFiles' as it is up-to-date.
[        ] Resolve mutations for :jni_flutter:exportReleaseConsumerProguardFiles (Thread[#817,Execution worker,5,main]) started.
[        ] :jni_flutter:exportReleaseConsumerProguardFiles (Thread[#817,Execution worker,5,main]) started.
[        ] > Task :jni_flutter:exportReleaseConsumerProguardFiles UP-TO-DATE
[        ] Caching disabled for task ':jni_flutter:exportReleaseConsumerProguardFiles' because:
[        ]   Build cache is disabled
[        ]   Caching has been disabled for the task
[        ] Skipping task ':jni_flutter:exportReleaseConsumerProguardFiles' as it is up-to-date.
[        ] work action resolve exportReleaseConsumerProguardFiles (project :jni_flutter) (Thread[#817,Execution worker,5,main]) started.
[        ] FilterShrinkerRulesTransform (Thread[#817,Execution worker,5,main]) started.
[        ] Resolve mutations for :jni:mergeReleaseGeneratedProguardFiles (Thread[#819,Execution worker Thread 3,5,main]) started.
[        ] :jni:mergeReleaseGeneratedProguardFiles (Thread[#819,Execution worker Thread 3,5,main]) started.
[        ] > Task :jni:mergeReleaseGeneratedProguardFiles UP-TO-DATE
[        ] Caching disabled for task ':jni:mergeReleaseGeneratedProguardFiles' because:
[        ]   Build cache is disabled
[        ]   Simple merging task
[        ] Skipping task ':jni:mergeReleaseGeneratedProguardFiles' as it is up-to-date.
[        ] Resolve mutations for :jni:exportReleaseConsumerProguardFiles (Thread[#819,Execution worker Thread 3,5,main]) started.
[        ] :jni:exportReleaseConsumerProguardFiles (Thread[#819,Execution worker Thread 3,5,main]) started.
[        ] > Task :jni:exportReleaseConsumerProguardFiles UP-TO-DATE
[        ] Caching disabled for task ':jni:exportReleaseConsumerProguardFiles' because:
[        ]   Build cache is disabled
[        ]   Caching has been disabled for the task
[        ] Skipping task ':jni:exportReleaseConsumerProguardFiles' as it is up-to-date.
[        ] work action resolve exportReleaseConsumerProguardFiles (project :jni) (Thread[#819,Execution worker Thread 3,5,main]) started.
[        ] FilterShrinkerRulesTransform (Thread[#819,Execution worker Thread 3,5,main]) started.
[        ] Resolve mutations for :mobile_scanner:checkKotlinGradlePluginConfigurationErrors (Thread[#819,Execution worker Thread 3,5,main]) started.
[        ] :mobile_scanner:checkKotlinGradlePluginConfigurationErrors (Thread[#819,Execution worker Thread 3,5,main]) started.
[        ] > Task :mobile_scanner:checkKotlinGradlePluginConfigurationErrors SKIPPED
[        ] Skipping task ':mobile_scanner:checkKotlinGradlePluginConfigurationErrors' as task onlyIf 'errorDiagnostics are present' is false.
[        ] Resolve mutations for :mobile_scanner:generateReleaseResValues (Thread[#819,Execution worker Thread 3,5,main]) started.
[        ] :mobile_scanner:generateReleaseResValues (Thread[#819,Execution worker Thread 3,5,main]) started.
[        ] > Task :mobile_scanner:generateReleaseResValues UP-TO-DATE
[        ] Caching disabled for task ':mobile_scanner:generateReleaseResValues' because:
[        ]   Build cache is disabled
[        ] Skipping task ':mobile_scanner:generateReleaseResValues' as it is up-to-date.
[        ] Resolve mutations for :mobile_scanner:generateReleaseResources (Thread[#819,Execution worker Thread 3,5,main]) started.
[        ] :mobile_scanner:generateReleaseResources (Thread[#819,Execution worker Thread 3,5,main]) started.
[        ] > Task :mobile_scanner:generateReleaseResources UP-TO-DATE
[        ] Caching disabled for task ':mobile_scanner:generateReleaseResources' because:
[        ]   Build cache is disabled
[        ] Skipping task ':mobile_scanner:generateReleaseResources' as it is up-to-date.
[        ] Resolve mutations for :mobile_scanner:packageReleaseResources (Thread[#819,Execution worker Thread 3,5,main]) started.
[        ] :mobile_scanner:packageReleaseResources (Thread[#819,Execution worker Thread 3,5,main]) started.
[        ] > Task :mobile_scanner:packageReleaseResources UP-TO-DATE
[        ] Caching disabled for task ':mobile_scanner:packageReleaseResources' because:
[        ]   Build cache is disabled
[        ] Skipping task ':mobile_scanner:packageReleaseResources' as it is up-to-date.
[        ] work action resolve packageReleaseResources (project :mobile_scanner) (Thread[#819,Execution worker Thread 3,5,main]) started.
[        ] Resolve mutations for :mobile_scanner:parseReleaseLocalResources (Thread[#819,Execution worker Thread 3,5,main]) started.
[        ] :mobile_scanner:parseReleaseLocalResources (Thread[#820,Execution worker Thread 4,5,main]) started.
[        ] > Task :mobile_scanner:parseReleaseLocalResources UP-TO-DATE
[        ] Caching disabled for task ':mobile_scanner:parseReleaseLocalResources' because:
[        ]   Build cache is disabled
[        ] Skipping task ':mobile_scanner:parseReleaseLocalResources' as it is up-to-date.
[        ] Resolve mutations for :mobile_scanner:generateReleaseRFile (Thread[#820,Execution worker Thread 4,5,main]) started.
[        ] :mobile_scanner:generateReleaseRFile (Thread[#820,Execution worker Thread 4,5,main]) started.
[        ] > Task :mobile_scanner:generateReleaseRFile UP-TO-DATE
[        ] Caching disabled for task ':mobile_scanner:generateReleaseRFile' because:
[        ]   Build cache is disabled
[        ] Skipping task ':mobile_scanner:generateReleaseRFile' as it is up-to-date.
[   +1 ms] work action resolve package-aware-r.txt (project :mobile_scanner) (Thread[#820,Execution worker Thread 4,5,main]) started.
[        ] Resolve mutations for :mobile_scanner:compileReleaseKotlin (Thread[#820,Execution worker Thread 4,5,main]) started.
[        ] :mobile_scanner:compileReleaseKotlin (Thread[#820,Execution worker Thread 4,5,main]) started.
[  +72 ms] > Task :mobile_scanner:compileReleaseKotlin UP-TO-DATE
[        ] Adding -Xuse-inline-scopes-numbers Kotlin compiler flag for task :mobile_scanner:compileDebugAndroidTestKotlin
[        ] Caching disabled for task ':mobile_scanner:compileReleaseKotlin' because:
[        ]   Build cache is disabled
[        ] Skipping task ':mobile_scanner:compileReleaseKotlin' as it is up-to-date.
[        ] Resolve mutations for :mobile_scanner:javaPreCompileRelease (Thread[#820,Execution worker Thread 4,5,main]) started.
[        ] :mobile_scanner:javaPreCompileRelease (Thread[#820,Execution worker Thread 4,5,main]) started.
[        ] > Task :mobile_scanner:javaPreCompileRelease UP-TO-DATE
[        ] Caching disabled for task ':mobile_scanner:javaPreCompileRelease' because:
[        ]   Build cache is disabled
[        ] Skipping task ':mobile_scanner:javaPreCompileRelease' as it is up-to-date.
[        ] Resolve mutations for :mobile_scanner:compileReleaseJavaWithJavac (Thread[#820,Execution worker Thread 4,5,main]) started.
[  +99 ms] :mobile_scanner:compileReleaseJavaWithJavac (Thread[#820,Execution worker Thread 4,5,main]) started.
[        ] > Task :mobile_scanner:compileReleaseJavaWithJavac NO-SOURCE
[        ] Skipping task ':mobile_scanner:compileReleaseJavaWithJavac' as it has no source files and no previous output files.
[        ] Resolve mutations for :mobile_scanner:mergeReleaseGeneratedProguardFiles (Thread[#820,Execution worker Thread 4,5,main]) started.
[        ] :mobile_scanner:mergeReleaseGeneratedProguardFiles (Thread[#820,Execution worker Thread 4,5,main]) started.
[   +1 ms] > Task :mobile_scanner:mergeReleaseGeneratedProguardFiles UP-TO-DATE
[        ] Caching disabled for task ':mobile_scanner:mergeReleaseGeneratedProguardFiles' because:
[   +1 ms]   Build cache is disabled
[        ]   Simple merging task
[        ] Skipping task ':mobile_scanner:mergeReleaseGeneratedProguardFiles' as it is up-to-date.
[        ] Resolve mutations for :mobile_scanner:exportReleaseConsumerProguardFiles (Thread[#820,Execution worker Thread 4,5,main]) started.
[        ] :mobile_scanner:exportReleaseConsumerProguardFiles (Thread[#821,Execution worker Thread 5,5,main]) started.
[        ] > Task :mobile_scanner:exportReleaseConsumerProguardFiles UP-TO-DATE
[        ] Caching disabled for task ':mobile_scanner:exportReleaseConsumerProguardFiles' because:
[        ]   Build cache is disabled
[        ]   Caching has been disabled for the task
[        ] Skipping task ':mobile_scanner:exportReleaseConsumerProguardFiles' as it is up-to-date.
[        ] work action resolve exportReleaseConsumerProguardFiles (project :mobile_scanner) (Thread[#821,Execution worker Thread 5,5,main]) started.
[        ] FilterShrinkerRulesTransform (Thread[#821,Execution worker Thread 5,5,main]) started.
[        ] Resolve mutations for :package_info_plus:checkKotlinGradlePluginConfigurationErrors (Thread[#820,Execution worker Thread 4,5,main]) started.
[   +1 ms] :package_info_plus:checkKotlinGradlePluginConfigurationErrors (Thread[#820,Execution worker Thread 4,5,main]) started.
[        ] > Task :package_info_plus:checkKotlinGradlePluginConfigurationErrors SKIPPED
[        ] Skipping task ':package_info_plus:checkKotlinGradlePluginConfigurationErrors' as task onlyIf 'errorDiagnostics are present' is false.
[        ] Resolve mutations for :package_info_plus:generateReleaseResValues (Thread[#820,Execution worker Thread 4,5,main]) started.
[        ] :package_info_plus:generateReleaseResValues (Thread[#820,Execution worker Thread 4,5,main]) started.
[        ] > Task :package_info_plus:generateReleaseResValues UP-TO-DATE
[        ] Caching disabled for task ':package_info_plus:generateReleaseResValues' because:
[        ]   Build cache is disabled
[        ] Skipping task ':package_info_plus:generateReleaseResValues' as it is up-to-date.
[        ] Resolve mutations for :package_info_plus:generateReleaseResources (Thread[#820,Execution worker Thread 4,5,main]) started.
[        ] :package_info_plus:generateReleaseResources (Thread[#820,Execution worker Thread 4,5,main]) started.
[        ] > Task :package_info_plus:generateReleaseResources UP-TO-DATE
[        ] Caching disabled for task ':package_info_plus:generateReleaseResources' because:
[        ]   Build cache is disabled
[        ] Skipping task ':package_info_plus:generateReleaseResources' as it is up-to-date.
[        ] Resolve mutations for :package_info_plus:packageReleaseResources (Thread[#820,Execution worker Thread 4,5,main]) started.
[        ] :package_info_plus:packageReleaseResources (Thread[#820,Execution worker Thread 4,5,main]) started.
[        ] > Task :package_info_plus:packageReleaseResources UP-TO-DATE
[        ] Caching disabled for task ':package_info_plus:packageReleaseResources' because:
[        ]   Build cache is disabled
[        ] Skipping task ':package_info_plus:packageReleaseResources' as it is up-to-date.
[        ] work action resolve packageReleaseResources (project :package_info_plus) (Thread[#820,Execution worker Thread 4,5,main]) started.
[        ] Resolve mutations for :package_info_plus:parseReleaseLocalResources (Thread[#822,Execution worker Thread 6,5,main]) started.
[        ] :package_info_plus:parseReleaseLocalResources (Thread[#822,Execution worker Thread 6,5,main]) started.
[        ] > Task :package_info_plus:parseReleaseLocalResources UP-TO-DATE
[        ] Caching disabled for task ':package_info_plus:parseReleaseLocalResources' because:
[        ]   Build cache is disabled
[        ] Skipping task ':package_info_plus:parseReleaseLocalResources' as it is up-to-date.
[        ] Resolve mutations for :package_info_plus:generateReleaseRFile (Thread[#822,Execution worker Thread 6,5,main]) started.
[        ] :package_info_plus:generateReleaseRFile (Thread[#822,Execution worker Thread 6,5,main]) started.
[        ] > Task :package_info_plus:generateReleaseRFile UP-TO-DATE
[        ] Caching disabled for task ':package_info_plus:generateReleaseRFile' because:
[        ]   Build cache is disabled
[        ] Skipping task ':package_info_plus:generateReleaseRFile' as it is up-to-date.
[        ] work action resolve package-aware-r.txt (project :package_info_plus) (Thread[#822,Execution worker Thread 6,5,main]) started.
[        ] Resolve mutations for :package_info_plus:compileReleaseKotlin (Thread[#822,Execution worker Thread 6,5,main]) started.
[        ] :package_info_plus:compileReleaseKotlin (Thread[#822,Execution worker Thread 6,5,main]) started.
[  +87 ms] > Task :package_info_plus:compileReleaseKotlin UP-TO-DATE
[        ] Adding -Xuse-inline-scopes-numbers Kotlin compiler flag for task :package_info_plus:compileDebugAndroidTestKotlin
[        ] Caching disabled for task ':package_info_plus:compileReleaseKotlin' because:
[        ]   Build cache is disabled
[        ] Skipping task ':package_info_plus:compileReleaseKotlin' as it is up-to-date.
[        ] Resolve mutations for :package_info_plus:javaPreCompileRelease (Thread[#820,Execution worker Thread 4,5,main]) started.
[        ] :package_info_plus:javaPreCompileRelease (Thread[#820,Execution worker Thread 4,5,main]) started.
[        ] > Task :package_info_plus:javaPreCompileRelease UP-TO-DATE
[        ] Caching disabled for task ':package_info_plus:javaPreCompileRelease' because:
[        ]   Build cache is disabled
[        ] Skipping task ':package_info_plus:javaPreCompileRelease' as it is up-to-date.
[        ] Resolve mutations for :package_info_plus:compileReleaseJavaWithJavac (Thread[#820,Execution worker Thread 4,5,main]) started.
[   +5 ms] :package_info_plus:compileReleaseJavaWithJavac (Thread[#820,Execution worker Thread 4,5,main]) started.
[        ] > Task :package_info_plus:compileReleaseJavaWithJavac NO-SOURCE
[        ] Skipping task ':package_info_plus:compileReleaseJavaWithJavac' as it has no source files and no previous output files.
[        ] Resolve mutations for :package_info_plus:mergeReleaseGeneratedProguardFiles (Thread[#820,Execution worker Thread 4,5,main]) started.
[        ] :package_info_plus:mergeReleaseGeneratedProguardFiles (Thread[#820,Execution worker Thread 4,5,main]) started.
[        ] > Task :package_info_plus:mergeReleaseGeneratedProguardFiles UP-TO-DATE
[        ] Caching disabled for task ':package_info_plus:mergeReleaseGeneratedProguardFiles' because:
[        ]   Build cache is disabled
[        ]   Simple merging task
[        ] Skipping task ':package_info_plus:mergeReleaseGeneratedProguardFiles' as it is up-to-date.
[        ] Resolve mutations for :package_info_plus:exportReleaseConsumerProguardFiles (Thread[#820,Execution worker Thread 4,5,main]) started.
[        ] :package_info_plus:exportReleaseConsumerProguardFiles (Thread[#820,Execution worker Thread 4,5,main]) started.
[        ] > Task :package_info_plus:exportReleaseConsumerProguardFiles UP-TO-DATE
[        ] Caching disabled for task ':package_info_plus:exportReleaseConsumerProguardFiles' because:
[        ]   Build cache is disabled
[        ]   Caching has been disabled for the task
[        ] Skipping task ':package_info_plus:exportReleaseConsumerProguardFiles' as it is up-to-date.
[        ] work action resolve exportReleaseConsumerProguardFiles (project :package_info_plus) (Thread[#820,Execution worker Thread 4,5,main]) started.
[        ] FilterShrinkerRulesTransform (Thread[#820,Execution worker Thread 4,5,main]) started.
[        ] Resolve mutations for :shared_preferences_android:checkKotlinGradlePluginConfigurationErrors (Thread[#820,Execution worker Thread 4,5,main]) started.
[        ] :shared_preferences_android:checkKotlinGradlePluginConfigurationErrors (Thread[#820,Execution worker Thread 4,5,main]) started.
[        ] > Task :shared_preferences_android:checkKotlinGradlePluginConfigurationErrors SKIPPED
[        ] Skipping task ':shared_preferences_android:checkKotlinGradlePluginConfigurationErrors' as task onlyIf 'errorDiagnostics are present' is false.
[        ] Resolve mutations for :shared_preferences_android:generateReleaseResValues (Thread[#820,Execution worker Thread 4,5,main]) started.
[        ] :shared_preferences_android:generateReleaseResValues (Thread[#820,Execution worker Thread 4,5,main]) started.
[        ] > Task :shared_preferences_android:generateReleaseResValues UP-TO-DATE
[        ] Caching disabled for task ':shared_preferences_android:generateReleaseResValues' because:
[        ]   Build cache is disabled
[        ] Skipping task ':shared_preferences_android:generateReleaseResValues' as it is up-to-date.
[        ] Resolve mutations for :shared_preferences_android:generateReleaseResources (Thread[#820,Execution worker Thread 4,5,main]) started.
[        ] :shared_preferences_android:generateReleaseResources (Thread[#820,Execution worker Thread 4,5,main]) started.
[        ] > Task :shared_preferences_android:generateReleaseResources UP-TO-DATE
[        ] Caching disabled for task ':shared_preferences_android:generateReleaseResources' because:
[        ]   Build cache is disabled
[        ] Skipping task ':shared_preferences_android:generateReleaseResources' as it is up-to-date.
[        ] Resolve mutations for :shared_preferences_android:packageReleaseResources (Thread[#820,Execution worker Thread 4,5,main]) started.
[        ] :shared_preferences_android:packageReleaseResources (Thread[#820,Execution worker Thread 4,5,main]) started.
[        ] > Task :shared_preferences_android:packageReleaseResources UP-TO-DATE
[        ] Caching disabled for task ':shared_preferences_android:packageReleaseResources' because:
[        ]   Build cache is disabled
[        ] Skipping task ':shared_preferences_android:packageReleaseResources' as it is up-to-date.
[        ] work action resolve packageReleaseResources (project :shared_preferences_android) (Thread[#820,Execution worker Thread 4,5,main]) started.
[        ] Resolve mutations for :shared_preferences_android:parseReleaseLocalResources (Thread[#820,Execution worker Thread 4,5,main]) started.
[        ] :shared_preferences_android:parseReleaseLocalResources (Thread[#820,Execution worker Thread 4,5,main]) started.
[        ] > Task :shared_preferences_android:parseReleaseLocalResources UP-TO-DATE
[        ] Caching disabled for task ':shared_preferences_android:parseReleaseLocalResources' because:
[        ]   Build cache is disabled
[        ] Skipping task ':shared_preferences_android:parseReleaseLocalResources' as it is up-to-date.
[        ] Resolve mutations for :shared_preferences_android:generateReleaseRFile (Thread[#820,Execution worker Thread 4,5,main]) started.
[        ] :shared_preferences_android:generateReleaseRFile (Thread[#820,Execution worker Thread 4,5,main]) started.
[        ] > Task :shared_preferences_android:generateReleaseRFile UP-TO-DATE
[        ] Caching disabled for task ':shared_preferences_android:generateReleaseRFile' because:
[        ]   Build cache is disabled
[        ] Skipping task ':shared_preferences_android:generateReleaseRFile' as it is up-to-date.
[        ] work action resolve package-aware-r.txt (project :shared_preferences_android) (Thread[#820,Execution worker Thread 4,5,main]) started.
[        ] Resolve mutations for :shared_preferences_android:compileReleaseKotlin (Thread[#820,Execution worker Thread 4,5,main]) started.
[        ] :shared_preferences_android:compileReleaseKotlin (Thread[#820,Execution worker Thread 4,5,main]) started.
[ +186 ms] > Task :shared_preferences_android:compileReleaseKotlin UP-TO-DATE
[        ] Adding -Xuse-inline-scopes-numbers Kotlin compiler flag for task :shared_preferences_android:compileDebugAndroidTestKotlin
[        ] Caching disabled for task ':shared_preferences_android:compileReleaseKotlin' because:
[        ]   Build cache is disabled
[        ] Skipping task ':shared_preferences_android:compileReleaseKotlin' as it is up-to-date.
[        ] Resolve mutations for :shared_preferences_android:javaPreCompileRelease (Thread[#821,Execution worker Thread 5,5,main]) started.
[        ] :shared_preferences_android:javaPreCompileRelease (Thread[#821,Execution worker Thread 5,5,main]) started.
[        ] > Task :shared_preferences_android:javaPreCompileRelease UP-TO-DATE
[        ] Caching disabled for task ':shared_preferences_android:javaPreCompileRelease' because:
[        ]   Build cache is disabled
[        ] Skipping task ':shared_preferences_android:javaPreCompileRelease' as it is up-to-date.
[        ] Resolve mutations for :shared_preferences_android:compileReleaseJavaWithJavac (Thread[#821,Execution worker Thread 5,5,main]) started.
[        ] :shared_preferences_android:compileReleaseJavaWithJavac (Thread[#821,Execution worker Thread 5,5,main]) started.
[        ] > Task :shared_preferences_android:compileReleaseJavaWithJavac NO-SOURCE
[        ] Skipping task ':shared_preferences_android:compileReleaseJavaWithJavac' as it has no source files and no previous output files.
[        ] Resolve mutations for :shared_preferences_android:mergeReleaseGeneratedProguardFiles (Thread[#821,Execution worker Thread 5,5,main]) started.
[        ] :shared_preferences_android:mergeReleaseGeneratedProguardFiles (Thread[#821,Execution worker Thread 5,5,main]) started.
[        ] > Task :shared_preferences_android:mergeReleaseGeneratedProguardFiles UP-TO-DATE
[        ] Caching disabled for task ':shared_preferences_android:mergeReleaseGeneratedProguardFiles' because:
[        ]   Build cache is disabled
[        ]   Simple merging task
[        ] Skipping task ':shared_preferences_android:mergeReleaseGeneratedProguardFiles' as it is up-to-date.
[   +1 ms] Resolve mutations for :shared_preferences_android:exportReleaseConsumerProguardFiles (Thread[#821,Execution worker Thread 5,5,main]) started.
[        ] :shared_preferences_android:exportReleaseConsumerProguardFiles (Thread[#821,Execution worker Thread 5,5,main]) started.
[        ] > Task :shared_preferences_android:exportReleaseConsumerProguardFiles UP-TO-DATE
[        ] Caching disabled for task ':shared_preferences_android:exportReleaseConsumerProguardFiles' because:
[        ]   Build cache is disabled
[        ]   Caching has been disabled for the task
[        ] Skipping task ':shared_preferences_android:exportReleaseConsumerProguardFiles' as it is up-to-date.
[        ] work action resolve exportReleaseConsumerProguardFiles (project :shared_preferences_android) (Thread[#821,Execution worker Thread 5,5,main]) started.
[        ] FilterShrinkerRulesTransform (Thread[#821,Execution worker Thread 5,5,main]) started.
[        ] Resolve mutations for :android_file_picker:bundleLibCompileToJarRelease (Thread[#821,Execution worker Thread 5,5,main]) started.
[        ] :android_file_picker:bundleLibCompileToJarRelease (Thread[#821,Execution worker Thread 5,5,main]) started.
[        ] > Task :android_file_picker:bundleLibCompileToJarRelease UP-TO-DATE
[        ] Caching disabled for task ':android_file_picker:bundleLibCompileToJarRelease' because:
[        ]   Build cache is disabled
[        ]   Simple merging task
[        ] Skipping task ':android_file_picker:bundleLibCompileToJarRelease' as it is up-to-date.
[        ] work action resolve classes.jar (project :android_file_picker) (Thread[#821,Execution worker Thread 5,5,main]) started.
[        ] Resolve mutations for :android_file_picker:bundleLibRuntimeToJarRelease (Thread[#821,Execution worker Thread 5,5,main]) started.
[        ] :android_file_picker:bundleLibRuntimeToJarRelease (Thread[#821,Execution worker Thread 5,5,main]) started.
[        ] > Task :android_file_picker:bundleLibRuntimeToJarRelease UP-TO-DATE
[        ] Caching disabled for task ':android_file_picker:bundleLibRuntimeToJarRelease' because:
[        ]   Build cache is disabled
[        ]   Simple merging task
[        ] Skipping task ':android_file_picker:bundleLibRuntimeToJarRelease' as it is up-to-date.
[        ] work action resolve classes.jar (project :android_file_picker) (Thread[#821,Execution worker Thread 5,5,main]) started.
[        ] Resolve mutations for :app:buildKotlinToolingMetadata (Thread[#821,Execution worker Thread 5,5,main]) started.
[        ] :app:buildKotlinToolingMetadata (Thread[#821,Execution worker Thread 5,5,main]) started.
[        ] > Task :app:buildKotlinToolingMetadata UP-TO-DATE
[        ] Caching disabled for task ':app:buildKotlinToolingMetadata' because:
[        ]   Build cache is disabled
[        ]   Caching has been disabled for the task
[        ] Skipping task ':app:buildKotlinToolingMetadata' as it is up-to-date.
[        ] Resolve mutations for :app:checkReleaseDuplicateClasses (Thread[#821,Execution worker Thread 5,5,main]) started.
[        ] :app:checkReleaseDuplicateClasses (Thread[#821,Execution worker Thread 5,5,main]) started.
[        ] > Task :app:checkReleaseDuplicateClasses UP-TO-DATE
[        ] Caching disabled for task ':app:checkReleaseDuplicateClasses' because:
[        ]   Build cache is disabled
[        ]   Caching has been disabled for the task
[        ] Skipping task ':app:checkReleaseDuplicateClasses' as it is up-to-date.
[        ] Resolve mutations for :app:checkKotlinGradlePluginConfigurationErrors (Thread[#821,Execution worker Thread 5,5,main]) started.
[        ] :app:checkKotlinGradlePluginConfigurationErrors (Thread[#821,Execution worker Thread 5,5,main]) started.
[        ] > Task :app:checkKotlinGradlePluginConfigurationErrors SKIPPED
[   +3 ms] Skipping task ':app:checkKotlinGradlePluginConfigurationErrors' as task onlyIf 'errorDiagnostics are present' is false.
[        ] Resolve mutations for :jni:writeReleaseAarMetadata (Thread[#821,Execution worker Thread 5,5,main]) started.
[        ] :jni:writeReleaseAarMetadata (Thread[#821,Execution worker Thread 5,5,main]) started.
[        ] > Task :jni:writeReleaseAarMetadata UP-TO-DATE
[        ] Caching disabled for task ':jni:writeReleaseAarMetadata' because:
[        ]   Build cache is disabled
[        ]   Caching has been disabled for the task
[        ] Skipping task ':jni:writeReleaseAarMetadata' as it is up-to-date.
[        ] work action resolve aar-metadata.properties (project :jni) (Thread[#821,Execution worker Thread 5,5,main]) started.
[        ] Resolve mutations for :jni_flutter:writeReleaseAarMetadata (Thread[#821,Execution worker Thread 5,5,main]) started.
[        ] :jni_flutter:writeReleaseAarMetadata (Thread[#821,Execution worker Thread 5,5,main]) started.
[        ] > Task :jni_flutter:writeReleaseAarMetadata UP-TO-DATE
[        ] Caching disabled for task ':jni_flutter:writeReleaseAarMetadata' because:
[        ]   Build cache is disabled
[        ]   Caching has been disabled for the task
[        ] Skipping task ':jni_flutter:writeReleaseAarMetadata' as it is up-to-date.
[        ] work action resolve aar-metadata.properties (project :jni_flutter) (Thread[#821,Execution worker Thread 5,5,main]) started.
[        ] Resolve mutations for :mobile_scanner:writeReleaseAarMetadata (Thread[#821,Execution worker Thread 5,5,main]) started.
[        ] :mobile_scanner:writeReleaseAarMetadata (Thread[#821,Execution worker Thread 5,5,main]) started.
[        ] > Task :mobile_scanner:writeReleaseAarMetadata UP-TO-DATE
[        ] Caching disabled for task ':mobile_scanner:writeReleaseAarMetadata' because:
[        ]   Build cache is disabled
[        ]   Caching has been disabled for the task
[        ] Skipping task ':mobile_scanner:writeReleaseAarMetadata' as it is up-to-date.
[        ] work action resolve aar-metadata.properties (project :mobile_scanner) (Thread[#821,Execution worker Thread 5,5,main]) started.
[        ] Resolve mutations for :package_info_plus:writeReleaseAarMetadata (Thread[#819,Execution worker Thread 3,5,main]) started.
[        ] :package_info_plus:writeReleaseAarMetadata (Thread[#819,Execution worker Thread 3,5,main]) started.
[        ] > Task :package_info_plus:writeReleaseAarMetadata UP-TO-DATE
[        ] Caching disabled for task ':package_info_plus:writeReleaseAarMetadata' because:
[        ]   Build cache is disabled
[        ]   Caching has been disabled for the task
[        ] Skipping task ':package_info_plus:writeReleaseAarMetadata' as it is up-to-date.
[        ] work action resolve aar-metadata.properties (project :package_info_plus) (Thread[#819,Execution worker Thread 3,5,main]) started.
[        ] Resolve mutations for :shared_preferences_android:writeReleaseAarMetadata (Thread[#819,Execution worker Thread 3,5,main]) started.
[        ] :shared_preferences_android:writeReleaseAarMetadata (Thread[#819,Execution worker Thread 3,5,main]) started.
[        ] > Task :shared_preferences_android:writeReleaseAarMetadata UP-TO-DATE
[        ] Caching disabled for task ':shared_preferences_android:writeReleaseAarMetadata' because:
[        ]   Build cache is disabled
[        ]   Caching has been disabled for the task
[        ] Skipping task ':shared_preferences_android:writeReleaseAarMetadata' as it is up-to-date.
[        ] work action resolve aar-metadata.properties (project :shared_preferences_android) (Thread[#819,Execution worker Thread 3,5,main]) started.
[        ] Resolve mutations for :app:checkReleaseAarMetadata (Thread[#819,Execution worker Thread 3,5,main]) started.
[        ] :app:checkReleaseAarMetadata (Thread[#819,Execution worker Thread 3,5,main]) started.
[        ] > Task :app:checkReleaseAarMetadata UP-TO-DATE
[        ] Caching disabled for task ':app:checkReleaseAarMetadata' because:
[        ]   Build cache is disabled
[        ]   Caching has been disabled for the task
[        ] Skipping task ':app:checkReleaseAarMetadata' as it is up-to-date.
[        ] Resolve mutations for :app:cleanMergeReleaseAssets (Thread[#819,Execution worker Thread 3,5,main]) started.
[        ] :app:cleanMergeReleaseAssets (Thread[#819,Execution worker Thread 3,5,main]) started.
[        ] > Task :app:cleanMergeReleaseAssets
[        ] Caching disabled for task ':app:cleanMergeReleaseAssets' because:
[        ]   Build cache is disabled
[        ] Task ':app:cleanMergeReleaseAssets' is not up-to-date because:
[        ]   Task has not declared any outputs despite executing actions.
[        ] Resolve mutations for :app:mergeReleaseShaders (Thread[#819,Execution worker Thread 3,5,main]) started.
[        ] :app:mergeReleaseShaders (Thread[#819,Execution worker Thread 3,5,main]) started.
[        ] > Task :app:mergeReleaseShaders UP-TO-DATE
[        ] Caching disabled for task ':app:mergeReleaseShaders' because:
[        ]   Build cache is disabled
[        ]   Simple merging task
[        ] Skipping task ':app:mergeReleaseShaders' as it is up-to-date.
[        ] Resolve mutations for :app:compileReleaseShaders (Thread[#819,Execution worker Thread 3,5,main]) started.
[        ] :app:compileReleaseShaders (Thread[#819,Execution worker Thread 3,5,main]) started.
[        ] > Task :app:compileReleaseShaders NO-SOURCE
[        ] Skipping task ':app:compileReleaseShaders' as it has no source files and no previous output files.
[        ] Resolve mutations for :app:generateReleaseAssets (Thread[#819,Execution worker Thread 3,5,main]) started.
[        ] :app:generateReleaseAssets (Thread[#819,Execution worker Thread 3,5,main]) started.
[        ] > Task :app:generateReleaseAssets UP-TO-DATE
[        ] Skipping task ':app:generateReleaseAssets' as it has no actions.
[        ] Resolve mutations for :jni:mergeReleaseShaders (Thread[#819,Execution worker Thread 3,5,main]) started.
[        ] :jni:mergeReleaseShaders (Thread[#819,Execution worker Thread 3,5,main]) started.
[        ] > Task :jni:mergeReleaseShaders UP-TO-DATE
[        ] Caching disabled for task ':jni:mergeReleaseShaders' because:
[        ]   Build cache is disabled
[        ]   Simple merging task
[        ] Skipping task ':jni:mergeReleaseShaders' as it is up-to-date.
[        ] Resolve mutations for :jni:compileReleaseShaders (Thread[#819,Execution worker Thread 3,5,main]) started.
[        ] :jni:compileReleaseShaders (Thread[#819,Execution worker Thread 3,5,main]) started.
[        ] > Task :jni:compileReleaseShaders NO-SOURCE
[        ] Skipping task ':jni:compileReleaseShaders' as it has no source files and no previous output files.
[        ] Resolve mutations for :jni:generateReleaseAssets (Thread[#819,Execution worker Thread 3,5,main]) started.
[        ] :jni:generateReleaseAssets (Thread[#819,Execution worker Thread 3,5,main]) started.
[        ] > Task :jni:generateReleaseAssets UP-TO-DATE
[        ] Skipping task ':jni:generateReleaseAssets' as it has no actions.
[        ] Resolve mutations for :jni:mergeReleaseAssets (Thread[#819,Execution worker Thread 3,5,main]) started.
[        ] :jni:mergeReleaseAssets (Thread[#819,Execution worker Thread 3,5,main]) started.
[  +78 ms] > Task :jni:mergeReleaseAssets UP-TO-DATE
[        ] Caching disabled for task ':jni:mergeReleaseAssets' because:
[        ]   Build cache is disabled
[        ]   Simple merging task
[        ] Skipping task ':jni:mergeReleaseAssets' as it is up-to-date.
[        ] work action resolve mergeReleaseAssets (project :jni) (Thread[#819,Execution worker Thread 3,5,main]) started.
[        ] Resolve mutations for :jni_flutter:mergeReleaseShaders (Thread[#819,Execution worker Thread 3,5,main]) started.
[        ] :jni_flutter:mergeReleaseShaders (Thread[#819,Execution worker Thread 3,5,main]) started.
[        ] > Task :jni_flutter:mergeReleaseShaders UP-TO-DATE
[        ] Caching disabled for task ':jni_flutter:mergeReleaseShaders' because:
[        ]   Build cache is disabled
[        ]   Simple merging task
[        ] Skipping task ':jni_flutter:mergeReleaseShaders' as it is up-to-date.
[        ] Resolve mutations for :jni_flutter:compileReleaseShaders (Thread[#819,Execution worker Thread 3,5,main]) started.
[        ] :jni_flutter:compileReleaseShaders (Thread[#819,Execution worker Thread 3,5,main]) started.
[        ] > Task :jni_flutter:compileReleaseShaders NO-SOURCE
[        ] Skipping task ':jni_flutter:compileReleaseShaders' as it has no source files and no previous output files.
[        ] Resolve mutations for :jni_flutter:generateReleaseAssets (Thread[#819,Execution worker Thread 3,5,main]) started.
[        ] :jni_flutter:generateReleaseAssets (Thread[#819,Execution worker Thread 3,5,main]) started.
[        ] > Task :jni_flutter:generateReleaseAssets UP-TO-DATE
[        ] Skipping task ':jni_flutter:generateReleaseAssets' as it has no actions.
[        ] Resolve mutations for :jni_flutter:mergeReleaseAssets (Thread[#819,Execution worker Thread 3,5,main]) started.
[        ] :jni_flutter:mergeReleaseAssets (Thread[#819,Execution worker Thread 3,5,main]) started.
[        ] > Task :jni_flutter:mergeReleaseAssets UP-TO-DATE
[        ] Caching disabled for task ':jni_flutter:mergeReleaseAssets' because:
[        ]   Build cache is disabled
[        ]   Simple merging task
[        ] Skipping task ':jni_flutter:mergeReleaseAssets' as it is up-to-date.
[        ] work action resolve mergeReleaseAssets (project :jni_flutter) (Thread[#819,Execution worker Thread 3,5,main]) started.
[        ] Resolve mutations for :mobile_scanner:mergeReleaseShaders (Thread[#819,Execution worker Thread 3,5,main]) started.
[        ] :mobile_scanner:mergeReleaseShaders (Thread[#819,Execution worker Thread 3,5,main]) started.
[        ] > Task :mobile_scanner:mergeReleaseShaders UP-TO-DATE
[        ] Caching disabled for task ':mobile_scanner:mergeReleaseShaders' because:
[        ]   Build cache is disabled
[        ]   Simple merging task
[        ] Skipping task ':mobile_scanner:mergeReleaseShaders' as it is up-to-date.
[        ] Resolve mutations for :mobile_scanner:compileReleaseShaders (Thread[#823,Execution worker Thread 7,5,main]) started.
[        ] :mobile_scanner:compileReleaseShaders (Thread[#823,Execution worker Thread 7,5,main]) started.
[        ] > Task :mobile_scanner:compileReleaseShaders NO-SOURCE
[        ] Skipping task ':mobile_scanner:compileReleaseShaders' as it has no source files and no previous output files.
[        ] Resolve mutations for :mobile_scanner:generateReleaseAssets (Thread[#823,Execution worker Thread 7,5,main]) started.
[        ] :mobile_scanner:generateReleaseAssets (Thread[#823,Execution worker Thread 7,5,main]) started.
[        ] > Task :mobile_scanner:generateReleaseAssets UP-TO-DATE
[        ] Skipping task ':mobile_scanner:generateReleaseAssets' as it has no actions.
[        ] Resolve mutations for :mobile_scanner:mergeReleaseAssets (Thread[#823,Execution worker Thread 7,5,main]) started.
[        ] :mobile_scanner:mergeReleaseAssets (Thread[#823,Execution worker Thread 7,5,main]) started.
[        ] > Task :mobile_scanner:mergeReleaseAssets UP-TO-DATE
[        ] Caching disabled for task ':mobile_scanner:mergeReleaseAssets' because:
[        ]   Build cache is disabled
[        ]   Simple merging task
[        ] Skipping task ':mobile_scanner:mergeReleaseAssets' as it is up-to-date.
[        ] work action resolve mergeReleaseAssets (project :mobile_scanner) (Thread[#823,Execution worker Thread 7,5,main]) started.
[        ] Resolve mutations for :package_info_plus:mergeReleaseShaders (Thread[#823,Execution worker Thread 7,5,main]) started.
[        ] :package_info_plus:mergeReleaseShaders (Thread[#823,Execution worker Thread 7,5,main]) started.
[        ] > Task :package_info_plus:mergeReleaseShaders UP-TO-DATE
[        ] Caching disabled for task ':package_info_plus:mergeReleaseShaders' because:
[        ]   Build cache is disabled
[        ]   Simple merging task
[        ] Skipping task ':package_info_plus:mergeReleaseShaders' as it is up-to-date.
[        ] Resolve mutations for :package_info_plus:compileReleaseShaders (Thread[#823,Execution worker Thread 7,5,main]) started.
[        ] :package_info_plus:compileReleaseShaders (Thread[#823,Execution worker Thread 7,5,main]) started.
[        ] > Task :package_info_plus:compileReleaseShaders NO-SOURCE
[        ] Skipping task ':package_info_plus:compileReleaseShaders' as it has no source files and no previous output files.
[        ] Resolve mutations for :package_info_plus:generateReleaseAssets (Thread[#823,Execution worker Thread 7,5,main]) started.
[        ] :package_info_plus:generateReleaseAssets (Thread[#823,Execution worker Thread 7,5,main]) started.
[        ] > Task :package_info_plus:generateReleaseAssets UP-TO-DATE
[        ] Skipping task ':package_info_plus:generateReleaseAssets' as it has no actions.
[        ] Resolve mutations for :package_info_plus:mergeReleaseAssets (Thread[#823,Execution worker Thread 7,5,main]) started.
[        ] :package_info_plus:mergeReleaseAssets (Thread[#823,Execution worker Thread 7,5,main]) started.
[        ] > Task :package_info_plus:mergeReleaseAssets UP-TO-DATE
[        ] Caching disabled for task ':package_info_plus:mergeReleaseAssets' because:
[        ]   Build cache is disabled
[        ]   Simple merging task
[        ] Skipping task ':package_info_plus:mergeReleaseAssets' as it is up-to-date.
[        ] work action resolve mergeReleaseAssets (project :package_info_plus) (Thread[#823,Execution worker Thread 7,5,main]) started.
[        ] Resolve mutations for :shared_preferences_android:mergeReleaseShaders (Thread[#823,Execution worker Thread 7,5,main]) started.
[        ] :shared_preferences_android:mergeReleaseShaders (Thread[#823,Execution worker Thread 7,5,main]) started.
[        ] > Task :shared_preferences_android:mergeReleaseShaders UP-TO-DATE
[        ] Caching disabled for task ':shared_preferences_android:mergeReleaseShaders' because:
[        ]   Build cache is disabled
[        ]   Simple merging task
[        ] Skipping task ':shared_preferences_android:mergeReleaseShaders' as it is up-to-date.
[        ] Resolve mutations for :shared_preferences_android:compileReleaseShaders (Thread[#823,Execution worker Thread 7,5,main]) started.
[        ] :shared_preferences_android:compileReleaseShaders (Thread[#823,Execution worker Thread 7,5,main]) started.
[        ] > Task :shared_preferences_android:compileReleaseShaders NO-SOURCE
[        ] Skipping task ':shared_preferences_android:compileReleaseShaders' as it has no source files and no previous output files.
[        ] Resolve mutations for :shared_preferences_android:generateReleaseAssets (Thread[#823,Execution worker Thread 7,5,main]) started.
[        ] :shared_preferences_android:generateReleaseAssets (Thread[#823,Execution worker Thread 7,5,main]) started.
[        ] > Task :shared_preferences_android:generateReleaseAssets UP-TO-DATE
[        ] Skipping task ':shared_preferences_android:generateReleaseAssets' as it has no actions.
[        ] Resolve mutations for :shared_preferences_android:mergeReleaseAssets (Thread[#819,Execution worker Thread 3,5,main]) started.
[        ] :shared_preferences_android:mergeReleaseAssets (Thread[#819,Execution worker Thread 3,5,main]) started.
[        ] > Task :shared_preferences_android:mergeReleaseAssets UP-TO-DATE
[        ] Caching disabled for task ':shared_preferences_android:mergeReleaseAssets' because:
[        ]   Build cache is disabled
[        ]   Simple merging task
[        ] Skipping task ':shared_preferences_android:mergeReleaseAssets' as it is up-to-date.
[        ] work action resolve mergeReleaseAssets (project :shared_preferences_android) (Thread[#819,Execution worker Thread 3,5,main]) started.
[        ] Resolve mutations for :app:mergeReleaseAssets (Thread[#819,Execution worker Thread 3,5,main]) started.
[        ] :app:mergeReleaseAssets (Thread[#819,Execution worker Thread 3,5,main]) started.
[        ] > Task :app:mergeReleaseAssets
[        ] Caching disabled for task ':app:mergeReleaseAssets' because:
[        ]   Build cache is disabled
[        ]   Simple merging task
[        ] Task ':app:mergeReleaseAssets' is not up-to-date because:
[        ]   Output property 'outputDir' file C:\Users\BH2VSQ\Downloads\qsl_manager_mobile\build\app\intermediates\assets\release\mergeReleaseAssets has been removed.
[        ]   Output property 'outputDir' file C:\Users\BH2VSQ\Downloads\qsl_manager_mobile\build\app\intermediates\assets\release\mergeReleaseAssets\mlkit_barcode_models has been removed.
[        ]   Output property 'outputDir' file C:\Users\BH2VSQ\Downloads\qsl_manager_mobile\build\app\intermediates\assets\release\mergeReleaseAssets\mlkit_barcode_models\barcode_ssd_mobilenet_v1_dmp25_quant.tflite has been removed.
[        ]   and more...
[        ] The input changes require a full rebuild for incremental task ':app:mergeReleaseAssets'.
[        ] Resolve mutations for :app:copyFlutterAssetsRelease (Thread[#819,Execution worker Thread 3,5,main]) started.
[        ] :app:copyFlutterAssetsRelease (Thread[#819,Execution worker Thread 3,5,main]) started.
[  +88 ms] > Task :app:copyFlutterAssetsRelease
[        ] Caching disabled for task ':app:copyFlutterAssetsRelease' because:
[        ]   Build cache is disabled
[        ]   Not worth caching
[        ] Task ':app:copyFlutterAssetsRelease' is not up-to-date because:
[        ]   Output property 'destinationDir' file C:\Users\BH2VSQ\Downloads\qsl_manager_mobile\build\app\intermediates\assets\release\mergeReleaseAssets\flutter_assets has been removed.
[        ]   Output property 'destinationDir' file C:\Users\BH2VSQ\Downloads\qsl_manager_mobile\build\app\intermediates\assets\release\mergeReleaseAssets\flutter_assets\AssetManifest.bin has been removed.
[        ]   Output property 'destinationDir' file C:\Users\BH2VSQ\Downloads\qsl_manager_mobile\build\app\intermediates\assets\release\mergeReleaseAssets\flutter_assets\FontManifest.json has been removed.
[        ]   and more...
[        ] Resolve mutations for :app:generateReleaseResValues (Thread[#819,Execution worker Thread 3,5,main]) started.
[        ] :app:generateReleaseResValues (Thread[#819,Execution worker Thread 3,5,main]) started.
[        ] > Task :app:generateReleaseResValues UP-TO-DATE
[        ] Caching disabled for task ':app:generateReleaseResValues' because:
[        ]   Build cache is disabled
[        ] Skipping task ':app:generateReleaseResValues' as it is up-to-date.
[        ] Resolve mutations for :app:mapReleaseSourceSetPaths (Thread[#819,Execution worker Thread 3,5,main]) started.
[        ] :app:mapReleaseSourceSetPaths (Thread[#819,Execution worker Thread 3,5,main]) started.
[        ] > Task :app:mapReleaseSourceSetPaths UP-TO-DATE
[        ] Caching disabled for task ':app:mapReleaseSourceSetPaths' because:
[        ]   Build cache is disabled
[        ]   Caching has been disabled for the task
[        ] Skipping task ':app:mapReleaseSourceSetPaths' as it is up-to-date.
[        ] Resolve mutations for :app:generateReleaseResources (Thread[#819,Execution worker Thread 3,5,main]) started.
[        ] :app:generateReleaseResources (Thread[#819,Execution worker Thread 3,5,main]) started.
[        ] > Task :app:generateReleaseResources UP-TO-DATE
[        ] Caching disabled for task ':app:generateReleaseResources' because:
[        ]   Build cache is disabled
[        ] Skipping task ':app:generateReleaseResources' as it is up-to-date.
[        ] Resolve mutations for :app:mergeReleaseResources (Thread[#819,Execution worker Thread 3,5,main]) started.
[        ] :app:mergeReleaseResources (Thread[#819,Execution worker Thread 3,5,main]) started.
[  +98 ms] > Task :app:mergeReleaseResources UP-TO-DATE
[        ] Caching disabled for task ':app:mergeReleaseResources' because:
[        ]   Build cache is disabled
[        ] Skipping task ':app:mergeReleaseResources' as it is up-to-date.
[        ] Resolve mutations for :app:packageReleaseResources (Thread[#819,Execution worker Thread 3,5,main]) started.
[        ] :app:packageReleaseResources (Thread[#819,Execution worker Thread 3,5,main]) started.
[        ] > Task :app:packageReleaseResources UP-TO-DATE
[        ] Caching disabled for task ':app:packageReleaseResources' because:
[        ]   Build cache is disabled
[        ] Skipping task ':app:packageReleaseResources' as it is up-to-date.
[        ] Resolve mutations for :app:parseReleaseLocalResources (Thread[#819,Execution worker Thread 3,5,main]) started.
[        ] :app:parseReleaseLocalResources (Thread[#819,Execution worker Thread 3,5,main]) started.
[        ] > Task :app:parseReleaseLocalResources UP-TO-DATE
[        ] Caching disabled for task ':app:parseReleaseLocalResources' because:
[        ]   Build cache is disabled
[        ] Skipping task ':app:parseReleaseLocalResources' as it is up-to-date.
[        ] Resolve mutations for :app:createReleaseCompatibleScreenManifests (Thread[#819,Execution worker Thread 3,5,main]) started.
[        ] :app:createReleaseCompatibleScreenManifests (Thread[#819,Execution worker Thread 3,5,main]) started.
[        ] > Task :app:createReleaseCompatibleScreenManifests UP-TO-DATE
[        ] Caching disabled for task ':app:createReleaseCompatibleScreenManifests' because:
[        ]   Build cache is disabled
[        ]   Caching has been disabled for the task
[        ] Skipping task ':app:createReleaseCompatibleScreenManifests' as it is up-to-date.
[        ] Resolve mutations for :android_file_picker:extractDeepLinksRelease (Thread[#819,Execution worker Thread 3,5,main]) started.
[        ] :android_file_picker:extractDeepLinksRelease (Thread[#819,Execution worker Thread 3,5,main]) started.
[        ] > Task :android_file_picker:extractDeepLinksRelease UP-TO-DATE
[        ] Caching disabled for task ':android_file_picker:extractDeepLinksRelease' because:
[        ]   Build cache is disabled
[        ] Skipping task ':android_file_picker:extractDeepLinksRelease' as it is up-to-date.
[        ] work action resolve navigation.json (project :android_file_picker) (Thread[#819,Execution worker Thread 3,5,main]) started.
[        ] Resolve mutations for :app:extractDeepLinksRelease (Thread[#819,Execution worker Thread 3,5,main]) started.
[        ] :app:extractDeepLinksRelease (Thread[#819,Execution worker Thread 3,5,main]) started.
[        ] > Task :app:extractDeepLinksRelease UP-TO-DATE
[        ] Caching disabled for task ':app:extractDeepLinksRelease' because:
[        ]   Build cache is disabled
[        ] Skipping task ':app:extractDeepLinksRelease' as it is up-to-date.
[        ] Resolve mutations for :jni:extractDeepLinksRelease (Thread[#819,Execution worker Thread 3,5,main]) started.
[        ] :jni:extractDeepLinksRelease (Thread[#819,Execution worker Thread 3,5,main]) started.
[        ] > Task :jni:extractDeepLinksRelease UP-TO-DATE
[        ] Caching disabled for task ':jni:extractDeepLinksRelease' because:
[        ]   Build cache is disabled
[        ] Skipping task ':jni:extractDeepLinksRelease' as it is up-to-date.
[        ] work action resolve navigation.json (project :jni) (Thread[#819,Execution worker Thread 3,5,main]) started.
[        ] Resolve mutations for :jni:processReleaseManifest (Thread[#822,Execution worker Thread 6,5,main]) started.
[        ] :jni:processReleaseManifest (Thread[#822,Execution worker Thread 6,5,main]) started.
[        ] > Task :jni:processReleaseManifest UP-TO-DATE
[        ] Caching disabled for task ':jni:processReleaseManifest' because:
[        ]   Build cache is disabled
[        ] Skipping task ':jni:processReleaseManifest' as it is up-to-date.
[        ] work action resolve AndroidManifest.xml (project :jni) (Thread[#822,Execution worker Thread 6,5,main]) started.
[        ] Resolve mutations for :jni_flutter:extractDeepLinksRelease (Thread[#818,Execution worker Thread 2,5,main]) started.
[        ] :jni_flutter:extractDeepLinksRelease (Thread[#818,Execution worker Thread 2,5,main]) started.
[        ] > Task :jni_flutter:extractDeepLinksRelease UP-TO-DATE
[        ] Caching disabled for task ':jni_flutter:extractDeepLinksRelease' because:
[        ]   Build cache is disabled
[        ] Skipping task ':jni_flutter:extractDeepLinksRelease' as it is up-to-date.
[        ] work action resolve navigation.json (project :jni_flutter) (Thread[#818,Execution worker Thread 2,5,main]) started.
[        ] Resolve mutations for :jni_flutter:processReleaseManifest (Thread[#818,Execution worker Thread 2,5,main]) started.
[        ] :jni_flutter:processReleaseManifest (Thread[#818,Execution worker Thread 2,5,main]) started.
[        ] > Task :jni_flutter:processReleaseManifest UP-TO-DATE
[        ] Caching disabled for task ':jni_flutter:processReleaseManifest' because:
[        ]   Build cache is disabled
[        ] Skipping task ':jni_flutter:processReleaseManifest' as it is up-to-date.
[        ] work action resolve AndroidManifest.xml (project :jni_flutter) (Thread[#818,Execution worker Thread 2,5,main]) started.
[        ] Resolve mutations for :mobile_scanner:extractDeepLinksRelease (Thread[#818,Execution worker Thread 2,5,main]) started.
[        ] :mobile_scanner:extractDeepLinksRelease (Thread[#818,Execution worker Thread 2,5,main]) started.
[        ] > Task :mobile_scanner:extractDeepLinksRelease UP-TO-DATE
[        ] Caching disabled for task ':mobile_scanner:extractDeepLinksRelease' because:
[        ]   Build cache is disabled
[        ] Skipping task ':mobile_scanner:extractDeepLinksRelease' as it is up-to-date.
[        ] work action resolve navigation.json (project :mobile_scanner) (Thread[#818,Execution worker Thread 2,5,main]) started.
[        ] Resolve mutations for :mobile_scanner:processReleaseManifest (Thread[#818,Execution worker Thread 2,5,main]) started.
[        ] :mobile_scanner:processReleaseManifest (Thread[#818,Execution worker Thread 2,5,main]) started.
[        ] > Task :mobile_scanner:processReleaseManifest UP-TO-DATE
[        ] Caching disabled for task ':mobile_scanner:processReleaseManifest' because:
[        ]   Build cache is disabled
[        ] Skipping task ':mobile_scanner:processReleaseManifest' as it is up-to-date.
[        ] work action resolve AndroidManifest.xml (project :mobile_scanner) (Thread[#818,Execution worker Thread 2,5,main]) started.
[  +12 ms] Resolve mutations for :package_info_plus:extractDeepLinksRelease (Thread[#816,included builds,5,main]) started.
[   +5 ms] :package_info_plus:extractDeepLinksRelease (Thread[#816,included builds,5,main]) started.
[        ] > Task :package_info_plus:extractDeepLinksRelease UP-TO-DATE
[        ] Caching disabled for task ':package_info_plus:extractDeepLinksRelease' because:
[        ]   Build cache is disabled
[        ] Skipping task ':package_info_plus:extractDeepLinksRelease' as it is up-to-date.
[        ] work action resolve navigation.json (project :package_info_plus) (Thread[#816,included builds,5,main]) started.
[        ] Resolve mutations for :package_info_plus:processReleaseManifest (Thread[#816,included builds,5,main]) started.
[        ] :package_info_plus:processReleaseManifest (Thread[#816,included builds,5,main]) started.
[        ] > Task :package_info_plus:processReleaseManifest UP-TO-DATE
[        ] Caching disabled for task ':package_info_plus:processReleaseManifest' because:
[        ]   Build cache is disabled
[        ] Skipping task ':package_info_plus:processReleaseManifest' as it is up-to-date.
[        ] work action resolve AndroidManifest.xml (project :package_info_plus) (Thread[#816,included builds,5,main]) started.
[        ] Resolve mutations for :shared_preferences_android:extractDeepLinksRelease (Thread[#816,included builds,5,main]) started.
[        ] :shared_preferences_android:extractDeepLinksRelease (Thread[#816,included builds,5,main]) started.
[        ] > Task :shared_preferences_android:extractDeepLinksRelease UP-TO-DATE
[        ] Caching disabled for task ':shared_preferences_android:extractDeepLinksRelease' because:
[        ]   Build cache is disabled
[        ] Skipping task ':shared_preferences_android:extractDeepLinksRelease' as it is up-to-date.
[        ] work action resolve navigation.json (project :shared_preferences_android) (Thread[#819,Execution worker Thread 3,5,main]) started.
[        ] Resolve mutations for :shared_preferences_android:processReleaseManifest (Thread[#820,Execution worker Thread 4,5,main]) started.
[        ] :shared_preferences_android:processReleaseManifest (Thread[#820,Execution worker Thread 4,5,main]) started.
[        ] > Task :shared_preferences_android:processReleaseManifest UP-TO-DATE
[        ] Caching disabled for task ':shared_preferences_android:processReleaseManifest' because:
[        ]   Build cache is disabled
[        ] Skipping task ':shared_preferences_android:processReleaseManifest' as it is up-to-date.
[        ] work action resolve AndroidManifest.xml (project :shared_preferences_android) (Thread[#820,Execution worker Thread 4,5,main]) started.
[        ] Resolve mutations for :app:processReleaseMainManifest (Thread[#817,Execution worker,5,main]) started.
[        ] :app:processReleaseMainManifest (Thread[#817,Execution worker,5,main]) started.
[        ] > Task :app:processReleaseMainManifest UP-TO-DATE
[        ] Caching disabled for task ':app:processReleaseMainManifest' because:
[        ]   Build cache is disabled
[        ] Skipping task ':app:processReleaseMainManifest' as it is up-to-date.
[        ] Resolve mutations for :app:outputReleaseAppLinkSettings (Thread[#817,Execution worker,5,main]) started.
[        ] :app:outputReleaseAppLinkSettings (Thread[#817,Execution worker,5,main]) started.
[        ] > Task :app:outputReleaseAppLinkSettings UP-TO-DATE
[        ] Caching disabled for task ':app:outputReleaseAppLinkSettings' because:
[        ]   Build cache is disabled
[        ] Skipping task ':app:outputReleaseAppLinkSettings' as it is up-to-date.
[        ] Resolve mutations for :app:processReleaseManifest (Thread[#817,Execution worker,5,main]) started.
[        ] :app:processReleaseManifest (Thread[#817,Execution worker,5,main]) started.
[        ] > Task :app:processReleaseManifest UP-TO-DATE
[        ] Caching disabled for task ':app:processReleaseManifest' because:
[        ]   Build cache is disabled
[        ] Skipping task ':app:processReleaseManifest' as it is up-to-date.
[        ] Resolve mutations for :app:processReleaseManifestForPackage (Thread[#817,Execution worker,5,main]) started.
[        ] :app:processReleaseManifestForPackage (Thread[#817,Execution worker,5,main]) started.
[        ] > Task :app:processReleaseManifestForPackage UP-TO-DATE
[        ] Custom actions are attached to task ':app:processReleaseManifestForPackage'.
[        ] Caching disabled for task ':app:processReleaseManifestForPackage' because:
[        ]   Build cache is disabled
[        ] Skipping task ':app:processReleaseManifestForPackage' as it is up-to-date.
[        ] Resolve mutations for :app:processReleaseResources (Thread[#817,Execution worker,5,main]) started.
[        ] :app:processReleaseResources (Thread[#817,Execution worker,5,main]) started.
[  +65 ms] > Task :app:processReleaseResources UP-TO-DATE
[        ] Caching disabled for task ':app:processReleaseResources' because:
[        ]   Build cache is disabled
[        ] Skipping task ':app:processReleaseResources' as it is up-to-date.
[        ] Resolve mutations for :jni_flutter:bundleLibCompileToJarRelease (Thread[#817,Execution worker,5,main]) started.
[        ] :jni_flutter:bundleLibCompileToJarRelease (Thread[#817,Execution worker,5,main]) started.
[        ] > Task :jni_flutter:bundleLibCompileToJarRelease UP-TO-DATE
[        ] Caching disabled for task ':jni_flutter:bundleLibCompileToJarRelease' because:
[        ]   Build cache is disabled
[        ]   Simple merging task
[        ] Skipping task ':jni_flutter:bundleLibCompileToJarRelease' as it is up-to-date.
[        ] work action resolve classes.jar (project :jni_flutter) (Thread[#817,Execution worker,5,main]) started.
[        ] Resolve mutations for :mobile_scanner:bundleLibCompileToJarRelease (Thread[#817,Execution worker,5,main]) started.
[        ] :mobile_scanner:bundleLibCompileToJarRelease (Thread[#817,Execution worker,5,main]) started.
[        ] > Task :mobile_scanner:bundleLibCompileToJarRelease UP-TO-DATE
[        ] Caching disabled for task ':mobile_scanner:bundleLibCompileToJarRelease' because:
[        ]   Build cache is disabled
[        ]   Simple merging task
[        ] Skipping task ':mobile_scanner:bundleLibCompileToJarRelease' as it is up-to-date.
[        ] work action resolve classes.jar (project :mobile_scanner) (Thread[#817,Execution worker,5,main]) started.
[        ] Resolve mutations for :package_info_plus:bundleLibCompileToJarRelease (Thread[#817,Execution worker,5,main]) started.
[        ] :package_info_plus:bundleLibCompileToJarRelease (Thread[#817,Execution worker,5,main]) started.
[        ] > Task :package_info_plus:bundleLibCompileToJarRelease UP-TO-DATE
[        ] Caching disabled for task ':package_info_plus:bundleLibCompileToJarRelease' because:
[        ]   Build cache is disabled
[        ]   Simple merging task
[        ] Skipping task ':package_info_plus:bundleLibCompileToJarRelease' as it is up-to-date.
[        ] work action resolve classes.jar (project :package_info_plus) (Thread[#817,Execution worker,5,main]) started.
[        ] Resolve mutations for :shared_preferences_android:bundleLibCompileToJarRelease (Thread[#817,Execution worker,5,main]) started.
[        ] :shared_preferences_android:bundleLibCompileToJarRelease (Thread[#817,Execution worker,5,main]) started.
[        ] > Task :shared_preferences_android:bundleLibCompileToJarRelease UP-TO-DATE
[        ] Caching disabled for task ':shared_preferences_android:bundleLibCompileToJarRelease' because:
[        ]   Build cache is disabled
[        ]   Simple merging task
[        ] Skipping task ':shared_preferences_android:bundleLibCompileToJarRelease' as it is up-to-date.
[        ] work action resolve classes.jar (project :shared_preferences_android) (Thread[#817,Execution worker,5,main]) started.
[        ] Resolve mutations for :app:compileReleaseKotlin (Thread[#817,Execution worker,5,main]) started.
[        ] :app:compileReleaseKotlin (Thread[#817,Execution worker,5,main]) started.
[  +97 ms] > Task :app:compileReleaseKotlin UP-TO-DATE
[        ] Caching disabled for task ':app:compileReleaseKotlin' because:
[        ]   Build cache is disabled
[        ] Skipping task ':app:compileReleaseKotlin' as it is up-to-date.
[        ] Resolve mutations for :app:javaPreCompileRelease (Thread[#817,Execution worker,5,main]) started.
[        ] :app:javaPreCompileRelease (Thread[#817,Execution worker,5,main]) started.
[        ] > Task :app:javaPreCompileRelease UP-TO-DATE
[        ] Caching disabled for task ':app:javaPreCompileRelease' because:
[        ]   Build cache is disabled
[        ] Skipping task ':app:javaPreCompileRelease' as it is up-to-date.
[        ] Resolve mutations for :app:compileReleaseJavaWithJavac (Thread[#817,Execution worker,5,main]) started.
[        ] :app:compileReleaseJavaWithJavac (Thread[#817,Execution worker,5,main]) started.
[        ] > Task :app:compileReleaseJavaWithJavac UP-TO-DATE
[        ] Custom actions are attached to task ':app:compileReleaseJavaWithJavac'.
[        ] Caching disabled for task ':app:compileReleaseJavaWithJavac' because:
[        ]   Build cache is disabled
[        ] Skipping task ':app:compileReleaseJavaWithJavac' as it is up-to-date.
[        ] No compile result for :app:compileReleaseJavaWithJavac
[        ] No compile result for :app:compileReleaseJavaWithJavac
[        ] Resolve mutations for :jni:prepareReleaseArtProfile (Thread[#817,Execution worker,5,main]) started.
[        ] :jni:prepareReleaseArtProfile (Thread[#817,Execution worker,5,main]) started.
[        ] > Task :jni:prepareReleaseArtProfile UP-TO-DATE
[        ] Caching disabled for task ':jni:prepareReleaseArtProfile' because:
[        ]   Build cache is disabled
[        ]   Caching has been disabled for the task
[        ] Skipping task ':jni:prepareReleaseArtProfile' as it is up-to-date.
[        ] work action resolve baseline-prof.txt (project :jni) (Thread[#817,Execution worker,5,main]) started.
[        ] Resolve mutations for :jni_flutter:prepareReleaseArtProfile (Thread[#817,Execution worker,5,main]) started.
[        ] :jni_flutter:prepareReleaseArtProfile (Thread[#817,Execution worker,5,main]) started.
[        ] > Task :jni_flutter:prepareReleaseArtProfile UP-TO-DATE
[        ] Caching disabled for task ':jni_flutter:prepareReleaseArtProfile' because:
[        ]   Build cache is disabled
[        ]   Caching has been disabled for the task
[        ] Skipping task ':jni_flutter:prepareReleaseArtProfile' as it is up-to-date.
[        ] work action resolve baseline-prof.txt (project :jni_flutter) (Thread[#817,Execution worker,5,main]) started.
[        ] Resolve mutations for :mobile_scanner:prepareReleaseArtProfile (Thread[#817,Execution worker,5,main]) started.
[        ] :mobile_scanner:prepareReleaseArtProfile (Thread[#817,Execution worker,5,main]) started.
[        ] > Task :mobile_scanner:prepareReleaseArtProfile UP-TO-DATE
[        ] Caching disabled for task ':mobile_scanner:prepareReleaseArtProfile' because:
[        ]   Build cache is disabled
[        ]   Caching has been disabled for the task
[        ] Skipping task ':mobile_scanner:prepareReleaseArtProfile' as it is up-to-date.
[        ] work action resolve baseline-prof.txt (project :mobile_scanner) (Thread[#817,Execution worker,5,main]) started.
[        ] Resolve mutations for :package_info_plus:prepareReleaseArtProfile (Thread[#817,Execution worker,5,main]) started.
[        ] :package_info_plus:prepareReleaseArtProfile (Thread[#817,Execution worker,5,main]) started.
[        ] > Task :package_info_plus:prepareReleaseArtProfile UP-TO-DATE
[        ] Caching disabled for task ':package_info_plus:prepareReleaseArtProfile' because:
[        ]   Build cache is disabled
[        ]   Caching has been disabled for the task
[        ] Skipping task ':package_info_plus:prepareReleaseArtProfile' as it is up-to-date.
[        ] work action resolve baseline-prof.txt (project :package_info_plus) (Thread[#817,Execution worker,5,main]) started.
[        ] Resolve mutations for :shared_preferences_android:prepareReleaseArtProfile (Thread[#818,Execution worker Thread 2,5,main]) started.
[        ] :shared_preferences_android:prepareReleaseArtProfile (Thread[#818,Execution worker Thread 2,5,main]) started.
[        ] > Task :shared_preferences_android:prepareReleaseArtProfile UP-TO-DATE
[        ] Caching disabled for task ':shared_preferences_android:prepareReleaseArtProfile' because:
[        ]   Build cache is disabled
[        ]   Caching has been disabled for the task
[        ] Skipping task ':shared_preferences_android:prepareReleaseArtProfile' as it is up-to-date.
[        ] work action resolve baseline-prof.txt (project :shared_preferences_android) (Thread[#818,Execution worker Thread 2,5,main]) started.
[        ] Resolve mutations for :app:mergeReleaseArtProfile (Thread[#816,included builds,5,main]) started.
[        ] :app:mergeReleaseArtProfile (Thread[#816,included builds,5,main]) started.
[        ] > Task :app:mergeReleaseArtProfile UP-TO-DATE
[        ] Caching disabled for task ':app:mergeReleaseArtProfile' because:
[        ]   Build cache is disabled
[        ]   Simple merging task
[        ] Skipping task ':app:mergeReleaseArtProfile' as it is up-to-date.
[        ] Resolve mutations for :jni:bundleLibRuntimeToJarRelease (Thread[#816,included builds,5,main]) started.
[        ] :jni:bundleLibRuntimeToJarRelease (Thread[#816,included builds,5,main]) started.
[        ] > Task :jni:bundleLibRuntimeToJarRelease UP-TO-DATE
[        ] Caching disabled for task ':jni:bundleLibRuntimeToJarRelease' because:
[        ]   Build cache is disabled
[        ]   Simple merging task
[        ] Skipping task ':jni:bundleLibRuntimeToJarRelease' as it is up-to-date.
[        ] work action resolve classes.jar (project :jni) (Thread[#816,included builds,5,main]) started.
[        ] Resolve mutations for :jni_flutter:bundleLibRuntimeToJarRelease (Thread[#817,Execution worker,5,main]) started.
[        ] :jni_flutter:bundleLibRuntimeToJarRelease (Thread[#817,Execution worker,5,main]) started.
[        ] > Task :jni_flutter:bundleLibRuntimeToJarRelease UP-TO-DATE
[        ] Caching disabled for task ':jni_flutter:bundleLibRuntimeToJarRelease' because:
[        ]   Build cache is disabled
[        ]   Simple merging task
[        ] Skipping task ':jni_flutter:bundleLibRuntimeToJarRelease' as it is up-to-date.
[        ] work action resolve classes.jar (project :jni_flutter) (Thread[#817,Execution worker,5,main]) started.
[        ] Resolve mutations for :mobile_scanner:bundleLibRuntimeToJarRelease (Thread[#817,Execution worker,5,main]) started.
[        ] :mobile_scanner:bundleLibRuntimeToJarRelease (Thread[#817,Execution worker,5,main]) started.
[        ] > Task :mobile_scanner:bundleLibRuntimeToJarRelease UP-TO-DATE
[        ] Caching disabled for task ':mobile_scanner:bundleLibRuntimeToJarRelease' because:
[        ]   Build cache is disabled
[        ]   Simple merging task
[        ] Skipping task ':mobile_scanner:bundleLibRuntimeToJarRelease' as it is up-to-date.
[        ] work action resolve classes.jar (project :mobile_scanner) (Thread[#817,Execution worker,5,main]) started.
[        ] Resolve mutations for :package_info_plus:bundleLibRuntimeToJarRelease (Thread[#817,Execution worker,5,main]) started.
[        ] :package_info_plus:bundleLibRuntimeToJarRelease (Thread[#817,Execution worker,5,main]) started.
[        ] > Task :package_info_plus:bundleLibRuntimeToJarRelease UP-TO-DATE
[        ] Caching disabled for task ':package_info_plus:bundleLibRuntimeToJarRelease' because:
[        ]   Build cache is disabled
[        ]   Simple merging task
[        ] Skipping task ':package_info_plus:bundleLibRuntimeToJarRelease' as it is up-to-date.
[        ] work action resolve classes.jar (project :package_info_plus) (Thread[#817,Execution worker,5,main]) started.
[        ] Resolve mutations for :shared_preferences_android:bundleLibRuntimeToJarRelease (Thread[#820,Execution worker Thread 4,5,main]) started.
[        ] :shared_preferences_android:bundleLibRuntimeToJarRelease (Thread[#820,Execution worker Thread 4,5,main]) started.
[        ] > Task :shared_preferences_android:bundleLibRuntimeToJarRelease UP-TO-DATE
[        ] Caching disabled for task ':shared_preferences_android:bundleLibRuntimeToJarRelease' because:
[        ]   Build cache is disabled
[        ]   Simple merging task
[        ] Skipping task ':shared_preferences_android:bundleLibRuntimeToJarRelease' as it is up-to-date.
[        ] work action resolve classes.jar (project :shared_preferences_android) (Thread[#820,Execution worker Thread 4,5,main]) started.
[        ] Resolve mutations for :app:expandReleaseArtProfileWildcards (Thread[#822,Execution worker Thread 6,5,main]) started.
[        ] :app:expandReleaseArtProfileWildcards (Thread[#822,Execution worker Thread 6,5,main]) started.
[        ] > Task :app:expandReleaseArtProfileWildcards UP-TO-DATE
[        ] Caching disabled for task ':app:expandReleaseArtProfileWildcards' because:
[        ]   Build cache is disabled
[        ] Skipping task ':app:expandReleaseArtProfileWildcards' as it is up-to-date.
[        ] Resolve mutations for :app:extractProguardFiles (Thread[#822,Execution worker Thread 6,5,main]) started.
[        ] :app:extractProguardFiles (Thread[#822,Execution worker Thread 6,5,main]) started.
[        ] > Task :app:extractProguardFiles UP-TO-DATE
[        ] Caching disabled for task ':app:extractProguardFiles' because:
[        ]   Build cache is disabled
[        ]   Fast task
[        ] Skipping task ':app:extractProguardFiles' as it is up-to-date.
[        ] Resolve mutations for :app:mergeReleaseGeneratedProguardFiles (Thread[#822,Execution worker Thread 6,5,main]) started.
[        ] :app:mergeReleaseGeneratedProguardFiles (Thread[#822,Execution worker Thread 6,5,main]) started.
[        ] > Task :app:mergeReleaseGeneratedProguardFiles UP-TO-DATE
[        ] Caching disabled for task ':app:mergeReleaseGeneratedProguardFiles' because:
[        ]   Build cache is disabled
[        ]   Simple merging task
[        ] Skipping task ':app:mergeReleaseGeneratedProguardFiles' as it is up-to-date.
[        ] Resolve mutations for :app:processReleaseJavaRes (Thread[#822,Execution worker Thread 6,5,main]) started.
[        ] :app:processReleaseJavaRes (Thread[#822,Execution worker Thread 6,5,main]) started.
[        ] > Task :app:processReleaseJavaRes UP-TO-DATE
[        ] file or directory 'C:\Users\BH2VSQ\Downloads\qsl_manager_mobile\android\app\src\main\resources', not found
[        ] file or directory 'C:\Users\BH2VSQ\Downloads\qsl_manager_mobile\android\app\src\release\resources', not found
[        ] file or directory 'C:\Users\BH2VSQ\Downloads\qsl_manager_mobile\android\app\src\main\resources', not found
[        ] file or directory 'C:\Users\BH2VSQ\Downloads\qsl_manager_mobile\android\app\src\release\resources', not found
[        ] Caching disabled for task ':app:processReleaseJavaRes' because:
[        ]   Build cache is disabled
[        ]   Caching has been disabled for the task
[        ] Skipping task ':app:processReleaseJavaRes' as it is up-to-date.
[        ] Resolve mutations for :jni:processReleaseJavaRes (Thread[#822,Execution worker Thread 6,5,main]) started.
[        ] :jni:processReleaseJavaRes (Thread[#822,Execution worker Thread 6,5,main]) started.
[        ] > Task :jni:processReleaseJavaRes NO-SOURCE
[        ] file or directory 'C:\Users\BH2VSQ\AppData\Local\Pub\Cache\hosted\pub.dev\jni-1.1.0\android\src\main\resources', not found
[        ] file or directory 'C:\Users\BH2VSQ\AppData\Local\Pub\Cache\hosted\pub.dev\jni-1.1.0\android\src\release\resources', not found
[        ] Skipping task ':jni:processReleaseJavaRes' as it has no source files and no previous output files.
[        ] work action resolve out (project :jni) (Thread[#822,Execution worker Thread 6,5,main]) started.
[        ] Resolve mutations for :jni_flutter:processReleaseJavaRes (Thread[#822,Execution worker Thread 6,5,main]) started.
[        ] :jni_flutter:processReleaseJavaRes (Thread[#822,Execution worker Thread 6,5,main]) started.
[        ] > Task :jni_flutter:processReleaseJavaRes NO-SOURCE
[        ] file or directory 'C:\Users\BH2VSQ\AppData\Local\Pub\Cache\hosted\pub.dev\jni_flutter-1.0.3\android\src\main\resources', not found
[        ] file or directory 'C:\Users\BH2VSQ\AppData\Local\Pub\Cache\hosted\pub.dev\jni_flutter-1.0.3\android\src\release\resources', not found
[        ] Skipping task ':jni_flutter:processReleaseJavaRes' as it has no source files and no previous output files.
[   +1 ms] work action resolve out (project :jni_flutter) (Thread[#822,Execution worker Thread 6,5,main]) started.
[        ] Resolve mutations for :mobile_scanner:processReleaseJavaRes (Thread[#822,Execution worker Thread 6,5,main]) started.
[        ] :mobile_scanner:processReleaseJavaRes (Thread[#822,Execution worker Thread 6,5,main]) started.
[        ] > Task :mobile_scanner:processReleaseJavaRes UP-TO-DATE
[        ] file or directory 'C:\Users\BH2VSQ\AppData\Local\Pub\Cache\hosted\pub.dev\mobile_scanner-7.4.2\android\src\main\resources', not found
[        ] file or directory 'C:\Users\BH2VSQ\AppData\Local\Pub\Cache\hosted\pub.dev\mobile_scanner-7.4.2\android\src\release\resources', not found
[        ] file or directory 'C:\Users\BH2VSQ\AppData\Local\Pub\Cache\hosted\pub.dev\mobile_scanner-7.4.2\android\src\main\resources', not found
[        ] file or directory 'C:\Users\BH2VSQ\AppData\Local\Pub\Cache\hosted\pub.dev\mobile_scanner-7.4.2\android\src\release\resources', not found
[        ] Caching disabled for task ':mobile_scanner:processReleaseJavaRes' because:
[        ]   Build cache is disabled
[        ]   Caching has been disabled for the task
[        ] Skipping task ':mobile_scanner:processReleaseJavaRes' as it is up-to-date.
[        ] work action resolve out (project :mobile_scanner) (Thread[#822,Execution worker Thread 6,5,main]) started.
[        ] Resolve mutations for :package_info_plus:processReleaseJavaRes (Thread[#819,Execution worker Thread 3,5,main]) started.
[        ] :package_info_plus:processReleaseJavaRes (Thread[#819,Execution worker Thread 3,5,main]) started.
[        ] > Task :package_info_plus:processReleaseJavaRes UP-TO-DATE
[        ] file or directory 'C:\Users\BH2VSQ\AppData\Local\Pub\Cache\hosted\pub.dev\package_info_plus-10.2.2\android\src\main\resources', not found
[        ] file or directory 'C:\Users\BH2VSQ\AppData\Local\Pub\Cache\hosted\pub.dev\package_info_plus-10.2.2\android\src\release\resources', not found
[        ] file or directory 'C:\Users\BH2VSQ\AppData\Local\Pub\Cache\hosted\pub.dev\package_info_plus-10.2.2\android\src\main\resources', not found
[        ] file or directory 'C:\Users\BH2VSQ\AppData\Local\Pub\Cache\hosted\pub.dev\package_info_plus-10.2.2\android\src\release\resources', not found
[        ] Caching disabled for task ':package_info_plus:processReleaseJavaRes' because:
[        ]   Build cache is disabled
[        ]   Caching has been disabled for the task
[        ] Skipping task ':package_info_plus:processReleaseJavaRes' as it is up-to-date.
[        ] work action resolve out (project :package_info_plus) (Thread[#819,Execution worker Thread 3,5,main]) started.
[        ] Resolve mutations for :shared_preferences_android:processReleaseJavaRes (Thread[#823,Execution worker Thread 7,5,main]) started.
[        ] :shared_preferences_android:processReleaseJavaRes (Thread[#819,Execution worker Thread 3,5,main]) started.
[        ] > Task :shared_preferences_android:processReleaseJavaRes UP-TO-DATE
[        ] file or directory 'C:\Users\BH2VSQ\AppData\Local\Pub\Cache\hosted\pub.dev\shared_preferences_android-2.4.28\android\src\main\resources', not found
[        ] file or directory 'C:\Users\BH2VSQ\AppData\Local\Pub\Cache\hosted\pub.dev\shared_preferences_android-2.4.28\android\src\release\resources', not found
[        ] file or directory 'C:\Users\BH2VSQ\AppData\Local\Pub\Cache\hosted\pub.dev\shared_preferences_android-2.4.28\android\src\main\resources', not found
[        ] file or directory 'C:\Users\BH2VSQ\AppData\Local\Pub\Cache\hosted\pub.dev\shared_preferences_android-2.4.28\android\src\release\resources', not found
[        ] Caching disabled for task ':shared_preferences_android:processReleaseJavaRes' because:
[        ]   Build cache is disabled
[        ]   Caching has been disabled for the task
[        ] Skipping task ':shared_preferences_android:processReleaseJavaRes' as it is up-to-date.
[        ] work action resolve out (project :shared_preferences_android) (Thread[#819,Execution worker Thread 3,5,main]) started.
[        ] Resolve mutations for :app:mergeReleaseJavaResource (Thread[#819,Execution worker Thread 3,5,main]) started.
[        ] :app:mergeReleaseJavaResource (Thread[#819,Execution worker Thread 3,5,main]) started.
[        ] > Task :app:mergeReleaseJavaResource UP-TO-DATE
[        ] Caching disabled for task ':app:mergeReleaseJavaResource' because:
[        ]   Build cache is disabled
[        ]   Caching has been disabled for the task
[        ] Skipping task ':app:mergeReleaseJavaResource' as it is up-to-date.
[        ] Resolve mutations for :app:mergeReleaseStartupProfile (Thread[#819,Execution worker Thread 3,5,main]) started.
[        ] :app:mergeReleaseStartupProfile (Thread[#819,Execution worker Thread 3,5,main]) started.
[        ] > Task :app:mergeReleaseStartupProfile UP-TO-DATE
[        ] Caching disabled for task ':app:mergeReleaseStartupProfile' because:
[        ]   Build cache is disabled
[        ]   Simple merging task
[        ] Skipping task ':app:mergeReleaseStartupProfile' as it is up-to-date.
[        ] Resolve mutations for :app:minifyReleaseWithR8 (Thread[#819,Execution worker Thread 3,5,main]) started.
[        ] :app:minifyReleaseWithR8 (Thread[#819,Execution worker Thread 3,5,main]) started.
[  +83 ms] > Task :app:minifyReleaseWithR8 UP-TO-DATE
[        ] Caching disabled for task ':app:minifyReleaseWithR8' because:
[        ]   Build cache is disabled
[        ] Skipping task ':app:minifyReleaseWithR8' as it is up-to-date.
[        ] Resolve mutations for :app:compileReleaseArtProfile (Thread[#819,Execution worker Thread 3,5,main]) started.
[        ] :app:compileReleaseArtProfile (Thread[#819,Execution worker Thread 3,5,main]) started.
[        ] > Task :app:compileReleaseArtProfile UP-TO-DATE
[        ] Caching disabled for task ':app:compileReleaseArtProfile' because:
[        ]   Build cache is disabled
[        ] Skipping task ':app:compileReleaseArtProfile' as it is up-to-date.
[        ] Resolve mutations for :app:compressReleaseAssets (Thread[#819,Execution worker Thread 3,5,main]) started.
[        ] :app:compressReleaseAssets (Thread[#819,Execution worker Thread 3,5,main]) started.
[        ] > Task :app:compressReleaseAssets UP-TO-DATE
[        ] Caching disabled for task ':app:compressReleaseAssets' because:
[        ]   Build cache is disabled
[        ] Skipping task ':app:compressReleaseAssets' as it is up-to-date.
[        ] Resolve mutations for :app:extractReleaseVersionControlInfo (Thread[#819,Execution worker Thread 3,5,main]) started.
[        ] :app:extractReleaseVersionControlInfo (Thread[#819,Execution worker Thread 3,5,main]) started.
[        ] > Task :app:extractReleaseVersionControlInfo UP-TO-DATE
[        ] Caching disabled for task ':app:extractReleaseVersionControlInfo' because:
[        ]   Build cache is disabled
[        ]   Caching has been disabled for the task
[        ] Skipping task ':app:extractReleaseVersionControlInfo' as it is up-to-date.
[        ] Resolve mutations for :android_file_picker:extractProguardFiles (Thread[#819,Execution worker Thread 3,5,main]) started.
[        ] :android_file_picker:extractProguardFiles (Thread[#819,Execution worker Thread 3,5,main]) started.
[        ] > Task :android_file_picker:extractProguardFiles UP-TO-DATE
[        ] Caching disabled for task ':android_file_picker:extractProguardFiles' because:
[        ]   Build cache is disabled
[        ]   Fast task
[        ] Skipping task ':android_file_picker:extractProguardFiles' as it is up-to-date.
[        ] Resolve mutations for :android_file_picker:generateReleaseLintVitalModel (Thread[#819,Execution worker Thread 3,5,main]) started.
[        ] :android_file_picker:generateReleaseLintVitalModel (Thread[#819,Execution worker Thread 3,5,main]) started.
[        ] > Task :android_file_picker:generateReleaseLintVitalModel UP-TO-DATE
[        ] Caching disabled for task ':android_file_picker:generateReleaseLintVitalModel' because:
[        ]   Build cache is disabled
[        ]   Caching has been disabled for the task
[        ] Skipping task ':android_file_picker:generateReleaseLintVitalModel' as it is up-to-date.
[        ] work action resolve generateReleaseLintVitalModel (project :android_file_picker) (Thread[#819,Execution worker Thread 3,5,main]) started.
[        ] work action resolve generateReleaseLintVitalModel (project :android_file_picker) (Thread[#819,Execution worker Thread 3,5,main]) started.
[        ] Resolve mutations for :android_file_picker:lintVitalAnalyzeRelease (Thread[#819,Execution worker Thread 3,5,main]) started.
[        ] :android_file_picker:lintVitalAnalyzeRelease (Thread[#819,Execution worker Thread 3,5,main]) started.
[  +94 ms] Resolve mutations for :android_file_picker:createFullJarRelease (Thread[#823,Execution worker Thread 7,5,main]) started.
[        ] :android_file_picker:createFullJarRelease (Thread[#823,Execution worker Thread 7,5,main]) started.
[        ] > Task :android_file_picker:createFullJarRelease UP-TO-DATE
[        ] Caching disabled for task ':android_file_picker:createFullJarRelease' because:
[        ]   Build cache is disabled
[        ]   Simple merging task
[        ] Skipping task ':android_file_picker:createFullJarRelease' as it is up-to-date.
[        ] work action resolve full.jar (project :android_file_picker) (Thread[#823,Execution worker Thread 7,5,main]) started.
[        ] work action resolve full.jar (project :android_file_picker) (Thread[#823,Execution worker Thread 7,5,main]) started.
[        ] Resolve mutations for :android_file_picker:generateReleaseLintModel (Thread[#823,Execution worker Thread 7,5,main]) started.
[        ] :android_file_picker:generateReleaseLintModel (Thread[#823,Execution worker Thread 7,5,main]) started.
[        ] > Task :android_file_picker:generateReleaseLintModel UP-TO-DATE
[        ] Caching disabled for task ':android_file_picker:generateReleaseLintModel' because:
[        ]   Build cache is disabled
[        ]   Caching has been disabled for the task
[        ] Skipping task ':android_file_picker:generateReleaseLintModel' as it is up-to-date.
[        ] work action resolve generateReleaseLintModel (project :android_file_picker) (Thread[#823,Execution worker Thread 7,5,main]) started.
[        ] work action resolve generateReleaseLintModel (project :android_file_picker) (Thread[#823,Execution worker Thread 7,5,main]) started.
[        ] Resolve mutations for :jni:createFullJarRelease (Thread[#823,Execution worker Thread 7,5,main]) started.
[        ] :jni:createFullJarRelease (Thread[#823,Execution worker Thread 7,5,main]) started.
[        ] > Task :jni:createFullJarRelease UP-TO-DATE
[        ] Caching disabled for task ':jni:createFullJarRelease' because:
[        ]   Build cache is disabled
[        ]   Simple merging task
[        ] Skipping task ':jni:createFullJarRelease' as it is up-to-date.
[        ] work action resolve full.jar (project :jni) (Thread[#823,Execution worker Thread 7,5,main]) started.
[        ] work action resolve full.jar (project :jni) (Thread[#823,Execution worker Thread 7,5,main]) started.
[        ] Resolve mutations for :jni:extractProguardFiles (Thread[#823,Execution worker Thread 7,5,main]) started.
[        ] :jni:extractProguardFiles (Thread[#823,Execution worker Thread 7,5,main]) started.
[        ] > Task :jni:extractProguardFiles UP-TO-DATE
[        ] Caching disabled for task ':jni:extractProguardFiles' because:
[        ]   Build cache is disabled
[        ]   Fast task
[        ] Skipping task ':jni:extractProguardFiles' as it is up-to-date.
[        ] Resolve mutations for :jni:generateReleaseLintModel (Thread[#822,Execution worker Thread 6,5,main]) started.
[        ] :jni:generateReleaseLintModel (Thread[#822,Execution worker Thread 6,5,main]) started.
[        ] > Task :jni:generateReleaseLintModel UP-TO-DATE
[        ] Caching disabled for task ':jni:generateReleaseLintModel' because:
[        ]   Build cache is disabled
[        ]   Caching has been disabled for the task
[        ] Skipping task ':jni:generateReleaseLintModel' as it is up-to-date.
[        ] work action resolve generateReleaseLintModel (project :jni) (Thread[#822,Execution worker Thread 6,5,main]) started.
[        ] work action resolve generateReleaseLintModel (project :jni) (Thread[#822,Execution worker Thread 6,5,main]) started.
[        ] Resolve mutations for :jni:prepareLintJarForPublish (Thread[#822,Execution worker Thread 6,5,main]) started.
[        ] :jni:prepareLintJarForPublish (Thread[#822,Execution worker Thread 6,5,main]) started.
[        ] > Task :jni:prepareLintJarForPublish UP-TO-DATE
[        ] Caching disabled for task ':jni:prepareLintJarForPublish' because:
[        ]   Build cache is disabled
[        ]   Caching has been disabled for the task
[        ] Skipping task ':jni:prepareLintJarForPublish' as it is up-to-date.
[        ] work action resolve lint.jar (project :jni) (Thread[#822,Execution worker Thread 6,5,main]) started.
[        ] work action resolve lint.jar (project :jni) (Thread[#822,Execution worker Thread 6,5,main]) started.
[        ] Resolve mutations for :jni_flutter:createFullJarRelease (Thread[#822,Execution worker Thread 6,5,main]) started.
[        ] :jni_flutter:createFullJarRelease (Thread[#822,Execution worker Thread 6,5,main]) started.
[        ] > Task :jni_flutter:createFullJarRelease UP-TO-DATE
[        ] Caching disabled for task ':jni_flutter:createFullJarRelease' because:
[        ]   Build cache is disabled
[        ]   Simple merging task
[        ] Skipping task ':jni_flutter:createFullJarRelease' as it is up-to-date.
[        ] work action resolve full.jar (project :jni_flutter) (Thread[#822,Execution worker Thread 6,5,main]) started.
[        ] work action resolve full.jar (project :jni_flutter) (Thread[#822,Execution worker Thread 6,5,main]) started.
[        ] Resolve mutations for :jni_flutter:extractProguardFiles (Thread[#822,Execution worker Thread 6,5,main]) started.
[        ] :jni_flutter:extractProguardFiles (Thread[#822,Execution worker Thread 6,5,main]) started.
[        ] > Task :jni_flutter:extractProguardFiles UP-TO-DATE
[        ] Caching disabled for task ':jni_flutter:extractProguardFiles' because:
[        ]   Build cache is disabled
[        ]   Fast task
[        ] Skipping task ':jni_flutter:extractProguardFiles' as it is up-to-date.
[        ] Resolve mutations for :jni_flutter:generateReleaseLintModel (Thread[#822,Execution worker Thread 6,5,main]) started.
[        ] :jni_flutter:generateReleaseLintModel (Thread[#822,Execution worker Thread 6,5,main]) started.
[        ] > Task :jni_flutter:generateReleaseLintModel UP-TO-DATE
[        ] Caching disabled for task ':jni_flutter:generateReleaseLintModel' because:
[        ]   Build cache is disabled
[        ]   Caching has been disabled for the task
[        ] Skipping task ':jni_flutter:generateReleaseLintModel' as it is up-to-date.
[        ] work action resolve generateReleaseLintModel (project :jni_flutter) (Thread[#822,Execution worker Thread 6,5,main]) started.
[        ] work action resolve generateReleaseLintModel (project :jni_flutter) (Thread[#822,Execution worker Thread 6,5,main]) started.
[        ] Resolve mutations for :jni_flutter:prepareLintJarForPublish (Thread[#822,Execution worker Thread 6,5,main]) started.
[        ] :jni_flutter:prepareLintJarForPublish (Thread[#822,Execution worker Thread 6,5,main]) started.
[        ] > Task :jni_flutter:prepareLintJarForPublish UP-TO-DATE
[        ] Caching disabled for task ':jni_flutter:prepareLintJarForPublish' because:
[        ]   Build cache is disabled
[        ]   Caching has been disabled for the task
[        ] Skipping task ':jni_flutter:prepareLintJarForPublish' as it is up-to-date.
[        ] work action resolve lint.jar (project :jni_flutter) (Thread[#822,Execution worker Thread 6,5,main]) started.
[        ] work action resolve lint.jar (project :jni_flutter) (Thread[#822,Execution worker Thread 6,5,main]) started.
[        ] Resolve mutations for :mobile_scanner:createFullJarRelease (Thread[#822,Execution worker Thread 6,5,main]) started.
[        ] :mobile_scanner:createFullJarRelease (Thread[#822,Execution worker Thread 6,5,main]) started.
[        ] > Task :mobile_scanner:createFullJarRelease UP-TO-DATE
[        ] Caching disabled for task ':mobile_scanner:createFullJarRelease' because:
[        ]   Build cache is disabled
[        ]   Simple merging task
[        ] Skipping task ':mobile_scanner:createFullJarRelease' as it is up-to-date.
[        ] work action resolve full.jar (project :mobile_scanner) (Thread[#822,Execution worker Thread 6,5,main]) started.
[        ] work action resolve full.jar (project :mobile_scanner) (Thread[#822,Execution worker Thread 6,5,main]) started.
[        ] Resolve mutations for :mobile_scanner:extractProguardFiles (Thread[#822,Execution worker Thread 6,5,main]) started.
[        ] :mobile_scanner:extractProguardFiles (Thread[#822,Execution worker Thread 6,5,main]) started.
[        ] > Task :mobile_scanner:extractProguardFiles UP-TO-DATE
[        ] Caching disabled for task ':mobile_scanner:extractProguardFiles' because:
[        ]   Build cache is disabled
[        ]   Fast task
[        ] Skipping task ':mobile_scanner:extractProguardFiles' as it is up-to-date.
[        ] Resolve mutations for :mobile_scanner:generateReleaseLintModel (Thread[#822,Execution worker Thread 6,5,main]) started.
[        ] :mobile_scanner:generateReleaseLintModel (Thread[#822,Execution worker Thread 6,5,main]) started.
[  +90 ms] > Task :mobile_scanner:generateReleaseLintModel UP-TO-DATE
[        ] Caching disabled for task ':mobile_scanner:generateReleaseLintModel' because:
[        ]   Build cache is disabled
[        ]   Caching has been disabled for the task
[        ] Skipping task ':mobile_scanner:generateReleaseLintModel' as it is up-to-date.
[        ] work action resolve generateReleaseLintModel (project :mobile_scanner) (Thread[#822,Execution worker Thread 6,5,main]) started.
[        ] work action resolve generateReleaseLintModel (project :mobile_scanner) (Thread[#822,Execution worker Thread 6,5,main]) started.
[        ] Resolve mutations for :mobile_scanner:prepareLintJarForPublish (Thread[#822,Execution worker Thread 6,5,main]) started.
[        ] :mobile_scanner:prepareLintJarForPublish (Thread[#822,Execution worker Thread 6,5,main]) started.
[        ] > Task :mobile_scanner:prepareLintJarForPublish UP-TO-DATE
[        ] Caching disabled for task ':mobile_scanner:prepareLintJarForPublish' because:
[        ]   Build cache is disabled
[        ]   Caching has been disabled for the task
[        ] Skipping task ':mobile_scanner:prepareLintJarForPublish' as it is up-to-date.
[        ] work action resolve lint.jar (project :mobile_scanner) (Thread[#822,Execution worker Thread 6,5,main]) started.
[        ] work action resolve lint.jar (project :mobile_scanner) (Thread[#822,Execution worker Thread 6,5,main]) started.
[        ] Resolve mutations for :package_info_plus:createFullJarRelease (Thread[#822,Execution worker Thread 6,5,main]) started.
[        ] :package_info_plus:createFullJarRelease (Thread[#822,Execution worker Thread 6,5,main]) started.
[        ] > Task :package_info_plus:createFullJarRelease UP-TO-DATE
[        ] Caching disabled for task ':package_info_plus:createFullJarRelease' because:
[        ]   Build cache is disabled
[        ]   Simple merging task
[        ] Skipping task ':package_info_plus:createFullJarRelease' as it is up-to-date.
[        ] work action resolve full.jar (project :package_info_plus) (Thread[#822,Execution worker Thread 6,5,main]) started.
[        ] work action resolve full.jar (project :package_info_plus) (Thread[#822,Execution worker Thread 6,5,main]) started.
[        ] Resolve mutations for :package_info_plus:extractProguardFiles (Thread[#822,Execution worker Thread 6,5,main]) started.
[        ] :package_info_plus:extractProguardFiles (Thread[#822,Execution worker Thread 6,5,main]) started.
[        ] > Task :package_info_plus:extractProguardFiles UP-TO-DATE
[        ] Caching disabled for task ':package_info_plus:extractProguardFiles' because:
[        ]   Build cache is disabled
[        ]   Fast task
[        ] Skipping task ':package_info_plus:extractProguardFiles' as it is up-to-date.
[        ] Resolve mutations for :package_info_plus:generateReleaseLintModel (Thread[#822,Execution worker Thread 6,5,main]) started.
[        ] :package_info_plus:generateReleaseLintModel (Thread[#822,Execution worker Thread 6,5,main]) started.
[        ] > Task :package_info_plus:generateReleaseLintModel UP-TO-DATE
[        ] Caching disabled for task ':package_info_plus:generateReleaseLintModel' because:
[        ]   Build cache is disabled
[        ]   Caching has been disabled for the task
[        ] Skipping task ':package_info_plus:generateReleaseLintModel' as it is up-to-date.
[        ] work action resolve generateReleaseLintModel (project :package_info_plus) (Thread[#822,Execution worker Thread 6,5,main]) started.
[        ] work action resolve generateReleaseLintModel (project :package_info_plus) (Thread[#822,Execution worker Thread 6,5,main]) started.
[        ] Resolve mutations for :package_info_plus:prepareLintJarForPublish (Thread[#822,Execution worker Thread 6,5,main]) started.
[        ] :package_info_plus:prepareLintJarForPublish (Thread[#822,Execution worker Thread 6,5,main]) started.
[        ] > Task :package_info_plus:prepareLintJarForPublish UP-TO-DATE
[        ] Caching disabled for task ':package_info_plus:prepareLintJarForPublish' because:
[        ]   Build cache is disabled
[        ]   Caching has been disabled for the task
[        ] Skipping task ':package_info_plus:prepareLintJarForPublish' as it is up-to-date.
[        ] work action resolve lint.jar (project :package_info_plus) (Thread[#822,Execution worker Thread 6,5,main]) started.
[        ] work action resolve lint.jar (project :package_info_plus) (Thread[#822,Execution worker Thread 6,5,main]) started.
[        ] Resolve mutations for :shared_preferences_android:createFullJarRelease (Thread[#822,Execution worker Thread 6,5,main]) started.
[        ] :shared_preferences_android:createFullJarRelease (Thread[#822,Execution worker Thread 6,5,main]) started.
[        ] > Task :shared_preferences_android:createFullJarRelease UP-TO-DATE
[        ] Caching disabled for task ':shared_preferences_android:createFullJarRelease' because:
[        ]   Build cache is disabled
[        ]   Simple merging task
[        ] Skipping task ':shared_preferences_android:createFullJarRelease' as it is up-to-date.
[        ] work action resolve full.jar (project :shared_preferences_android) (Thread[#822,Execution worker Thread 6,5,main]) started.
[        ] work action resolve full.jar (project :shared_preferences_android) (Thread[#822,Execution worker Thread 6,5,main]) started.
[        ] Resolve mutations for :shared_preferences_android:extractProguardFiles (Thread[#822,Execution worker Thread 6,5,main]) started.
[        ] :shared_preferences_android:extractProguardFiles (Thread[#822,Execution worker Thread 6,5,main]) started.
[        ] > Task :shared_preferences_android:extractProguardFiles UP-TO-DATE
[        ] Caching disabled for task ':shared_preferences_android:extractProguardFiles' because:
[        ]   Build cache is disabled
[        ]   Fast task
[        ] Skipping task ':shared_preferences_android:extractProguardFiles' as it is up-to-date.
[        ] Resolve mutations for :shared_preferences_android:generateReleaseLintModel (Thread[#822,Execution worker Thread 6,5,main]) started.
[        ] :shared_preferences_android:generateReleaseLintModel (Thread[#822,Execution worker Thread 6,5,main]) started.
[        ] > Task :shared_preferences_android:generateReleaseLintModel UP-TO-DATE
[        ] Caching disabled for task ':shared_preferences_android:generateReleaseLintModel' because:
[        ]   Build cache is disabled
[        ]   Caching has been disabled for the task
[        ] Skipping task ':shared_preferences_android:generateReleaseLintModel' as it is up-to-date.
[   +1 ms] work action resolve generateReleaseLintModel (project :shared_preferences_android) (Thread[#822,Execution worker Thread 6,5,main]) started.
[        ] work action resolve generateReleaseLintModel (project :shared_preferences_android) (Thread[#822,Execution worker Thread 6,5,main]) started.
[        ] Resolve mutations for :shared_preferences_android:prepareLintJarForPublish (Thread[#822,Execution worker Thread 6,5,main]) started.
[        ] :shared_preferences_android:prepareLintJarForPublish (Thread[#822,Execution worker Thread 6,5,main]) started.
[        ] > Task :shared_preferences_android:prepareLintJarForPublish UP-TO-DATE
[        ] Caching disabled for task ':shared_preferences_android:prepareLintJarForPublish' because:
[        ]   Build cache is disabled
[        ]   Caching has been disabled for the task
[        ] Skipping task ':shared_preferences_android:prepareLintJarForPublish' as it is up-to-date.
[        ] work action resolve lint.jar (project :shared_preferences_android) (Thread[#822,Execution worker Thread 6,5,main]) started.
[        ] work action resolve lint.jar (project :shared_preferences_android) (Thread[#822,Execution worker Thread 6,5,main]) started.
[        ] Resolve mutations for :app:generateReleaseLintVitalReportModel (Thread[#822,Execution worker Thread 6,5,main]) started.
[        ] :app:generateReleaseLintVitalReportModel (Thread[#818,Execution worker Thread 2,5,main]) started.
[  +89 ms] > Task :app:generateReleaseLintVitalReportModel UP-TO-DATE
[        ] Caching disabled for task ':app:generateReleaseLintVitalReportModel' because:
[        ]   Build cache is disabled
[        ]   Caching has been disabled for the task
[        ] Skipping task ':app:generateReleaseLintVitalReportModel' as it is up-to-date.
[        ] Resolve mutations for :android_file_picker:bundleReleaseLocalLintAar (Thread[#818,Execution worker Thread 2,5,main]) started.
[        ] :android_file_picker:bundleReleaseLocalLintAar (Thread[#818,Execution worker Thread 2,5,main]) started.
[        ] > Task :android_file_picker:bundleReleaseLocalLintAar UP-TO-DATE
[        ] Caching disabled for task ':android_file_picker:bundleReleaseLocalLintAar' because:
[        ]   Build cache is disabled
[        ]   Caching has been disabled for the task
[        ] Skipping task ':android_file_picker:bundleReleaseLocalLintAar' as it is up-to-date.
[        ] work action resolve out.aar (project :android_file_picker) (Thread[#818,Execution worker Thread 2,5,main]) started.
[        ] work action resolve out.aar (project :android_file_picker) (Thread[#818,Execution worker Thread 2,5,main]) started.
[        ] ExtractAarTransform (Thread[#818,Execution worker Thread 2,5,main]) started.
[        ] Resolve mutations for :jni_flutter:stripReleaseDebugSymbols (Thread[#822,Execution worker Thread 6,5,main]) started.
[        ] ExtractAarTransform (Thread[#817,Execution worker,5,main]) started.
[        ] :jni_flutter:stripReleaseDebugSymbols (Thread[#822,Execution worker Thread 6,5,main]) started.
[        ] > Task :jni_flutter:stripReleaseDebugSymbols NO-SOURCE
[        ] Skipping task ':jni_flutter:stripReleaseDebugSymbols' as it has no source files and no previous output files.
[        ] Resolve mutations for :jni_flutter:copyReleaseJniLibsProjectAndLocalJars (Thread[#822,Execution worker Thread 6,5,main]) started.
[        ] :jni_flutter:copyReleaseJniLibsProjectAndLocalJars (Thread[#822,Execution worker Thread 6,5,main]) started.
[        ] > Task :jni_flutter:copyReleaseJniLibsProjectAndLocalJars UP-TO-DATE
[        ] Caching disabled for task ':jni_flutter:copyReleaseJniLibsProjectAndLocalJars' because:
[        ]   Build cache is disabled
[        ]   Caching has been disabled for the task
[        ] Skipping task ':jni_flutter:copyReleaseJniLibsProjectAndLocalJars' as it is up-to-date.
[        ] Resolve mutations for :jni_flutter:extractDeepLinksForAarRelease (Thread[#822,Execution worker Thread 6,5,main]) started.
[        ] :jni_flutter:extractDeepLinksForAarRelease (Thread[#822,Execution worker Thread 6,5,main]) started.
[        ] > Task :jni_flutter:extractDeepLinksForAarRelease UP-TO-DATE
[        ] Caching disabled for task ':jni_flutter:extractDeepLinksForAarRelease' because:
[        ]   Build cache is disabled
[        ] Skipping task ':jni_flutter:extractDeepLinksForAarRelease' as it is up-to-date.
[        ] Resolve mutations for :jni_flutter:extractReleaseAnnotations (Thread[#822,Execution worker Thread 6,5,main]) started.
[        ] :jni_flutter:extractReleaseAnnotations (Thread[#822,Execution worker Thread 6,5,main]) started.
[        ] > Task :jni_flutter:extractReleaseAnnotations UP-TO-DATE
[        ] Caching disabled for task ':jni_flutter:extractReleaseAnnotations' because:
[        ]   Build cache is disabled
[        ] Skipping task ':jni_flutter:extractReleaseAnnotations' as it is up-to-date.
[        ] Resolve mutations for :jni_flutter:mergeReleaseConsumerProguardFiles (Thread[#822,Execution worker Thread 6,5,main]) started.
[        ] :jni_flutter:mergeReleaseConsumerProguardFiles (Thread[#822,Execution worker Thread 6,5,main]) started.
[        ] > Task :jni_flutter:mergeReleaseConsumerProguardFiles UP-TO-DATE
[        ] Caching disabled for task ':jni_flutter:mergeReleaseConsumerProguardFiles' because:
[        ]   Build cache is disabled
[        ]   Simple merging task
[        ] Skipping task ':jni_flutter:mergeReleaseConsumerProguardFiles' as it is up-to-date.
[        ] Resolve mutations for :jni_flutter:mergeReleaseJavaResource (Thread[#822,Execution worker Thread 6,5,main]) started.
[        ] :jni_flutter:mergeReleaseJavaResource (Thread[#822,Execution worker Thread 6,5,main]) started.
[        ] > Task :jni_flutter:mergeReleaseJavaResource UP-TO-DATE
[        ] Caching disabled for task ':jni_flutter:mergeReleaseJavaResource' because:
[        ]   Build cache is disabled
[        ]   Caching has been disabled for the task
[        ] Skipping task ':jni_flutter:mergeReleaseJavaResource' as it is up-to-date.
[        ] Resolve mutations for :jni_flutter:syncReleaseLibJars (Thread[#822,Execution worker Thread 6,5,main]) started.
[        ] :jni_flutter:syncReleaseLibJars (Thread[#822,Execution worker Thread 6,5,main]) started.
[        ] > Task :jni_flutter:syncReleaseLibJars UP-TO-DATE
[        ] Caching disabled for task ':jni_flutter:syncReleaseLibJars' because:
[        ]   Build cache is disabled
[        ] Skipping task ':jni_flutter:syncReleaseLibJars' as it is up-to-date.
[        ] Resolve mutations for :jni_flutter:bundleReleaseLocalLintAar (Thread[#822,Execution worker Thread 6,5,main]) started.
[        ] :jni_flutter:bundleReleaseLocalLintAar (Thread[#820,Execution worker Thread 4,5,main]) started.
[        ] > Task :jni_flutter:bundleReleaseLocalLintAar UP-TO-DATE
[        ] Caching disabled for task ':jni_flutter:bundleReleaseLocalLintAar' because:
[        ]   Build cache is disabled
[        ]   Caching has been disabled for the task
[        ] Skipping task ':jni_flutter:bundleReleaseLocalLintAar' as it is up-to-date.
[        ] work action resolve out.aar (project :jni_flutter) (Thread[#820,Execution worker Thread 4,5,main]) started.
[        ] work action resolve out.aar (project :jni_flutter) (Thread[#820,Execution worker Thread 4,5,main]) started.
[        ] ExtractAarTransform (Thread[#820,Execution worker Thread 4,5,main]) started.
[        ] Resolve mutations for :jni:stripReleaseDebugSymbols (Thread[#817,Execution worker,5,main]) started.
[        ] ExtractAarTransform (Thread[#823,Execution worker Thread 7,5,main]) started.
[        ] :jni:stripReleaseDebugSymbols (Thread[#817,Execution worker,5,main]) started.
[        ] > Task :jni:stripReleaseDebugSymbols UP-TO-DATE
[        ] Caching disabled for task ':jni:stripReleaseDebugSymbols' because:
[        ]   Build cache is disabled
[        ]   Caching has been disabled for the task
[        ] Skipping task ':jni:stripReleaseDebugSymbols' as it is up-to-date.
[        ] Resolve mutations for :jni:copyReleaseJniLibsProjectAndLocalJars (Thread[#817,Execution worker,5,main]) started.
[        ] :jni:copyReleaseJniLibsProjectAndLocalJars (Thread[#817,Execution worker,5,main]) started.
[        ] > Task :jni:copyReleaseJniLibsProjectAndLocalJars UP-TO-DATE
[        ] Caching disabled for task ':jni:copyReleaseJniLibsProjectAndLocalJars' because:
[        ]   Build cache is disabled
[        ]   Caching has been disabled for the task
[        ] Skipping task ':jni:copyReleaseJniLibsProjectAndLocalJars' as it is up-to-date.
[        ] Resolve mutations for :jni:extractDeepLinksForAarRelease (Thread[#817,Execution worker,5,main]) started.
[        ] :jni:extractDeepLinksForAarRelease (Thread[#817,Execution worker,5,main]) started.
[        ] > Task :jni:extractDeepLinksForAarRelease UP-TO-DATE
[        ] Caching disabled for task ':jni:extractDeepLinksForAarRelease' because:
[        ]   Build cache is disabled
[        ] Skipping task ':jni:extractDeepLinksForAarRelease' as it is up-to-date.
[        ] Resolve mutations for :jni:extractReleaseAnnotations (Thread[#817,Execution worker,5,main]) started.
[        ] :jni:extractReleaseAnnotations (Thread[#817,Execution worker,5,main]) started.
[  +92 ms] > Task :jni:extractReleaseAnnotations UP-TO-DATE
[        ] Caching disabled for task ':jni:extractReleaseAnnotations' because:
[        ]   Build cache is disabled
[        ] Skipping task ':jni:extractReleaseAnnotations' as it is up-to-date.
[        ] Resolve mutations for :jni:mergeReleaseConsumerProguardFiles (Thread[#823,Execution worker Thread 7,5,main]) started.
[        ] :jni:mergeReleaseConsumerProguardFiles (Thread[#823,Execution worker Thread 7,5,main]) started.
[        ] > Task :jni:mergeReleaseConsumerProguardFiles UP-TO-DATE
[        ] Caching disabled for task ':jni:mergeReleaseConsumerProguardFiles' because:
[        ]   Build cache is disabled
[        ]   Simple merging task
[        ] Skipping task ':jni:mergeReleaseConsumerProguardFiles' as it is up-to-date.
[        ] Resolve mutations for :jni:mergeReleaseJavaResource (Thread[#823,Execution worker Thread 7,5,main]) started.
[        ] :jni:mergeReleaseJavaResource (Thread[#823,Execution worker Thread 7,5,main]) started.
[        ] > Task :jni:mergeReleaseJavaResource UP-TO-DATE
[        ] Caching disabled for task ':jni:mergeReleaseJavaResource' because:
[        ]   Build cache is disabled
[        ]   Caching has been disabled for the task
[        ] Skipping task ':jni:mergeReleaseJavaResource' as it is up-to-date.
[        ] Resolve mutations for :jni:syncReleaseLibJars (Thread[#823,Execution worker Thread 7,5,main]) started.
[        ] :jni:syncReleaseLibJars (Thread[#823,Execution worker Thread 7,5,main]) started.
[        ] > Task :jni:syncReleaseLibJars UP-TO-DATE
[        ] Caching disabled for task ':jni:syncReleaseLibJars' because:
[        ]   Build cache is disabled
[        ] Skipping task ':jni:syncReleaseLibJars' as it is up-to-date.
[        ] Resolve mutations for :jni:bundleReleaseLocalLintAar (Thread[#823,Execution worker Thread 7,5,main]) started.
[        ] :jni:bundleReleaseLocalLintAar (Thread[#823,Execution worker Thread 7,5,main]) started.
[        ] > Task :jni:bundleReleaseLocalLintAar UP-TO-DATE
[        ] Caching disabled for task ':jni:bundleReleaseLocalLintAar' because:
[        ]   Build cache is disabled
[        ]   Caching has been disabled for the task
[        ] Skipping task ':jni:bundleReleaseLocalLintAar' as it is up-to-date.
[   +1 ms] work action resolve out.aar (project :jni) (Thread[#823,Execution worker Thread 7,5,main]) started.
[        ] work action resolve out.aar (project :jni) (Thread[#823,Execution worker Thread 7,5,main]) started.
[        ] ExtractAarTransform (Thread[#816,included builds,5,main]) started.
[        ] ExtractAarTransform (Thread[#818,Execution worker Thread 2,5,main]) started.
[        ] Resolve mutations for :mobile_scanner:stripReleaseDebugSymbols (Thread[#823,Execution worker Thread 7,5,main]) started.
[        ] ExtractAarTransform (Thread[#817,Execution worker,5,main]) started.
[        ] ExtractAarTransform (Thread[#821,Execution worker Thread 5,5,main]) started.
[        ] :mobile_scanner:stripReleaseDebugSymbols (Thread[#823,Execution worker Thread 7,5,main]) started.
[        ] > Task :mobile_scanner:stripReleaseDebugSymbols NO-SOURCE
[        ] Skipping task ':mobile_scanner:stripReleaseDebugSymbols' as it has no source files and no previous output files.
[        ] Resolve mutations for :mobile_scanner:copyReleaseJniLibsProjectAndLocalJars (Thread[#823,Execution worker Thread 7,5,main]) started.
[        ] :mobile_scanner:copyReleaseJniLibsProjectAndLocalJars (Thread[#823,Execution worker Thread 7,5,main]) started.
[        ] > Task :mobile_scanner:copyReleaseJniLibsProjectAndLocalJars UP-TO-DATE
[        ] Caching disabled for task ':mobile_scanner:copyReleaseJniLibsProjectAndLocalJars' because:
[        ]   Build cache is disabled
[        ]   Caching has been disabled for the task
[        ] Skipping task ':mobile_scanner:copyReleaseJniLibsProjectAndLocalJars' as it is up-to-date.
[        ] Resolve mutations for :mobile_scanner:extractDeepLinksForAarRelease (Thread[#823,Execution worker Thread 7,5,main]) started.
[        ] :mobile_scanner:extractDeepLinksForAarRelease (Thread[#823,Execution worker Thread 7,5,main]) started.
[        ] > Task :mobile_scanner:extractDeepLinksForAarRelease UP-TO-DATE
[        ] Caching disabled for task ':mobile_scanner:extractDeepLinksForAarRelease' because:
[        ]   Build cache is disabled
[        ] Skipping task ':mobile_scanner:extractDeepLinksForAarRelease' as it is up-to-date.
[        ] Resolve mutations for :mobile_scanner:extractReleaseAnnotations (Thread[#823,Execution worker Thread 7,5,main]) started.
[        ] :mobile_scanner:extractReleaseAnnotations (Thread[#823,Execution worker Thread 7,5,main]) started.
[        ] > Task :mobile_scanner:extractReleaseAnnotations UP-TO-DATE
[        ] Caching disabled for task ':mobile_scanner:extractReleaseAnnotations' because:
[        ]   Build cache is disabled
[        ] Skipping task ':mobile_scanner:extractReleaseAnnotations' as it is up-to-date.
[        ] Resolve mutations for :mobile_scanner:mergeReleaseConsumerProguardFiles (Thread[#823,Execution worker Thread 7,5,main]) started.
[        ] :mobile_scanner:mergeReleaseConsumerProguardFiles (Thread[#823,Execution worker Thread 7,5,main]) started.
[        ] > Task :mobile_scanner:mergeReleaseConsumerProguardFiles UP-TO-DATE
[        ] Caching disabled for task ':mobile_scanner:mergeReleaseConsumerProguardFiles' because:
[        ]   Build cache is disabled
[        ]   Simple merging task
[        ] Skipping task ':mobile_scanner:mergeReleaseConsumerProguardFiles' as it is up-to-date.
[        ] Resolve mutations for :mobile_scanner:mergeReleaseJavaResource (Thread[#823,Execution worker Thread 7,5,main]) started.
[        ] :mobile_scanner:mergeReleaseJavaResource (Thread[#823,Execution worker Thread 7,5,main]) started.
[        ] > Task :mobile_scanner:mergeReleaseJavaResource UP-TO-DATE
[        ] Caching disabled for task ':mobile_scanner:mergeReleaseJavaResource' because:
[        ]   Build cache is disabled
[        ]   Caching has been disabled for the task
[        ] Skipping task ':mobile_scanner:mergeReleaseJavaResource' as it is up-to-date.
[        ] Resolve mutations for :mobile_scanner:syncReleaseLibJars (Thread[#823,Execution worker Thread 7,5,main]) started.
[        ] :mobile_scanner:syncReleaseLibJars (Thread[#823,Execution worker Thread 7,5,main]) started.
[        ] > Task :mobile_scanner:syncReleaseLibJars UP-TO-DATE
[        ] Caching disabled for task ':mobile_scanner:syncReleaseLibJars' because:
[        ]   Build cache is disabled
[        ] Skipping task ':mobile_scanner:syncReleaseLibJars' as it is up-to-date.
[        ] Resolve mutations for :mobile_scanner:bundleReleaseLocalLintAar (Thread[#823,Execution worker Thread 7,5,main]) started.
[        ] :mobile_scanner:bundleReleaseLocalLintAar (Thread[#823,Execution worker Thread 7,5,main]) started.
[        ] > Task :mobile_scanner:bundleReleaseLocalLintAar UP-TO-DATE
[        ] Caching disabled for task ':mobile_scanner:bundleReleaseLocalLintAar' because:
[        ]   Build cache is disabled
[        ]   Caching has been disabled for the task
[        ] Skipping task ':mobile_scanner:bundleReleaseLocalLintAar' as it is up-to-date.
[        ] work action resolve out.aar (project :mobile_scanner) (Thread[#823,Execution worker Thread 7,5,main]) started.
[        ] work action resolve out.aar (project :mobile_scanner) (Thread[#823,Execution worker Thread 7,5,main]) started.
[        ] ExtractAarTransform (Thread[#820,Execution worker Thread 4,5,main]) started.
[        ] ExtractAarTransform (Thread[#817,Execution worker,5,main]) started.
[        ] Resolve mutations for :package_info_plus:stripReleaseDebugSymbols (Thread[#823,Execution worker Thread 7,5,main]) started.
[        ] :package_info_plus:stripReleaseDebugSymbols (Thread[#823,Execution worker Thread 7,5,main]) started.
[        ] > Task :package_info_plus:stripReleaseDebugSymbols NO-SOURCE
[        ] Skipping task ':package_info_plus:stripReleaseDebugSymbols' as it has no source files and no previous output files.
[        ] Resolve mutations for :package_info_plus:copyReleaseJniLibsProjectAndLocalJars (Thread[#823,Execution worker Thread 7,5,main]) started.
[        ] :package_info_plus:copyReleaseJniLibsProjectAndLocalJars (Thread[#823,Execution worker Thread 7,5,main]) started.
[        ] > Task :package_info_plus:copyReleaseJniLibsProjectAndLocalJars UP-TO-DATE
[        ] Caching disabled for task ':package_info_plus:copyReleaseJniLibsProjectAndLocalJars' because:
[        ]   Build cache is disabled
[        ]   Caching has been disabled for the task
[        ] Skipping task ':package_info_plus:copyReleaseJniLibsProjectAndLocalJars' as it is up-to-date.
[        ] Resolve mutations for :package_info_plus:extractDeepLinksForAarRelease (Thread[#823,Execution worker Thread 7,5,main]) started.
[        ] :package_info_plus:extractDeepLinksForAarRelease (Thread[#823,Execution worker Thread 7,5,main]) started.
[        ] > Task :package_info_plus:extractDeepLinksForAarRelease UP-TO-DATE
[        ] Caching disabled for task ':package_info_plus:extractDeepLinksForAarRelease' because:
[        ]   Build cache is disabled
[        ] Skipping task ':package_info_plus:extractDeepLinksForAarRelease' as it is up-to-date.
[        ] Resolve mutations for :package_info_plus:extractReleaseAnnotations (Thread[#823,Execution worker Thread 7,5,main]) started.
[        ] :package_info_plus:extractReleaseAnnotations (Thread[#823,Execution worker Thread 7,5,main]) started.
[        ] > Task :package_info_plus:extractReleaseAnnotations UP-TO-DATE
[        ] Caching disabled for task ':package_info_plus:extractReleaseAnnotations' because:
[        ]   Build cache is disabled
[        ] Skipping task ':package_info_plus:extractReleaseAnnotations' as it is up-to-date.
[        ] Resolve mutations for :package_info_plus:mergeReleaseConsumerProguardFiles (Thread[#823,Execution worker Thread 7,5,main]) started.
[        ] :package_info_plus:mergeReleaseConsumerProguardFiles (Thread[#823,Execution worker Thread 7,5,main]) started.
[        ] > Task :package_info_plus:mergeReleaseConsumerProguardFiles UP-TO-DATE
[        ] Caching disabled for task ':package_info_plus:mergeReleaseConsumerProguardFiles' because:
[        ]   Build cache is disabled
[        ]   Simple merging task
[        ] Skipping task ':package_info_plus:mergeReleaseConsumerProguardFiles' as it is up-to-date.
[        ] Resolve mutations for :package_info_plus:mergeReleaseJavaResource (Thread[#823,Execution worker Thread 7,5,main]) started.
[        ] :package_info_plus:mergeReleaseJavaResource (Thread[#823,Execution worker Thread 7,5,main]) started.
[        ] > Task :package_info_plus:mergeReleaseJavaResource UP-TO-DATE
[        ] Caching disabled for task ':package_info_plus:mergeReleaseJavaResource' because:
[        ]   Build cache is disabled
[        ]   Caching has been disabled for the task
[        ] Skipping task ':package_info_plus:mergeReleaseJavaResource' as it is up-to-date.
[        ] Resolve mutations for :package_info_plus:syncReleaseLibJars (Thread[#823,Execution worker Thread 7,5,main]) started.
[        ] :package_info_plus:syncReleaseLibJars (Thread[#823,Execution worker Thread 7,5,main]) started.
[        ] > Task :package_info_plus:syncReleaseLibJars UP-TO-DATE
[        ] Caching disabled for task ':package_info_plus:syncReleaseLibJars' because:
[        ]   Build cache is disabled
[        ] Skipping task ':package_info_plus:syncReleaseLibJars' as it is up-to-date.
[        ] Resolve mutations for :package_info_plus:bundleReleaseLocalLintAar (Thread[#823,Execution worker Thread 7,5,main]) started.
[        ] :package_info_plus:bundleReleaseLocalLintAar (Thread[#823,Execution worker Thread 7,5,main]) started.
[        ] > Task :package_info_plus:bundleReleaseLocalLintAar UP-TO-DATE
[        ] Caching disabled for task ':package_info_plus:bundleReleaseLocalLintAar' because:
[        ]   Build cache is disabled
[        ]   Caching has been disabled for the task
[        ] Skipping task ':package_info_plus:bundleReleaseLocalLintAar' as it is up-to-date.
[        ] work action resolve out.aar (project :package_info_plus) (Thread[#823,Execution worker Thread 7,5,main]) started.
[        ] work action resolve out.aar (project :package_info_plus) (Thread[#818,Execution worker Thread 2,5,main]) started.
[        ] ExtractAarTransform (Thread[#817,Execution worker,5,main]) started.
[        ] Resolve mutations for :shared_preferences_android:stripReleaseDebugSymbols (Thread[#818,Execution worker Thread 2,5,main]) started.
[        ] ExtractAarTransform (Thread[#821,Execution worker Thread 5,5,main]) started.
[        ] :shared_preferences_android:stripReleaseDebugSymbols (Thread[#822,Execution worker Thread 6,5,main]) started.
[        ] > Task :shared_preferences_android:stripReleaseDebugSymbols NO-SOURCE
[        ] Skipping task ':shared_preferences_android:stripReleaseDebugSymbols' as it has no source files and no previous output files.
[        ] Resolve mutations for :shared_preferences_android:copyReleaseJniLibsProjectAndLocalJars (Thread[#822,Execution worker Thread 6,5,main]) started.
[        ] :shared_preferences_android:copyReleaseJniLibsProjectAndLocalJars (Thread[#822,Execution worker Thread 6,5,main]) started.
[        ] > Task :shared_preferences_android:copyReleaseJniLibsProjectAndLocalJars UP-TO-DATE
[        ] Caching disabled for task ':shared_preferences_android:copyReleaseJniLibsProjectAndLocalJars' because:
[        ]   Build cache is disabled
[        ]   Caching has been disabled for the task
[        ] Skipping task ':shared_preferences_android:copyReleaseJniLibsProjectAndLocalJars' as it is up-to-date.
[        ] Resolve mutations for :shared_preferences_android:extractDeepLinksForAarRelease (Thread[#822,Execution worker Thread 6,5,main]) started.
[        ] :shared_preferences_android:extractDeepLinksForAarRelease (Thread[#822,Execution worker Thread 6,5,main]) started.
[        ] > Task :shared_preferences_android:extractDeepLinksForAarRelease UP-TO-DATE
[        ] Caching disabled for task ':shared_preferences_android:extractDeepLinksForAarRelease' because:
[        ]   Build cache is disabled
[        ] Skipping task ':shared_preferences_android:extractDeepLinksForAarRelease' as it is up-to-date.
[        ] Resolve mutations for :shared_preferences_android:extractReleaseAnnotations (Thread[#822,Execution worker Thread 6,5,main]) started.
[        ] :shared_preferences_android:extractReleaseAnnotations (Thread[#822,Execution worker Thread 6,5,main]) started.
[  +83 ms] > Task :shared_preferences_android:extractReleaseAnnotations UP-TO-DATE
[        ] Caching disabled for task ':shared_preferences_android:extractReleaseAnnotations' because:
[        ]   Build cache is disabled
[        ] Skipping task ':shared_preferences_android:extractReleaseAnnotations' as it is up-to-date.
[        ] Resolve mutations for :shared_preferences_android:mergeReleaseConsumerProguardFiles (Thread[#822,Execution worker Thread 6,5,main]) started.
[        ] :shared_preferences_android:mergeReleaseConsumerProguardFiles (Thread[#822,Execution worker Thread 6,5,main]) started.
[        ] > Task :shared_preferences_android:mergeReleaseConsumerProguardFiles UP-TO-DATE
[        ] Caching disabled for task ':shared_preferences_android:mergeReleaseConsumerProguardFiles' because:
[        ]   Build cache is disabled
[        ]   Simple merging task
[        ] Skipping task ':shared_preferences_android:mergeReleaseConsumerProguardFiles' as it is up-to-date.
[        ] Resolve mutations for :shared_preferences_android:mergeReleaseJavaResource (Thread[#822,Execution worker Thread 6,5,main]) started.
[        ] :shared_preferences_android:mergeReleaseJavaResource (Thread[#822,Execution worker Thread 6,5,main]) started.
[        ] > Task :shared_preferences_android:mergeReleaseJavaResource UP-TO-DATE
[        ] Caching disabled for task ':shared_preferences_android:mergeReleaseJavaResource' because:
[        ]   Build cache is disabled
[        ]   Caching has been disabled for the task
[        ] Skipping task ':shared_preferences_android:mergeReleaseJavaResource' as it is up-to-date.
[        ] Resolve mutations for :shared_preferences_android:syncReleaseLibJars (Thread[#822,Execution worker Thread 6,5,main]) started.
[        ] :shared_preferences_android:syncReleaseLibJars (Thread[#822,Execution worker Thread 6,5,main]) started.
[        ] > Task :shared_preferences_android:syncReleaseLibJars UP-TO-DATE
[        ] Caching disabled for task ':shared_preferences_android:syncReleaseLibJars' because:
[        ]   Build cache is disabled
[        ] Skipping task ':shared_preferences_android:syncReleaseLibJars' as it is up-to-date.
[        ] Resolve mutations for :shared_preferences_android:bundleReleaseLocalLintAar (Thread[#822,Execution worker Thread 6,5,main]) started.
[        ] :shared_preferences_android:bundleReleaseLocalLintAar (Thread[#822,Execution worker Thread 6,5,main]) started.
[        ] > Task :shared_preferences_android:bundleReleaseLocalLintAar UP-TO-DATE
[        ] Caching disabled for task ':shared_preferences_android:bundleReleaseLocalLintAar' because:
[        ]   Build cache is disabled
[        ]   Caching has been disabled for the task
[        ] Skipping task ':shared_preferences_android:bundleReleaseLocalLintAar' as it is up-to-date.
[        ] work action resolve out.aar (project :shared_preferences_android) (Thread[#822,Execution worker Thread 6,5,main]) started.
[        ] work action resolve out.aar (project :shared_preferences_android) (Thread[#822,Execution worker Thread 6,5,main]) started.
[        ] ExtractAarTransform (Thread[#817,Execution worker,5,main]) started.
[        ] ExtractAarTransform (Thread[#822,Execution worker Thread 6,5,main]) started.
[        ] Resolve mutations for :android_file_picker:writeReleaseLintModelMetadata (Thread[#821,Execution worker Thread 5,5,main]) started.
[        ] :android_file_picker:writeReleaseLintModelMetadata (Thread[#821,Execution worker Thread 5,5,main]) started.
[        ] > Task :android_file_picker:writeReleaseLintModelMetadata UP-TO-DATE
[        ] Caching disabled for task ':android_file_picker:writeReleaseLintModelMetadata' because:
[        ]   Build cache is disabled
[        ]   Caching has been disabled for the task
[        ] Skipping task ':android_file_picker:writeReleaseLintModelMetadata' as it is up-to-date.
[        ] work action resolve lint-model-metadata.properties (project :android_file_picker) (Thread[#821,Execution worker Thread 5,5,main]) started.
[        ] work action resolve lint-model-metadata.properties (project :android_file_picker) (Thread[#821,Execution worker Thread 5,5,main]) started.
[        ] Resolve mutations for :jni:lintVitalAnalyzeRelease (Thread[#821,Execution worker Thread 5,5,main]) started.
[        ] :jni:lintVitalAnalyzeRelease (Thread[#821,Execution worker Thread 5,5,main]) started.
[        ] Resolve mutations for :jni:writeReleaseLintModelMetadata (Thread[#822,Execution worker Thread 6,5,main]) started.
[        ] :jni:writeReleaseLintModelMetadata (Thread[#822,Execution worker Thread 6,5,main]) started.
[        ] > Task :jni:writeReleaseLintModelMetadata UP-TO-DATE
[        ] Caching disabled for task ':jni:writeReleaseLintModelMetadata' because:
[        ]   Build cache is disabled
[        ]   Caching has been disabled for the task
[        ] Skipping task ':jni:writeReleaseLintModelMetadata' as it is up-to-date.
[        ] work action resolve lint-model-metadata.properties (project :jni) (Thread[#822,Execution worker Thread 6,5,main]) started.
[        ] work action resolve lint-model-metadata.properties (project :jni) (Thread[#822,Execution worker Thread 6,5,main]) started.
[        ] Resolve mutations for :jni_flutter:lintVitalAnalyzeRelease (Thread[#820,Execution worker Thread 4,5,main]) started.
[        ] :jni_flutter:lintVitalAnalyzeRelease (Thread[#820,Execution worker Thread 4,5,main]) started.
[  +96 ms] Resolve mutations for :jni_flutter:writeReleaseLintModelMetadata (Thread[#822,Execution worker Thread 6,5,main]) started.
[        ] :jni_flutter:writeReleaseLintModelMetadata (Thread[#822,Execution worker Thread 6,5,main]) started.
[        ] > Task :jni_flutter:writeReleaseLintModelMetadata UP-TO-DATE
[        ] Caching disabled for task ':jni_flutter:writeReleaseLintModelMetadata' because:
[        ]   Build cache is disabled
[        ]   Caching has been disabled for the task
[        ] Skipping task ':jni_flutter:writeReleaseLintModelMetadata' as it is up-to-date.
[        ] work action resolve lint-model-metadata.properties (project :jni_flutter) (Thread[#822,Execution worker Thread 6,5,main]) started.
[        ] work action resolve lint-model-metadata.properties (project :jni_flutter) (Thread[#822,Execution worker Thread 6,5,main]) started.
[        ] Resolve mutations for :mobile_scanner:lintVitalAnalyzeRelease (Thread[#822,Execution worker Thread 6,5,main]) started.
[        ] :mobile_scanner:lintVitalAnalyzeRelease (Thread[#822,Execution worker Thread 6,5,main]) started.
[ +131 ms] Resolve mutations for :mobile_scanner:writeReleaseLintModelMetadata (Thread[#818,Execution worker Thread 2,5,main]) started.
[        ] :mobile_scanner:writeReleaseLintModelMetadata (Thread[#818,Execution worker Thread 2,5,main]) started.
[  +24 ms] > Task :mobile_scanner:writeReleaseLintModelMetadata UP-TO-DATE
[        ] Caching disabled for task ':mobile_scanner:writeReleaseLintModelMetadata' because:
[        ]   Build cache is disabled
[        ]   Caching has been disabled for the task
[        ] Skipping task ':mobile_scanner:writeReleaseLintModelMetadata' as it is up-to-date.
[   +1 ms] work action resolve lint-model-metadata.properties (project :mobile_scanner) (Thread[#818,Execution worker Thread 2,5,main]) started.
[        ] work action resolve lint-model-metadata.properties (project :mobile_scanner) (Thread[#818,Execution worker Thread 2,5,main]) started.
[        ] Resolve mutations for :package_info_plus:lintVitalAnalyzeRelease (Thread[#818,Execution worker Thread 2,5,main]) started.
[        ] :package_info_plus:lintVitalAnalyzeRelease (Thread[#818,Execution worker Thread 2,5,main]) started.
[  +40 ms] Resolve mutations for :package_info_plus:writeReleaseLintModelMetadata (Thread[#823,Execution worker Thread 7,5,main]) started.
[        ] :package_info_plus:writeReleaseLintModelMetadata (Thread[#823,Execution worker Thread 7,5,main]) started.
[        ] > Task :package_info_plus:writeReleaseLintModelMetadata UP-TO-DATE
[        ] Caching disabled for task ':package_info_plus:writeReleaseLintModelMetadata' because:
[        ]   Build cache is disabled
[        ]   Caching has been disabled for the task
[        ] Skipping task ':package_info_plus:writeReleaseLintModelMetadata' as it is up-to-date.
[        ] work action resolve lint-model-metadata.properties (project :package_info_plus) (Thread[#823,Execution worker Thread 7,5,main]) started.
[   +1 ms] work action resolve lint-model-metadata.properties (project :package_info_plus) (Thread[#823,Execution worker Thread 7,5,main]) started.
[        ] Resolve mutations for :shared_preferences_android:lintVitalAnalyzeRelease (Thread[#823,Execution worker Thread 7,5,main]) started.
[        ] :shared_preferences_android:lintVitalAnalyzeRelease (Thread[#823,Execution worker Thread 7,5,main]) started.
[ +119 ms] Resolve mutations for :shared_preferences_android:writeReleaseLintModelMetadata (Thread[#816,included builds,5,main]) started.
[        ] :shared_preferences_android:writeReleaseLintModelMetadata (Thread[#816,included builds,5,main]) started.
[        ] > Task :shared_preferences_android:writeReleaseLintModelMetadata UP-TO-DATE
[  +29 ms] Caching disabled for task ':shared_preferences_android:writeReleaseLintModelMetadata' because:
[  +12 ms]   Build cache is disabled
[        ]   Caching has been disabled for the task
[        ] Skipping task ':shared_preferences_android:writeReleaseLintModelMetadata' as it is up-to-date.
[        ] work action resolve lint-model-metadata.properties (project :shared_preferences_android) (Thread[#816,included builds,5,main]) started.
[        ] work action resolve lint-model-metadata.properties (project :shared_preferences_android) (Thread[#816,included builds,5,main]) started.
[        ] Resolve mutations for :jni:generateReleaseLintVitalModel (Thread[#816,included builds,5,main]) started.
[        ] :jni:generateReleaseLintVitalModel (Thread[#816,included builds,5,main]) started.
[        ] > Task :jni:generateReleaseLintVitalModel UP-TO-DATE
[        ] Caching disabled for task ':jni:generateReleaseLintVitalModel' because:
[        ]   Build cache is disabled
[   +3 ms]   Caching has been disabled for the task
[        ] Skipping task ':jni:generateReleaseLintVitalModel' as it is up-to-date.
[        ] work action resolve generateReleaseLintVitalModel (project :jni) (Thread[#816,included builds,5,main]) started.
[        ] work action resolve generateReleaseLintVitalModel (project :jni) (Thread[#816,included builds,5,main]) started.
[        ] Resolve mutations for :jni_flutter:generateReleaseLintVitalModel (Thread[#816,included builds,5,main]) started.
[        ] :jni_flutter:generateReleaseLintVitalModel (Thread[#817,Execution worker,5,main]) started.
[        ] > Task :jni_flutter:generateReleaseLintVitalModel UP-TO-DATE
[        ] Caching disabled for task ':jni_flutter:generateReleaseLintVitalModel' because:
[        ]   Build cache is disabled
[        ]   Caching has been disabled for the task
[        ] Skipping task ':jni_flutter:generateReleaseLintVitalModel' as it is up-to-date.
[        ] work action resolve generateReleaseLintVitalModel (project :jni_flutter) (Thread[#817,Execution worker,5,main]) started.
[        ] work action resolve generateReleaseLintVitalModel (project :jni_flutter) (Thread[#817,Execution worker,5,main]) started.
[        ] Resolve mutations for :mobile_scanner:generateReleaseLintVitalModel (Thread[#817,Execution worker,5,main]) started.
[        ] :mobile_scanner:generateReleaseLintVitalModel (Thread[#817,Execution worker,5,main]) started.
[        ] > Task :mobile_scanner:generateReleaseLintVitalModel UP-TO-DATE
[        ] Caching disabled for task ':mobile_scanner:generateReleaseLintVitalModel' because:
[        ]   Build cache is disabled
[        ]   Caching has been disabled for the task
[        ] Skipping task ':mobile_scanner:generateReleaseLintVitalModel' as it is up-to-date.
[        ] work action resolve generateReleaseLintVitalModel (project :mobile_scanner) (Thread[#817,Execution worker,5,main]) started.
[        ] work action resolve generateReleaseLintVitalModel (project :mobile_scanner) (Thread[#817,Execution worker,5,main]) started.
[        ] Resolve mutations for :package_info_plus:generateReleaseLintVitalModel (Thread[#817,Execution worker,5,main]) started.
[        ] :package_info_plus:generateReleaseLintVitalModel (Thread[#817,Execution worker,5,main]) started.
[        ] > Task :package_info_plus:generateReleaseLintVitalModel UP-TO-DATE
[        ] Caching disabled for task ':package_info_plus:generateReleaseLintVitalModel' because:
[        ]   Build cache is disabled
[        ]   Caching has been disabled for the task
[        ] Skipping task ':package_info_plus:generateReleaseLintVitalModel' as it is up-to-date.
[        ] work action resolve generateReleaseLintVitalModel (project :package_info_plus) (Thread[#817,Execution worker,5,main]) started.
[        ] work action resolve generateReleaseLintVitalModel (project :package_info_plus) (Thread[#816,included builds,5,main]) started.
[   +9 ms] Resolve mutations for :shared_preferences_android:generateReleaseLintVitalModel (Thread[#816,included builds,5,main]) started.
[        ] :shared_preferences_android:generateReleaseLintVitalModel (Thread[#816,included builds,5,main]) started.
[  +12 ms] > Task :shared_preferences_android:generateReleaseLintVitalModel UP-TO-DATE
[        ] Caching disabled for task ':shared_preferences_android:generateReleaseLintVitalModel' because:
[        ]   Build cache is disabled
[        ]   Caching has been disabled for the task
[        ] Skipping task ':shared_preferences_android:generateReleaseLintVitalModel' as it is up-to-date.
[        ] work action resolve generateReleaseLintVitalModel (project :shared_preferences_android) (Thread[#816,included builds,5,main]) started.
[        ] work action resolve generateReleaseLintVitalModel (project :shared_preferences_android) (Thread[#816,included builds,5,main]) started.
[        ] Resolve mutations for :app:convertShrunkResourcesToBinaryRelease (Thread[#816,included builds,5,main]) started.
[        ] :app:convertShrunkResourcesToBinaryRelease (Thread[#816,included builds,5,main]) started.
[        ] > Task :app:convertShrunkResourcesToBinaryRelease UP-TO-DATE
[        ] Custom actions are attached to task ':app:convertShrunkResourcesToBinaryRelease'.
[        ] Caching disabled for task ':app:convertShrunkResourcesToBinaryRelease' because:
[        ]   Build cache is disabled
[        ] Skipping task ':app:convertShrunkResourcesToBinaryRelease' as it is up-to-date.
[        ] Resolve mutations for :app:optimizeReleaseResources (Thread[#816,included builds,5,main]) started.
[        ] :app:optimizeReleaseResources (Thread[#816,included builds,5,main]) started.
[        ] > Task :app:optimizeReleaseResources UP-TO-DATE
[        ] Custom actions are attached to task ':app:optimizeReleaseResources'.
[        ] Caching disabled for task ':app:optimizeReleaseResources' because:
[        ]   Build cache is disabled
[        ] Skipping task ':app:optimizeReleaseResources' as it is up-to-date.
[        ] Resolve mutations for :app:collectReleaseDependencies (Thread[#816,included builds,5,main]) started.
[        ] :app:collectReleaseDependencies (Thread[#816,included builds,5,main]) started.
[        ] > Task :app:collectReleaseDependencies UP-TO-DATE
[        ] Caching disabled for task ':app:collectReleaseDependencies' because:
[        ]   Build cache is disabled
[        ]   Caching has been disabled for the task
[        ] Skipping task ':app:collectReleaseDependencies' as it is up-to-date.
[        ] Resolve mutations for :app:sdkReleaseDependencyData (Thread[#816,included builds,5,main]) started.
[        ] :app:sdkReleaseDependencyData (Thread[#816,included builds,5,main]) started.
[        ] > Task :app:sdkReleaseDependencyData UP-TO-DATE
[        ] Caching disabled for task ':app:sdkReleaseDependencyData' because:
[        ]   Build cache is disabled
[        ]   Caching has been disabled for the task
[        ] Skipping task ':app:sdkReleaseDependencyData' as it is up-to-date.
[        ] Resolve mutations for :app:validateSigningRelease (Thread[#816,included builds,5,main]) started.
[        ] :app:validateSigningRelease (Thread[#816,included builds,5,main]) started.
[        ] > Task :app:validateSigningRelease UP-TO-DATE
[        ] Caching disabled for task ':app:validateSigningRelease' because:
[        ]   Build cache is disabled
[        ]   Caching has been disabled for the task
[        ] Skipping task ':app:validateSigningRelease' as it is up-to-date.
[        ] Resolve mutations for :app:writeReleaseAppMetadata (Thread[#816,included builds,5,main]) started.
[        ] :app:writeReleaseAppMetadata (Thread[#816,included builds,5,main]) started.
[        ] > Task :app:writeReleaseAppMetadata UP-TO-DATE
[        ] Caching disabled for task ':app:writeReleaseAppMetadata' because:
[        ]   Build cache is disabled
[        ]   Caching has been disabled for the task
[        ] Skipping task ':app:writeReleaseAppMetadata' as it is up-to-date.
[        ] Resolve mutations for :app:writeReleaseSigningConfigVersions (Thread[#816,included builds,5,main]) started.
[        ] :app:writeReleaseSigningConfigVersions (Thread[#816,included builds,5,main]) started.
[        ] > Task :app:writeReleaseSigningConfigVersions UP-TO-DATE
[        ] Caching disabled for task ':app:writeReleaseSigningConfigVersions' because:
[        ]   Build cache is disabled
[        ]   Caching has been disabled for the task
[        ] Skipping task ':app:writeReleaseSigningConfigVersions' as it is up-to-date.
[        ] Resolve mutations for :jni:bundleReleaseAar (Thread[#816,included builds,5,main]) started.
[        ] :jni:bundleReleaseAar (Thread[#816,included builds,5,main]) started.
[        ] > Task :jni:bundleReleaseAar UP-TO-DATE
[        ] Caching disabled for task ':jni:bundleReleaseAar' because:
[        ]   Build cache is disabled
[        ]   Caching has been disabled for the task
[        ] Skipping task ':jni:bundleReleaseAar' as it is up-to-date.
[        ] Resolve mutations for :jni:mapReleaseSourceSetPaths (Thread[#816,included builds,5,main]) started.
[        ] :jni:mapReleaseSourceSetPaths (Thread[#816,included builds,5,main]) started.
[        ] > Task :jni:mapReleaseSourceSetPaths UP-TO-DATE
[        ] Caching disabled for task ':jni:mapReleaseSourceSetPaths' because:
[        ]   Build cache is disabled
[        ]   Caching has been disabled for the task
[        ] Skipping task ':jni:mapReleaseSourceSetPaths' as it is up-to-date.
[        ] Resolve mutations for :jni:mergeReleaseResources (Thread[#816,included builds,5,main]) started.
[        ] :jni:mergeReleaseResources (Thread[#816,included builds,5,main]) started.
[ +210 ms] > Task :jni:mergeReleaseResources UP-TO-DATE
[        ] Caching disabled for task ':jni:mergeReleaseResources' because:
[        ]   Build cache is disabled
[        ] Skipping task ':jni:mergeReleaseResources' as it is up-to-date.
[        ] Resolve mutations for :jni:verifyReleaseResources (Thread[#816,included builds,5,main]) started.
[        ] :jni:verifyReleaseResources (Thread[#816,included builds,5,main]) started.
[        ] > Task :jni:verifyReleaseResources UP-TO-DATE
[        ] Caching disabled for task ':jni:verifyReleaseResources' because:
[        ]   Build cache is disabled
[        ] Skipping task ':jni:verifyReleaseResources' as it is up-to-date.
[        ] Resolve mutations for :jni:assembleRelease (Thread[#817,Execution worker,5,main]) started.
[        ] :jni:assembleRelease (Thread[#817,Execution worker,5,main]) started.
[        ] > Task :jni:assembleRelease UP-TO-DATE
[        ] Skipping task ':jni:assembleRelease' as it has no actions.
[        ] Resolve mutations for :jni_flutter:bundleReleaseAar (Thread[#817,Execution worker,5,main]) started.
[        ] :jni_flutter:bundleReleaseAar (Thread[#817,Execution worker,5,main]) started.
[        ] > Task :jni_flutter:bundleReleaseAar UP-TO-DATE
[        ] Caching disabled for task ':jni_flutter:bundleReleaseAar' because:
[        ]   Build cache is disabled
[        ]   Caching has been disabled for the task
[        ] Skipping task ':jni_flutter:bundleReleaseAar' as it is up-to-date.
[        ] Resolve mutations for :jni:compileReleaseLibraryResources (Thread[#817,Execution worker,5,main]) started.
[        ] :jni:compileReleaseLibraryResources (Thread[#817,Execution worker,5,main]) started.
[        ] > Task :jni:compileReleaseLibraryResources UP-TO-DATE
[        ] Caching disabled for task ':jni:compileReleaseLibraryResources' because:
[        ]   Build cache is disabled
[        ] Skipping task ':jni:compileReleaseLibraryResources' as it is up-to-date.
[        ] work action resolve out (project :jni) (Thread[#817,Execution worker,5,main]) started.
[        ] Resolve mutations for :jni_flutter:mapReleaseSourceSetPaths (Thread[#817,Execution worker,5,main]) started.
[        ] :jni_flutter:mapReleaseSourceSetPaths (Thread[#817,Execution worker,5,main]) started.
[        ] > Task :jni_flutter:mapReleaseSourceSetPaths UP-TO-DATE
[        ] Caching disabled for task ':jni_flutter:mapReleaseSourceSetPaths' because:
[        ]   Build cache is disabled
[        ]   Caching has been disabled for the task
[        ] Skipping task ':jni_flutter:mapReleaseSourceSetPaths' as it is up-to-date.
[        ] Resolve mutations for :jni_flutter:mergeReleaseResources (Thread[#817,Execution worker,5,main]) started.
[        ] :jni_flutter:mergeReleaseResources (Thread[#817,Execution worker,5,main]) started.
[  +77 ms] > Task :jni_flutter:mergeReleaseResources UP-TO-DATE
[        ] Caching disabled for task ':jni_flutter:mergeReleaseResources' because:
[        ]   Build cache is disabled
[        ] Skipping task ':jni_flutter:mergeReleaseResources' as it is up-to-date.
[        ] Resolve mutations for :jni_flutter:verifyReleaseResources (Thread[#817,Execution worker,5,main]) started.
[        ] :jni_flutter:verifyReleaseResources (Thread[#817,Execution worker,5,main]) started.
[        ] > Task :jni_flutter:verifyReleaseResources UP-TO-DATE
[        ] Caching disabled for task ':jni_flutter:verifyReleaseResources' because:
[        ]   Build cache is disabled
[        ] Skipping task ':jni_flutter:verifyReleaseResources' as it is up-to-date.
[        ] Resolve mutations for :jni_flutter:assembleRelease (Thread[#817,Execution worker,5,main]) started.
[        ] :jni_flutter:assembleRelease (Thread[#817,Execution worker,5,main]) started.
[        ] > Task :jni_flutter:assembleRelease UP-TO-DATE
[        ] Skipping task ':jni_flutter:assembleRelease' as it has no actions.
[        ] Resolve mutations for :mobile_scanner:bundleReleaseAar (Thread[#817,Execution worker,5,main]) started.
[        ] :mobile_scanner:bundleReleaseAar (Thread[#817,Execution worker,5,main]) started.
[        ] > Task :mobile_scanner:bundleReleaseAar UP-TO-DATE
[        ] Caching disabled for task ':mobile_scanner:bundleReleaseAar' because:
[        ]   Build cache is disabled
[        ]   Caching has been disabled for the task
[        ] Skipping task ':mobile_scanner:bundleReleaseAar' as it is up-to-date.
[        ] Resolve mutations for :mobile_scanner:mapReleaseSourceSetPaths (Thread[#817,Execution worker,5,main]) started.
[        ] :mobile_scanner:mapReleaseSourceSetPaths (Thread[#817,Execution worker,5,main]) started.
[        ] > Task :mobile_scanner:mapReleaseSourceSetPaths UP-TO-DATE
[        ] Caching disabled for task ':mobile_scanner:mapReleaseSourceSetPaths' because:
[        ]   Build cache is disabled
[        ]   Caching has been disabled for the task
[        ] Skipping task ':mobile_scanner:mapReleaseSourceSetPaths' as it is up-to-date.
[        ] Resolve mutations for :mobile_scanner:mergeReleaseResources (Thread[#817,Execution worker,5,main]) started.
[        ] > Task :jni_flutter:lintVitalAnalyzeRelease
[        ] Caching disabled for task ':jni_flutter:lintVitalAnalyzeRelease' because:
[        ]   Build cache is disabled
[        ] Task ':jni_flutter:lintVitalAnalyzeRelease' is not up-to-date because:
[        ]   Value of input property 'printStackTrace' has changed for task ':jni_flutter:lintVitalAnalyzeRelease'
[        ] Android Lint: Reusing lint classloader 31.12.1_true
[ +101 ms] work action resolve out (project :jni_flutter) (Thread[#820,Execution worker Thread 4,5,main]) started.
[        ] work action resolve out (project :jni_flutter) (Thread[#820,Execution worker Thread 4,5,main]) started.
[        ] :mobile_scanner:mergeReleaseResources (Thread[#820,Execution worker Thread 4,5,main]) started.
[ +100 ms] > Task :jni:lintVitalAnalyzeRelease
[        ] Caching disabled for task ':jni:lintVitalAnalyzeRelease' because:
[        ]   Build cache is disabled
[        ] Task ':jni:lintVitalAnalyzeRelease' is not up-to-date because:
[        ]   Value of input property 'printStackTrace' has changed for task ':jni:lintVitalAnalyzeRelease'
[        ] Android Lint: Reusing lint classloader 31.12.1_true
[        ] > Task :mobile_scanner:mergeReleaseResources UP-TO-DATE
[        ] Caching disabled for task ':mobile_scanner:mergeReleaseResources' because:
[        ]   Build cache is disabled
[        ] Skipping task ':mobile_scanner:mergeReleaseResources' as it is up-to-date.
[        ] work action resolve out (project :jni) (Thread[#820,Execution worker Thread 4,5,main]) started.
[        ] work action resolve out (project :jni) (Thread[#820,Execution worker Thread 4,5,main]) started.
[        ] Resolve mutations for :mobile_scanner:verifyReleaseResources (Thread[#820,Execution worker Thread 4,5,main]) started.
[        ] :mobile_scanner:verifyReleaseResources (Thread[#820,Execution worker Thread 4,5,main]) started.
[        ] > Task :mobile_scanner:verifyReleaseResources UP-TO-DATE
[        ] Caching disabled for task ':mobile_scanner:verifyReleaseResources' because:
[        ]   Build cache is disabled
[        ] Skipping task ':mobile_scanner:verifyReleaseResources' as it is up-to-date.
[        ] Resolve mutations for :mobile_scanner:assembleRelease (Thread[#820,Execution worker Thread 4,5,main]) started.
[        ] :mobile_scanner:assembleRelease (Thread[#821,Execution worker Thread 5,5,main]) started.
[        ] > Task :mobile_scanner:assembleRelease UP-TO-DATE
[        ] Skipping task ':mobile_scanner:assembleRelease' as it has no actions.
[        ] Resolve mutations for :package_info_plus:bundleReleaseAar (Thread[#821,Execution worker Thread 5,5,main]) started.
[        ] :package_info_plus:bundleReleaseAar (Thread[#821,Execution worker Thread 5,5,main]) started.
[        ] > Task :package_info_plus:bundleReleaseAar UP-TO-DATE
[        ] Caching disabled for task ':package_info_plus:bundleReleaseAar' because:
[        ]   Build cache is disabled
[        ]   Caching has been disabled for the task
[        ] Skipping task ':package_info_plus:bundleReleaseAar' as it is up-to-date.
[        ] Resolve mutations for :package_info_plus:mapReleaseSourceSetPaths (Thread[#821,Execution worker Thread 5,5,main]) started.
[        ] :package_info_plus:mapReleaseSourceSetPaths (Thread[#821,Execution worker Thread 5,5,main]) started.
[        ] > Task :package_info_plus:mapReleaseSourceSetPaths UP-TO-DATE
[        ] Caching disabled for task ':package_info_plus:mapReleaseSourceSetPaths' because:
[        ]   Build cache is disabled
[        ]   Caching has been disabled for the task
[        ] Skipping task ':package_info_plus:mapReleaseSourceSetPaths' as it is up-to-date.
[        ] Resolve mutations for :package_info_plus:mergeReleaseResources (Thread[#820,Execution worker Thread 4,5,main]) started.
[        ] :package_info_plus:mergeReleaseResources (Thread[#821,Execution worker Thread 5,5,main]) started.
[  +90 ms] > Task :package_info_plus:mergeReleaseResources UP-TO-DATE
[        ] Caching disabled for task ':package_info_plus:mergeReleaseResources' because:
[        ]   Build cache is disabled
[        ] Skipping task ':package_info_plus:mergeReleaseResources' as it is up-to-date.
[        ] Resolve mutations for :package_info_plus:verifyReleaseResources (Thread[#821,Execution worker Thread 5,5,main]) started.
[        ] :package_info_plus:verifyReleaseResources (Thread[#821,Execution worker Thread 5,5,main]) started.
[ +105 ms] > Task :package_info_plus:verifyReleaseResources UP-TO-DATE
[        ] Caching disabled for task ':package_info_plus:verifyReleaseResources' because:
[        ]   Build cache is disabled
[        ] Skipping task ':package_info_plus:verifyReleaseResources' as it is up-to-date.
[        ] Resolve mutations for :package_info_plus:assembleRelease (Thread[#821,Execution worker Thread 5,5,main]) started.
[        ] :package_info_plus:assembleRelease (Thread[#821,Execution worker Thread 5,5,main]) started.
[   +1 ms] > Task :package_info_plus:assembleRelease UP-TO-DATE
[   +4 ms] Skipping task ':package_info_plus:assembleRelease' as it has no actions.
[        ] Resolve mutations for :shared_preferences_android:bundleReleaseAar (Thread[#821,Execution worker Thread 5,5,main]) started.
[        ] :shared_preferences_android:bundleReleaseAar (Thread[#821,Execution worker Thread 5,5,main]) started.
[        ] > Task :shared_preferences_android:bundleReleaseAar UP-TO-DATE
[        ] Caching disabled for task ':shared_preferences_android:bundleReleaseAar' because:
[        ]   Build cache is disabled
[        ]   Caching has been disabled for the task
[        ] Skipping task ':shared_preferences_android:bundleReleaseAar' as it is up-to-date.
[        ] Resolve mutations for :shared_preferences_android:mapReleaseSourceSetPaths (Thread[#821,Execution worker Thread 5,5,main]) started.
[        ] :shared_preferences_android:mapReleaseSourceSetPaths (Thread[#821,Execution worker Thread 5,5,main]) started.
[        ] > Task :shared_preferences_android:mapReleaseSourceSetPaths UP-TO-DATE
[        ] Caching disabled for task ':shared_preferences_android:mapReleaseSourceSetPaths' because:
[   +1 ms]   Build cache is disabled
[        ]   Caching has been disabled for the task
[        ] Skipping task ':shared_preferences_android:mapReleaseSourceSetPaths' as it is up-to-date.
[        ] Resolve mutations for :shared_preferences_android:mergeReleaseResources (Thread[#821,Execution worker Thread 5,5,main]) started.
[        ] :shared_preferences_android:mergeReleaseResources (Thread[#821,Execution worker Thread 5,5,main]) started.
[  +99 ms] > Task :shared_preferences_android:mergeReleaseResources UP-TO-DATE
[        ] Caching disabled for task ':shared_preferences_android:mergeReleaseResources' because:
[        ]   Build cache is disabled
[        ] Skipping task ':shared_preferences_android:mergeReleaseResources' as it is up-to-date.
[        ] Resolve mutations for :shared_preferences_android:verifyReleaseResources (Thread[#820,Execution worker Thread 4,5,main]) started.
[        ] :shared_preferences_android:verifyReleaseResources (Thread[#820,Execution worker Thread 4,5,main]) started.
[        ] > Task :shared_preferences_android:verifyReleaseResources UP-TO-DATE
[        ] Caching disabled for task ':shared_preferences_android:verifyReleaseResources' because:
[        ]   Build cache is disabled
[        ] Skipping task ':shared_preferences_android:verifyReleaseResources' as it is up-to-date.
[        ] Resolve mutations for :shared_preferences_android:assembleRelease (Thread[#820,Execution worker Thread 4,5,main]) started.
[        ] :shared_preferences_android:assembleRelease (Thread[#820,Execution worker Thread 4,5,main]) started.
[        ] > Task :shared_preferences_android:assembleRelease UP-TO-DATE
[        ] Skipping task ':shared_preferences_android:assembleRelease' as it has no actions.
[ +208 ms] > Task :android_file_picker:lintVitalAnalyzeRelease
[        ] Caching disabled for task ':android_file_picker:lintVitalAnalyzeRelease' because:
[        ]   Build cache is disabled
[        ] Task ':android_file_picker:lintVitalAnalyzeRelease' is not up-to-date because:
[        ]   Value of input property 'printStackTrace' has changed for task ':android_file_picker:lintVitalAnalyzeRelease'
[        ] Android Lint: Reusing lint classloader 31.12.1_true
[+2384 ms] > Task :package_info_plus:lintVitalAnalyzeRelease
[        ] Caching disabled for task ':package_info_plus:lintVitalAnalyzeRelease' because:
[        ]   Build cache is disabled
[        ] Task ':package_info_plus:lintVitalAnalyzeRelease' is not up-to-date because:
[        ]   Value of input property 'printStackTrace' has changed for task ':package_info_plus:lintVitalAnalyzeRelease'
[        ] Android Lint: Reusing lint classloader 31.12.1_true
[        ] work action resolve out (project :package_info_plus) (Thread[#818,Execution worker Thread 2,5,main]) started.
[        ] work action resolve out (project :package_info_plus) (Thread[#818,Execution worker Thread 2,5,main]) started.
[        ] > Task :mobile_scanner:lintVitalAnalyzeRelease
[        ] Caching disabled for task ':mobile_scanner:lintVitalAnalyzeRelease' because:
[        ]   Build cache is disabled
[        ] Task ':mobile_scanner:lintVitalAnalyzeRelease' is not up-to-date because:
[        ]   Value of input property 'printStackTrace' has changed for task ':mobile_scanner:lintVitalAnalyzeRelease'
[        ] Android Lint: Reusing lint classloader 31.12.1_true
[+2087 ms] work action resolve out (project :android_file_picker) (Thread[#819,Execution worker Thread 3,5,main]) started.
[        ] work action resolve out (project :android_file_picker) (Thread[#819,Execution worker Thread 3,5,main]) started.
[        ] > Task :shared_preferences_android:lintVitalAnalyzeRelease
[        ] Caching disabled for task ':shared_preferences_android:lintVitalAnalyzeRelease' because:
[        ]   Build cache is disabled
[        ] Task ':shared_preferences_android:lintVitalAnalyzeRelease' is not up-to-date because:
[        ]   Value of input property 'printStackTrace' has changed for task ':shared_preferences_android:lintVitalAnalyzeRelease'
[        ] Android Lint: Reusing lint classloader 31.12.1_true
[ +896 ms] work action resolve out (project :shared_preferences_android) (Thread[#823,Execution worker Thread 7,5,main]) started.
[        ] work action resolve out (project :shared_preferences_android) (Thread[#823,Execution worker Thread 7,5,main]) started.
[ +900 ms] work action resolve out (project :mobile_scanner) (Thread[#822,Execution worker Thread 6,5,main]) started.
[        ] work action resolve out (project :mobile_scanner) (Thread[#822,Execution worker Thread 6,5,main]) started.
[        ] Resolve mutations for :app:lintVitalAnalyzeRelease (Thread[#822,Execution worker Thread 6,5,main]) started.
[        ] :app:lintVitalAnalyzeRelease (Thread[#822,Execution worker Thread 6,5,main]) started.
[+1998 ms] > Task :app:lintVitalAnalyzeRelease
[        ] Caching disabled for task ':app:lintVitalAnalyzeRelease' because:
[        ]   Build cache is disabled
[        ] Task ':app:lintVitalAnalyzeRelease' is not up-to-date because:
[        ]   Value of input property 'printStackTrace' has changed for task ':app:lintVitalAnalyzeRelease'
[        ] Android Lint: Reusing lint classloader 31.12.1_true
[+1300 ms] Resolve mutations for :app:lintVitalReportRelease (Thread[#822,Execution worker Thread 6,5,main]) started.
[        ] :app:lintVitalReportRelease (Thread[#822,Execution worker Thread 6,5,main]) started.
[ +505 ms] > Task :app:lintVitalReportRelease
[        ] Caching disabled for task ':app:lintVitalReportRelease' because:
[        ]   Build cache is disabled
[        ]   Caching has been disabled for the task
[        ] Task ':app:lintVitalReportRelease' is not up-to-date because:
[        ]   Value of input property 'printStackTrace' has changed for task ':app:lintVitalReportRelease'
[        ] Android Lint: Reusing lint classloader 31.12.1_true
[        ] Resolve mutations for :app:lintVitalRelease (Thread[#822,Execution worker Thread 6,5,main]) started.
[        ] :app:lintVitalRelease (Thread[#822,Execution worker Thread 6,5,main]) started.
[        ] > Task :app:lintVitalRelease
[        ] Caching disabled for task ':app:lintVitalRelease' because:
[        ]   Build cache is disabled
[        ]   Caching has been disabled for the task
[        ] Task ':app:lintVitalRelease' is not up-to-date because:
[        ]   Task.upToDateWhen is false.
[        ] Resolve mutations for :app:packageRelease (Thread[#822,Execution worker Thread 6,5,main]) started.
[        ] :app:packageRelease (Thread[#823,Execution worker Thread 7,5,main]) started.
[        ] > Task :app:packageRelease UP-TO-DATE
[        ] Custom actions are attached to task ':app:packageRelease'.
[        ] Caching disabled for task ':app:packageRelease' because:
[        ]   Build cache is disabled
[        ]   Caching has been disabled for the task
[        ] Skipping task ':app:packageRelease' as it is up-to-date.
[        ] Resolve mutations for :app:createReleaseApkListingFileRedirect (Thread[#823,Execution worker Thread 7,5,main]) started.
[        ] :app:createReleaseApkListingFileRedirect (Thread[#823,Execution worker Thread 7,5,main]) started.
[        ] > Task :app:createReleaseApkListingFileRedirect UP-TO-DATE
[        ] Caching disabled for task ':app:createReleaseApkListingFileRedirect' because:
[        ]   Build cache is disabled
[        ]   Caching has been disabled for the task
[        ] Skipping task ':app:createReleaseApkListingFileRedirect' as it is up-to-date.
[        ] Resolve mutations for :app:assembleRelease (Thread[#823,Execution worker Thread 7,5,main]) started.
[        ] :app:assembleRelease (Thread[#823,Execution worker Thread 7,5,main]) started.
[ +190 ms] > Task :app:assembleRelease
[        ] Caching disabled for task ':app:assembleRelease' because:
[        ]   Build cache is disabled
[        ] Task ':app:assembleRelease' is not up-to-date because:
[        ]   Task has not declared any outputs despite executing actions.
[ +299 ms] Build 9b5381cd-6a6c-4d12-97d4-39fc50934277 is closed
[ +299 ms] Android Lint: Disposing Uast application environment in lint classloader [31.12.1_true]
[        ] Build f957e257-a250-44b2-9094-c14168fac337 is closed
[        ] [Incubating] Problems report is available at: file:///C:/Users/BH2VSQ/Downloads/qsl_manager_mobile/build/reports/problems/problems-report.html
[        ] Deprecated Gradle features were used in this build, making it incompatible with Gradle 9.0.
[        ] You can use '--warning-mode all' to show the individual deprecation warnings and determine if they come from your own scripts or plugins.
[        ] For more on this, please refer to https://docs.gradle.org/8.14/userguide/command_line_interface.html#sec:command_line_warnings in the Gradle documentation.
[        ] BUILD SUCCESSFUL in 25s
[        ] 298 actionable tasks: 24 executed, 274 up-to-date
[        ] Watched directory hierarchies: [D:\Flutter SDK\flutter\packages\flutter_tools\gradle, C:\Users\BH2VSQ\Downloads\qsl_manager_mobile\android]
[  +31 ms] Running Gradle task 'assembleRelease'... (completed in 26.0s)
[  +84 ms] "flutter apk" took 28,239ms.
[  +88 ms] Gradle task assembleRelease failed with exit code 1
[        ] 
           #0      throwToolExit (package:flutter_tools/src/base/common.dart:34:3)
           #1      AndroidGradleBuilder.buildGradleApp (package:flutter_tools/src/android/gradle.dart:653:7)
           <asynchronous suspension>
           #2      AndroidGradleBuilder.buildApk (package:flutter_tools/src/android/gradle.dart:246:5)
           <asynchronous suspension>
           #3      BuildApkCommand.runCommand (package:flutter_tools/src/commands/build_apk.dart:132:5)
           <asynchronous suspension>
           #4      FlutterCommand.run.<anonymous closure> (package:flutter_tools/src/runner/flutter_command.dart:1663:27)
           <asynchronous suspension>
           #5      AppContext.run.<anonymous closure> (package:flutter_tools/src/base/context.dart:154:19)
           <asynchronous suspension>
           #6      CommandRunner.runCommand (package:args/command_runner.dart:212:13)
           <asynchronous suspension>
           #7      FlutterCommandRunner.runCommand.<anonymous closure> (package:flutter_tools/src/runner/flutter_command_runner.dart:496:9)
           <asynchronous suspension>
           #8      AppContext.run.<anonymous closure> (package:flutter_tools/src/base/context.dart:154:19)
           <asynchronous suspension>
           #9      FlutterCommandRunner.runCommand (package:flutter_tools/src/runner/flutter_command_runner.dart:431:5)
           <asynchronous suspension>
           #10     FlutterCommandRunner.run.<anonymous closure> (package:flutter_tools/src/runner/flutter_command_runner.dart:307:33)
           <asynchronous suspension>
           #11     run.<anonymous closure>.<anonymous closure> (package:flutter_tools/runner.dart:104:11)
           <asynchronous suspension>
           #12     AppContext.run.<anonymous closure> (package:flutter_tools/src/base/context.dart:154:19)
           <asynchronous suspension>
           #13     main (package:flutter_tools/executable.dart:103:3)
           <asynchronous suspension>


[        ] Running 1 shutdown hook
[   +1 ms] Shutdown hooks complete
[ +253 ms] exiting with code 1
