#
# There is insufficient memory for the Java Runtime Environment to continue.
# Native memory allocation (mmap) failed to map 65536 bytes. Error detail: Failed to commit metaspace.
# Possible reasons:
#   The system is out of physical RAM or swap space
#   This process is running with CompressedOops enabled, and the Java Heap may be blocking the growth of the native heap
# Possible solutions:
#   Reduce memory load on the system
#   Increase physical memory or swap space
#   Check if swap backing store is full
#   Decrease Java heap size (-Xmx/-Xms)
#   Decrease number of Java threads
#   Decrease Java thread stack sizes (-Xss)
#   Set larger code cache with -XX:ReservedCodeCacheSize=
#   JVM is running with Zero Based Compressed Oops mode in which the Java heap is
#     placed in the first 32GB address space. The Java Heap base address is the
#     maximum limit for the native heap growth. Please use -XX:HeapBaseMinAddress
#     to set the Java Heap base and to place the Java Heap above 32GB virtual address.
# This output file may be truncated or incomplete.
#
#  Out of Memory Error (virtualSpaceNode.cpp:113), pid=29720, tid=27388
#
# JRE version: OpenJDK Runtime Environment (21.0.10) (build 21.0.10+-14961533-b1163.108)
# Java VM: OpenJDK 64-Bit Server VM (21.0.10+-14961533-b1163.108, mixed mode, tiered, compressed oops, compressed class ptrs, g1 gc, windows-amd64)
# No core dump will be written. Minidumps are not enabled by default on client versions of Windows
#

---------------  S U M M A R Y ------------

Command Line: --add-opens=java.base/java.lang=ALL-UNNAMED --add-opens=java.base/java.lang.invoke=ALL-UNNAMED --add-opens=java.base/java.util=ALL-UNNAMED --add-opens=java.prefs/java.util.prefs=ALL-UNNAMED --add-exports=jdk.compiler/com.sun.tools.javac.api=ALL-UNNAMED --add-exports=jdk.compiler/com.sun.tools.javac.util=ALL-UNNAMED --add-opens=java.base/java.util=ALL-UNNAMED --add-opens=java.prefs/java.util.prefs=ALL-UNNAMED --add-opens=java.base/java.nio.charset=ALL-UNNAMED --add-opens=java.base/java.net=ALL-UNNAMED --add-opens=java.base/java.util.concurrent=ALL-UNNAMED --add-opens=java.base/java.util.concurrent.atomic=ALL-UNNAMED --add-opens=java.xml/javax.xml.namespace=ALL-UNNAMED --add-opens=java.base/java.time=ALL-UNNAMED -XX:MaxMetaspaceSize=2G -XX:ReservedCodeCacheSize=512m -XX:+HeapDumpOnOutOfMemoryError -Xmx4G -Dfile.encoding=UTF-8 -Duser.country=CN -Duser.language=zh -Duser.variant -javaagent:C:\Users\BH2VSQ\.gradle\qslmm\gradle-9.3.1\lib\agents\gradle-instrumentation-agent-9.3.1.jar org.gradle.launcher.daemon.bootstrap.GradleDaemon 9.3.1

Host: 11th Gen Intel(R) Core(TM) i7-11370H @ 3.30GHz, 8 cores, 15G,  Windows 10 , 64 bit Build 19041 (10.0.19041.5915)
Time: Sun Oct  4 21:31:24 2026 elapsed time: 143.380798 seconds (0d 0h 2m 23s)

---------------  T H R E A D  ---------------

Current thread (0x000001fec386a620):  JavaThread "pool-3-thread-7"        [_thread_in_vm, id=27388, stack(0x000000226ea00000,0x000000226eb00000) (1024K)]

Stack: [0x000000226ea00000,0x000000226eb00000]
Native frames: (J=compiled Java code, j=interpreted, Vv=VM code, C=native code)
V  [jvm.dll+0x6d78a9]
V  [jvm.dll+0x8665b3]
V  [jvm.dll+0x868bde]
V  [jvm.dll+0x8692c3]
V  [jvm.dll+0x280ee6]
V  [jvm.dll+0x86146e]
V  [jvm.dll+0x67add5]
V  [jvm.dll+0x1e4911]
V  [jvm.dll+0x1e46de]
V  [jvm.dll+0x67d728]
V  [jvm.dll+0x67d562]
V  [jvm.dll+0x67b7ce]
V  [jvm.dll+0x6858b7]
V  [jvm.dll+0x21685c]
V  [jvm.dll+0x216da5]
V  [jvm.dll+0x217786]
V  [jvm.dll+0x20c73a]
V  [jvm.dll+0x5b7f75]
V  [jvm.dll+0x7df903]
V  [jvm.dll+0x7dfa4b]
V  [jvm.dll+0x4730c7]
V  [jvm.dll+0x478a18]
C  [java.dll+0x17ec]

Java frames: (J=compiled Java code, j=interpreted, Vv=VM code)
J 1066  java.lang.ClassLoader.defineClass1(Ljava/lang/ClassLoader;Ljava/lang/String;[BIILjava/security/ProtectionDomain;Ljava/lang/String;)Ljava/lang/Class; java.base@21.0.10 (0 bytes) @ 0x000001fe9dca4b11 [0x000001fe9dca4a40+0x00000000000000d1]
J 26001 c2 java.lang.ClassLoader.defineClass(Ljava/lang/String;[BIILjava/security/ProtectionDomain;)Ljava/lang/Class; java.base@21.0.10 (43 bytes) @ 0x000001fe9ed85de4 [0x000001fe9ed858e0+0x0000000000000504]
J 35398 c2 java.net.URLClassLoader.defineClass(Ljava/lang/String;Ljdk/internal/loader/Resource;)Ljava/lang/Class; java.base@21.0.10 (224 bytes) @ 0x000001fe9f4898e8 [0x000001fe9f489140+0x00000000000007a8]
J 11216 c2 java.net.URLClassLoader$1.run()Ljava/lang/Object; java.base@21.0.10 (5 bytes) @ 0x000001fe9dfd0c10 [0x000001fe9dfd05e0+0x0000000000000630]
J 8945 c2 java.net.URLClassLoader.findClass(Ljava/lang/String;)Ljava/lang/Class; java.base@21.0.10 (47 bytes) @ 0x000001fe9e0c0c68 [0x000001fe9e0c0ba0+0x00000000000000c8]
J 8921 c2 java.lang.ClassLoader.loadClass(Ljava/lang/String;Z)Ljava/lang/Class; java.base@21.0.10 (121 bytes) @ 0x000001fe9e0ba9b0 [0x000001fe9e0ba0c0+0x00000000000008f0]
J 3643 c2 java.lang.ClassLoader.loadClass(Ljava/lang/String;)Ljava/lang/Class; java.base@21.0.10 (7 bytes) @ 0x000001fe9dc924ec [0x000001fe9dc924a0+0x000000000000004c]
v  ~StubRoutines::call_stub 0x000001fe9d6810e7
j  org.jetbrains.kotlin.name.FqName.<init>(Ljava/lang/String;)V+11
j  org.jetbrains.kotlin.name.FqName.<clinit>()V+17
v  ~StubRoutines::call_stub 0x000001fe9d6810e7
j  org.jetbrains.kotlin.load.kotlin.header.ReadKotlinClassHeaderAnnotationVisitor.<clinit>()V+34
v  ~StubRoutines::call_stub 0x000001fe9d6810e7
j  org.jetbrains.kotlin.incremental.classpathDiff.impl.KotlinClassHeaderClassVisitor.<init>()V+7
j  org.jetbrains.kotlin.incremental.classpathDiff.impl.BasicClassInfo$Companion.compute([B)Lorg/jetbrains/kotlin/incremental/classpathDiff/impl/BasicClassInfo;+10
j  org.jetbrains.kotlin.incremental.classpathDiff.impl.ClassFileWithContents.classInfo_delegate$lambda$0(Lorg/jetbrains/kotlin/incremental/classpathDiff/impl/ClassFileWithContents;)Lorg/jetbrains/kotlin/incremental/classpathDiff/impl/BasicClassInfo;+7
j  org.jetbrains.kotlin.incremental.classpathDiff.impl.ClassFileWithContents$$Lambda+0x00000008020ad118.invoke()Ljava/lang/Object;+4
j  kotlin.SynchronizedLazyImpl.getValue()Ljava/lang/Object;+51
j  org.jetbrains.kotlin.incremental.classpathDiff.impl.ClassFileWithContents.getClassInfo()Lorg/jetbrains/kotlin/incremental/classpathDiff/impl/BasicClassInfo;+6
j  org.jetbrains.kotlin.incremental.classpathDiff.impl.ClassListSnapshotterWithInlinedClassSupport.isInaccessible(Lorg/jetbrains/kotlin/incremental/classpathDiff/impl/ClassFileWithContents;)Z+1
j  org.jetbrains.kotlin.incremental.classpathDiff.impl.ClassListSnapshotterWithInlinedClassSupport.makeOrReuseClassSnapshot(Lorg/jetbrains/kotlin/incremental/classpathDiff/impl/ClassListSnapshotterWithInlinedClassSupport$ClassDescriptorForProcessing;Lorg/jetbrains/kotlin/incremental/classpathDiff/impl/ClassFileWithContents;)Lorg/jetbrains/kotlin/incremental/classpathDiff/ClassSnapshot;+20
j  org.jetbrains.kotlin.incremental.classpathDiff.impl.ClassListSnapshotterWithInlinedClassSupport.makeOrReuseClassSnapshot(Lorg/jetbrains/kotlin/incremental/classpathDiff/impl/ClassFileWithContentsProvider;)Lorg/jetbrains/kotlin/incremental/classpathDiff/ClassSnapshot;+134
j  org.jetbrains.kotlin.incremental.classpathDiff.impl.ClassListSnapshotterWithInlinedClassSupport.snapshot()Ljava/util/List;+77
j  org.jetbrains.kotlin.incremental.classpathDiff.ClasspathEntrySnapshotter.snapshot(Ljava/io/File;Lorg/jetbrains/kotlin/incremental/classpathDiff/ClasspathEntrySnapshotter$Settings;Lorg/jetbrains/kotlin/build/report/metrics/BuildMetricsReporter;)Lorg/jetbrains/kotlin/incremental/classpathDiff/ClasspathEntrySnapshot;+307
j  org.jetbrains.kotlin.buildtools.internal.jvm.operations.JvmClasspathSnapshottingOperationImpl.executeImpl(Lorg/jetbrains/kotlin/buildtools/api/ProjectId;Lorg/jetbrains/kotlin/buildtools/api/ExecutionPolicy;Lorg/jetbrains/kotlin/buildtools/api/KotlinLogger;)Lorg/jetbrains/kotlin/buildtools/api/jvm/ClasspathEntrySnapshot;+75
j  org.jetbrains.kotlin.buildtools.internal.jvm.operations.JvmClasspathSnapshottingOperationImpl.executeImpl(Lorg/jetbrains/kotlin/buildtools/api/ProjectId;Lorg/jetbrains/kotlin/buildtools/api/ExecutionPolicy;Lorg/jetbrains/kotlin/buildtools/api/KotlinLogger;)Ljava/lang/Object;+4
j  org.jetbrains.kotlin.buildtools.internal.BuildOperationImpl.execute(Lorg/jetbrains/kotlin/buildtools/api/ProjectId;Lorg/jetbrains/kotlin/buildtools/api/ExecutionPolicy;Lorg/jetbrains/kotlin/buildtools/api/KotlinLogger;)Ljava/lang/Object;+70
j  org.jetbrains.kotlin.buildtools.internal.KotlinToolchainsImpl$BuildSessionImpl.executeOperation$lambda$1(Lorg/jetbrains/kotlin/buildtools/api/BuildOperation;Lorg/jetbrains/kotlin/buildtools/internal/KotlinToolchainsImpl$BuildSessionImpl;Lorg/jetbrains/kotlin/buildtools/api/ExecutionPolicy;Lorg/jetbrains/kotlin/buildtools/api/KotlinLogger;)Ljava/lang/Object;+10
j  org.jetbrains.kotlin.buildtools.internal.KotlinToolchainsImpl$BuildSessionImpl$$Lambda+0x000000080209de30.call()Ljava/lang/Object;+16
J 27211 c2 java.util.concurrent.FutureTask.run()V java.base@21.0.10 (123 bytes) @ 0x000001fe9e2257d4 [0x000001fe9e225700+0x00000000000000d4]
J 33305 c1 java.util.concurrent.ThreadPoolExecutor.runWorker(Ljava/util/concurrent/ThreadPoolExecutor$Worker;)V java.base@21.0.10 (187 bytes) @ 0x000001fe8dda1d54 [0x000001fe8dda13c0+0x0000000000000994]
j  java.util.concurrent.ThreadPoolExecutor$Worker.run()V+5 java.base@21.0.10
j  java.lang.Thread.runWith(Ljava/lang/Object;Ljava/lang/Runnable;)V+5 java.base@21.0.10
j  java.lang.Thread.run()V+19 java.base@21.0.10
v  ~StubRoutines::call_stub 0x000001fe9d6810e7

Compiled method (n/a) 143442 1066     n 0       java.lang.ClassLoader::defineClass1 (native)
 total in heap  [0x000001fe9dca4890,0x000001fe9dca4f28] = 1688
 relocation     [0x000001fe9dca49f0,0x000001fe9dca4a28] = 56
 main code      [0x000001fe9dca4a40,0x000001fe9dca4f27] = 1255
 stub code      [0x000001fe9dca4f27,0x000001fe9dca4f28] = 1

[Constant Pool (empty)]

[MachCode]
[Entry Point]
  # {method} {0x000001feb6025040} 'defineClass1' '(Ljava/lang/ClassLoader;Ljava/lang/String;[BIILjava/security/ProtectionDomain;Ljava/lang/String;)Ljava/lang/Class;' in 'java/lang/ClassLoader'
  # parm0:    rdx:rdx   = 'java/lang/ClassLoader'
  # parm1:    r8:r8     = 'java/lang/String'
  # parm2:    r9:r9     = '[B'
  # parm3:    rdi       = int
  # parm4:    rsi       = int
  # parm5:    rcx:rcx   = 'java/security/ProtectionDomain'
  # parm6:    [sp+0xa0]   = 'java/lang/String'  (sp of caller)
  0x000001fe9dca4a40: 448b 5208 | 49bb 0000 | 0000 0800 | 0000 4d03 | d349 3bc2 | 0f84 0600 

  0x000001fe9dca4a58: ;   {runtime_call ic_miss_stub}
  0x000001fe9dca4a58: 0000 e921 | 9fa2 ff90 
[Verified Entry Point]
  0x000001fe9dca4a60: 8984 2400 | 80ff ff55 | 488b ec48 | 81ec 9000 | 0000 6690 | 4181 7f20 | 3800 0000 

  0x000001fe9dca4a7c: ;   {runtime_call StubRoutines (final stubs)}
  0x000001fe9dca4a7c: 7405 e85d | 86a1 ff48 | 837d 1000 | 488d 4510 | 480f 4445 | 1048 8944 | 2440 4889 | 4c24 7048 
  0x000001fe9dca4a9c: 83f9 0048 | 8d44 2470 | 480f 4444 | 2470 4889 | 4424 3848 | 8974 2430 | 4889 7c24 | 284c 894c 
  0x000001fe9dca4abc: 2458 4983 | f900 488d | 4424 5848 | 0f44 4424 | 5848 8944 | 2420 4c89 | 4424 5049 | 83f8 004c 
  0x000001fe9dca4adc: 8d4c 2450 | 4c0f 444c | 2450 4889 | 5424 4848 | 83fa 004c | 8d44 2448 | 4c0f 4444 

  0x000001fe9dca4af8: ;   {oop(a 'java/lang/Class'{0x00000007ffe09f80} = 'java/lang/ClassLoader')}
  0x000001fe9dca4af8: 2448 49be | 809f e0ff | 0700 0000 | 4c89 7424 | 784c 8d74 | 2478 498b | d6c5 f877 

  0x000001fe9dca4b14: ;   {internal_word}
  0x000001fe9dca4b14: 49ba 114b | ca9d fe01 | 0000 4d89 | 97a8 0300 | 0049 89a7 | a003 0000 

  0x000001fe9dca4b2c: ;   {external_word}
  0x000001fe9dca4b2c: 49ba a8fa | 9b5e fa7f | 0000 4180 | 3a00 0f84 | 4e00 0000 | 5241 5041 

  0x000001fe9dca4b44: ;   {metadata({method} {0x000001feb6025040} 'defineClass1' '(Ljava/lang/ClassLoader;Ljava/lang/String;[BIILjava/security/ProtectionDomain;Ljava/lang/String;)Ljava/lang/Class;' in 'java/lang/ClassLoader')}
  0x000001fe9dca4b44: 5148 ba38 | 5002 b6fe | 0100 0049 | 8bcf 4883 | ec20 40f6 | c40f 0f84 | 1900 0000 | 4883 ec08 
  0x000001fe9dca4b64: ;   {runtime_call}
  0x000001fe9dca4b64: 48b8 30e9 | 555e fa7f | 0000 ffd0 | 4883 c408 | e90c 0000 

  0x000001fe9dca4b78: ;   {runtime_call}
  0x000001fe9dca4b78: 0048 b830 | e955 5efa | 7f00 00ff | d048 83c4 | 2041 5941 | 585a 498d | 8fc0 0300 | 0041 c787 
  0x000001fe9dca4b98: 4c04 0000 | 0400 0000 

  0x000001fe9dca4ba0: ;   {runtime_call}
  0x000001fe9dca4ba0: 48b8 ac16 | 1032 fb7f | 0000 ffd0 | c5f8 7741 | c787 4c04 | 0000 0500 | 0000 f083 | 4424 c000 
  0x000001fe9dca4bc0: 493b af50 | 0400 000f | 870e 0000 | 0041 83bf | 4804 0000 | 000f 842b | 0000 00c5 | f877 4889 
  0x000001fe9dca4be0: 45f8 498b | cf4c 8be4 | 4883 ec20 | 4883 e4f0 

  0x000001fe9dca4bf0: ;   {runtime_call}
  0x000001fe9dca4bf0: 48b8 e01e | 215e fa7f | 0000 ffd0 | 498b e44d | 33e4 488b | 45f8 41c7 | 874c 0400 | 0008 0000 
  0x000001fe9dca4c10: 0041 83bf | c804 0000 | 020f 84db 

  0x000001fe9dca4c1c: ;   {external_word}
  0x000001fe9dca4c1c: 0200 0049 | baa8 fa9b | 5efa 7f00 | 0041 803a | 000f 844c | 0000 0048 

  0x000001fe9dca4c34: ;   {metadata({method} {0x000001feb6025040} 'defineClass1' '(Ljava/lang/ClassLoader;Ljava/lang/String;[BIILjava/security/ProtectionDomain;Ljava/lang/String;)Ljava/lang/Class;' in 'java/lang/ClassLoader')}
  0x000001fe9dca4c34: 8945 f848 | ba38 5002 | b6fe 0100 | 0049 8bcf | 4883 ec20 | 40f6 c40f | 0f84 1900 | 0000 4883 
  0x000001fe9dca4c54: ;   {runtime_call}
  0x000001fe9dca4c54: ec08 48b8 | 30e9 555e | fa7f 0000 | ffd0 4883 | c408 e90c 

  0x000001fe9dca4c68: ;   {runtime_call}
  0x000001fe9dca4c68: 0000 0048 | b830 e955 | 5efa 7f00 | 00ff d048 | 83c4 2048 | 8b45 f849 | c787 a003 | 0000 0000 
  0x000001fe9dca4c88: 0000 49c7 | 87a8 0300 | 0000 0000 | 00c5 f877 | 4885 c00f | 8436 0200 | 00a8 030f | 8508 0000 
  0x000001fe9dca4ca8: 0048 8b00 | e926 0200 | 00a8 010f | 8509 0000 | 0048 8b40 | fee9 1502 | 0000 488b | 40ff 4180 
  0x000001fe9dca4cc8: 7f40 000f | 8406 0200 | 0048 83f8 | 000f 84fc | 0100 0049 | 8b4f 2848 | 83f9 000f | 8414 0000 
  0x000001fe9dca4ce8: 0048 83e9 | 0849 894f | 2849 034f | 3848 8901 | e9da 0100 | 0048 81ec | f000 0000 | 4889 0424 
  0x000001fe9dca4d08: 4889 4c24 | 0848 8954 | 2410 4c89 | 4424 184c | 894c 2420 | 4c89 5424 | 284c 895c | 2430 c5fb 
  0x000001fe9dca4d28: 1144 2440 | c5fb 114c | 2448 c5fb | 1154 2450 | c5fb 115c | 2458 c5fb | 1164 2460 | c5fb 116c 
  0x000001fe9dca4d48: 2468 62e1 | ff08 1144 | 240e 62e1 | ff08 114c | 240f 62e1 | ff08 1154 | 2410 62e1 | ff08 115c 
  0x000001fe9dca4d68: ;   {no_reloc}
  0x000001fe9dca4d68: 2411 62e1 | ff08 1164 | 2412 62e1 | ff08 116c | 2413 62e1 | ff08 1174 | 2414 62e1 | ff08 117c 
  0x000001fe9dca4d88: 2415 6261 | ff08 1144 | 2416 6261 | ff08 114c | 2417 6261 | ff08 1154 | 2418 6261 | ff08 115c 
  0x000001fe9dca4da8: 2419 6261 | ff08 1164 | 241a 6261 | ff08 116c | 241b 6261 | ff08 1174 | 241c 6261 | ff08 117c 
  0x000001fe9dca4dc8: 241d 498b | d748 8bc8 | 4883 ec20 | 40f6 c40f | 0f84 1900 | 0000 4883 

  0x000001fe9dca4de0: ;   {runtime_call}
  0x000001fe9dca4de0: ec08 48b8 | 002a 145e | fa7f 0000 | ffd0 4883 | c408 e90c 

  0x000001fe9dca4df4: ;   {runtime_call}
  0x000001fe9dca4df4: 0000 0048 | b800 2a14 | 5efa 7f00 | 00ff d048 | 83c4 2062 | 61ff 0810 | 7c24 1d62 | 61ff 0810 
  0x000001fe9dca4e14: 7424 1c62 | 61ff 0810 | 6c24 1b62 | 61ff 0810 | 6424 1a62 | 61ff 0810 | 5c24 1962 | 61ff 0810 
  0x000001fe9dca4e34: 5424 1862 | 61ff 0810 | 4c24 1762 | 61ff 0810 | 4424 1662 | e1ff 0810 | 7c24 1562 | e1ff 0810 
  0x000001fe9dca4e54: 7424 1462 | e1ff 0810 | 6c24 1362 | e1ff 0810 | 6424 1262 | e1ff 0810 | 5c24 1162 | e1ff 0810 
  0x000001fe9dca4e74: 5424 1062 | e1ff 0810 | 4c24 0f62 | e1ff 0810 | 4424 0ec5 | fb10 6c24 | 68c5 fb10 | 6424 60c5 
  0x000001fe9dca4e94: fb10 5c24 | 58c5 fb10 | 5424 50c5 | fb10 4c24 | 48c5 fb10 | 4424 404c | 8b5c 2430 | 4c8b 5424 
  0x000001fe9dca4eb4: 284c 8b4c | 2420 4c8b | 4424 1848 | 8b54 2410 | 488b 4c24 | 0848 8b04 | 2448 81c4 | f000 0000 
  0x000001fe9dca4ed4: c5f8 7749 | 8b8f 3004 | 0000 c781 | 0001 0000 | 0000 0000 | c949 837f | 0800 0f85 | 0100 0000 
  0x000001fe9dca4ef4: ;   {runtime_call StubRoutines (initial stubs)}
  0x000001fe9dca4ef4: c3e9 06c0 | 9dff c5f8 | 7748 8945 | f84c 8be4 | 4883 ec20 | 4883 e4f0 

  0x000001fe9dca4f0c: ;   {runtime_call}
  0x000001fe9dca4f0c: 48b8 8020 | 565e fa7f | 0000 ffd0 | 498b e44d | 33e4 488b | 45f8 e9f8 | fcff fff4 
[/MachCode]


Compiled method (c2) 143453 26001       4       java.lang.ClassLoader::defineClass (43 bytes)
 total in heap  [0x000001fe9ed85410,0x000001fe9ed8ae20] = 23056
 relocation     [0x000001fe9ed85570,0x000001fe9ed858d0] = 864
 main code      [0x000001fe9ed858e0,0x000001fe9ed88c48] = 13160
 stub code      [0x000001fe9ed88c48,0x000001fe9ed88d88] = 320
 oops           [0x000001fe9ed88d88,0x000001fe9ed88d98] = 16
 metadata       [0x000001fe9ed88d98,0x000001fe9ed89020] = 648
 scopes data    [0x000001fe9ed89020,0x000001fe9ed8a1c8] = 4520
 scopes pcs     [0x000001fe9ed8a1c8,0x000001fe9ed8a938] = 1904
 dependencies   [0x000001fe9ed8a938,0x000001fe9ed8a9e0] = 168
 handler table  [0x000001fe9ed8a9e0,0x000001fe9ed8ad58] = 888
 nul chk table  [0x000001fe9ed8ad58,0x000001fe9ed8ae20] = 200

[Constant Pool (empty)]

[MachCode]
[Entry Point]
  # {method} {0x000001feb6024e60} 'defineClass' '(Ljava/lang/String;[BIILjava/security/ProtectionDomain;)Ljava/lang/Class;' in 'java/lang/ClassLoader'
  # this:     rdx:rdx   = 'java/lang/ClassLoader'
  # parm0:    r8:r8     = 'java/lang/String'
  # parm1:    r9:r9     = '[B'
  # parm2:    rdi       = int
  # parm3:    rsi       = int
  # parm4:    rcx:rcx   = 'java/security/ProtectionDomain'
  #           [sp+0xd0]  (sp of caller)
  0x000001fe9ed858e0: 448b 5208 | 49bb 0000 | 0000 0800 | 0000 4d03 | d349 3bc2 

  0x000001fe9ed858f4: ;   {runtime_call ic_miss_stub}
  0x000001fe9ed858f4: 0f85 8690 | 94fe 6690 | 0f1f 4000 
[Verified Entry Point]
  0x000001fe9ed85900: 8984 2400 | 80ff ff55 | 4881 ecc0 | 0000 0090 | 4181 7f20 | 3800 0000 | 0f85 2033 | 0000 4889 
  0x000001fe9ed85920: 4c24 4089 | 7424 3c89 | 7c24 384c | 894c 2430 | 4889 5424 | 284c 8944 | 2450 418b | 6814 458b 
  0x000001fe9ed85940: 5cec 0c45 | 85db 0f86 | 1422 0000 | 450f be50 | 10c4 c22a | f7fb 498d | 14ec 4585 | d20f 8546 
  0x000001fe9ed85960: 0e00 0041 | 3bfb 448b | d745 0f4f | d345 85d2 | 0f8e 590e | 0000 453b | da0f 8201 | 2200 0049 
  0x000001fe9ed85980: 8d7c ec10 | 418b d2b8 | 2f00 0000 | 488b df83 | fa10 0f8c | 7900 0000 | 83fa 200f | 8c36 0000 
  0x000001fe9ed859a0: 00c5 f96e | c0c4 e27d | 78c0 c5f5 | efc9 8bca | 83e1 e083 | e21f c5fe | 6f13 c5ed | 74d0 c4e2 
  0x000001fe9ed859c0: 7d17 ca0f | 8369 0000 | 0048 83c3 | 2083 e920 | 75e4 e90d | 0000 00c5 | f96e c0c5 | f1ef c9c4 
  0x000001fe9ed859e0: e279 00c1 | 83fa 100f | 8c24 0000 | 008b ca83 

  0x000001fe9ed859f0: ;   {no_reloc}
  0x000001fe9ed859f0: e1f0 83e2 | 0fc5 fa6f | 13c5 e974 | d0c4 e279 | 17ca 0f83 | 2a00 0000 | 4883 c310 | 83e9 1075 
  0x000001fe9ed85a10: e485 d20f | 8412 0000 | 000f b60b | 3bc1 741c | 4883 c301 | 83ea 0174 | 02eb eebb | ffff ffff 
  0x000001fe9ed85a30: eb0d c5fd | d7ca 0fbc | c148 03d8 | 482b df83 | fbff 0f85 | 5022 0000 | 4c8b 5424 | 5045 8b52 
  0x000001fe9ed85a50: 144c 8b5c | 2450 4180 | 7b10 000f | 85cf 1b00 | 0043 8b6c | d40c 85ed | 0f86 2e23 | 0000 470f 
  0x000001fe9ed85a70: b654 d410 | 4183 fa5b | 0f84 f222 | 0000 4c8b | 5424 5045 | 8b5a 1447 | 8b44 dc0c | 410f be7a 
  0x000001fe9ed85a90: 10c4 4242 | f7c8 4b8d | 0cdc 4b8d | 6cdc 1041 | 8d59 fb85 | db7c 1b85 | ff0f 858d | 1c00 0045 
  0x000001fe9ed85ab0: 85c0 0f86 | e820 0000 | 807d 006a | 0f84 8a0c | 0000 4c8b | 6c24 284c | 8b54 2440 

  0x000001fe9ed85acc: ; implicit exception: dispatches to 0x000001fe9ed88850
  0x000001fe9ed85acc: 418b 5a10 | 895c 2448 | 418d 59ff | 85ff 0f85 | e021 0000 | 458d 50ff | 443b d344 | 0f4f d345 
  0x000001fe9ed85aec: 85d2 0f8c 

  0x000001fe9ed85af0: ;   {no_reloc}
  0x000001fe9ed85af0: fb0c 0000 | be01 0000 | 000f 1f80 | 0000 0000 | 453b d00f | 8398 1e00 | 0042 807c | 1110 2e74 
  0x000001fe9ed85b10: 1749 8b9f | 5804 0000 

  0x000001fe9ed85b18: ; ImmutableOopMap {r11=NarrowOop rcx=Oop rbp=Derived_oop_rcx r13=Oop [40]=Oop [48]=Oop [64]=Oop [72]=NarrowOop [80]=Oop }
                      ;*goto {reexecute=1 rethrow=0 return_oop=0}
                      ; - (reexecute) java.lang.StringLatin1::lastIndexOf@35
                      ; - java.lang.String::lastIndexOf@13
                      ; - java.lang.String::lastIndexOf@8
                      ; - java.lang.ClassLoader::checkCerts@3
                      ; - java.lang.ClassLoader::preDefineClass@113
                      ; - java.lang.ClassLoader::defineClass@4
                      ;   {poll}
  0x000001fe9ed85b18: 41ff ca85 | 0345 85d2 | 7dde 41ba | ffff ffff | 4183 faff | 0f84 c70c | 0000 4585 | d20f 8cb5 
  0x000001fe9ed85b38: 2100 0045 | 3bd1 0f8f | bc22 0000 | 453b d10f | 8421 0b00 | 0045 85d2 | 0f84 8a0c | 0000 498b 
  0x000001fe9ed85b58: 9fb8 0100 | 004c 8bcb | 4983 c118 | 4d3b 8fc8 | 0100 000f | 8330 1b00 | 00c4 e1f9 | 6ec5 4d89 
  0x000001fe9ed85b78: 8fb8 0100 | 0041 0f0d | 89c0 0000 | 0048 c703 | 0100 0000 | 4c8b cb49 

  0x000001fe9ed85b90: ;   {metadata('java/lang/String')}
  0x000001fe9ed85b90: 83c1 10c7 | 4308 9020 | 0400 4489 | 630c c5f5 | efc9 c4c1 | 79d6 0945 | 3bd0 0f84 | 200a 0000 
  0x000001fe9ed85bb0: 4181 fa00 | 0010 000f | 87ff 1f00 | 004d 63ca | 453b c241 | 8be8 410f | 4fea 443b | c50f 8264 
  0x000001fe9ed85bd0: 2000 0044 | 3bd5 0f82 | 5b20 0000 | 4983 c117 | 4d8b c149 | 83e0 f841 | 81fa 0000 | 1000 0f87 
  0x000001fe9ed85bf0: b81b 0000 | 4d8b b7b8 | 0100 004d | 8bde 4d03 | d84d 3b9f | c801 0000 | 0f83 9e1b | 0000 4d89 
  0x000001fe9ed85c10: 9fb8 0100 | 0041 0f0d | 8bc0 0000 | 0049 c706 | 0100 0000 | 410f 0d8b | 0001 0000 

  0x000001fe9ed85c2c: ;   {metadata({type array byte})}
  0x000001fe9ed85c2c: 41c7 4608 | c80a 0400 | 4589 560c | 410f 0d8b | 4001 0000 | 410f 0d8b | 8001 0000 | 4d8b de49 
  0x000001fe9ed85c4c: 83c3 1049 | c1e9 0385 | ed0f 8469 | 1f00 0041 | 3bea 0f8c | 7d10 0000 | 4983 c0f0 | 49c1 e803 
  0x000001fe9ed85c6c: c4e1 f97e | c149 8bd3 | c5f8 7749 | ba80 916b | 9dfe 0100 | 0041 ffd2 

  0x000001fe9ed85c84: ;   {other}
  0x000001fe9ed85c84: 0f1f 8400 | 0000 0000 | 4180 7f40 | 000f 85c2 | 0f00 004c | 8bd3 4d8b | c649 c1e8 | 0344 8943 
  0x000001fe9ed85ca4: 144d 8bde | 4d33 da49 | c1eb 154d | 85db 741a | 49c1 ea09 | 48b9 0000 | eaaa fe01 | 0000 4903 
  0x000001fe9ed85cc4: ca80 3902 | 0f85 c20f | 0000 4488 | 6310 448b | 5c24 4847 | 8b44 dc14 | 4585 c00f | 8551 0b00 
  0x000001fe9ed85ce4: 0047 8b44 | dc10 4585 | c00f 8501 

  0x000001fe9ed85cf0: ;   {oop(""{0x00000007ffe01340})}
  0x000001fe9ed85cf0: 0c00 0049 | bb40 13e0 | ff07 0000 | 0049 b800 | 00ea aafe 

  0x000001fe9ed85d04: ;   {oop(a 'java/security/cert/Certificate'[0] {0x00000007ffe0a000})}
  0x000001fe9ed85d04: 0100 0049 | ba00 a0e0 | ff07 0000 | 0045 8b4d | 2c45 85c9 | 0f84 f51d | 0000 4c89 | 5424 604c 
  0x000001fe9ed85d24: 8944 2458 | 4c89 5c24 | 484c 896c | 2420 4b8d | 14cc 4c8b | c34d 8bca | 8bfe 6690 

  0x000001fe9ed85d40: ;   {optimized virtual_call}
  0x000001fe9ed85d40: c5f8 77e8 

  0x000001fe9ed85d44: ; ImmutableOopMap {[32]=Oop [40]=Oop [48]=Oop [64]=Oop [72]=Oop [80]=Oop [96]=Oop }
                      ;*invokevirtual putVal {reexecute=0 rethrow=0 return_oop=1}
                      ; - java.util.concurrent.ConcurrentHashMap::putIfAbsent@4
                      ; - java.lang.ClassLoader::checkCerts@62
                      ; - java.lang.ClassLoader::preDefineClass@113
                      ; - java.lang.ClassLoader::defineClass@4
  0x000001fe9ed85d44: f880 9600 

  0x000001fe9ed85d48: ;   {other}
  0x000001fe9ed85d48: 0f1f 8400 | 3809 0001 | 4885 c074 | 3344 8b50 

  0x000001fe9ed85d58: ;   {metadata('java/security/cert/Certificate'[])}
  0x000001fe9ed85d58: 0841 81fa | 182e 0300 | 0f85 8629 | 0000 488b | c848 8b7c | 2460 448b | 570c 448b | 490c 4585 
  0x000001fe9ed85d78: d20f 87e8 | 1600 0045 | 85c9 0f87 | 3020 0000 | 4c8b 5424 | 4045 8b5a | 1043 8b6c | dc0c 458b 
  0x000001fe9ed85d98: 54ec 3845 | 85d2 0f84 | 8c1d 0000 | 4b8d 14d4 | 4d8d 04ec 

  0x000001fe9ed85dac: ;   {optimized virtual_call}
  0x000001fe9ed85dac: c5f8 77e8 

  0x000001fe9ed85db0: ; ImmutableOopMap {[40]=Oop [48]=Oop [64]=Oop [72]=Oop [80]=Oop }
                      ;*invokevirtual toExternalForm {reexecute=0 rethrow=0 return_oop=1}
                      ; - java.net.URL::toExternalForm@5
                      ; - java.net.URL::toString@1
                      ; - java.lang.ClassLoader::defineClassSourceLocation@22
                      ; - java.lang.ClassLoader::defineClass@12
  0x000001fe9ed85db0: 6c3d f9fe 

  0x000001fe9ed85db4: ;   {other}
  0x000001fe9ed85db4: 0f1f 8400 | a409 0002 | 488b 5424 | 284c 8b44 | 2450 4c8b | 4c24 308b | 7c24 388b | 7424 3c48 
  0x000001fe9ed85dd4: 8b4c 2440 | 4889 0424 

  0x000001fe9ed85ddc: ;   {static_call}
  0x000001fe9ed85ddc: c5f8 77e8 

  0x000001fe9ed85de0: ; ImmutableOopMap {[40]=Oop [64]=Oop [72]=Oop }
                      ;*invokestatic defineClass1 {reexecute=0 rethrow=0 return_oop=1}
                      ; - java.lang.ClassLoader::defineClass@27
  0x000001fe9ed85de0: 7cec f1fe 

  0x000001fe9ed85de4: ;   {other}
  0x000001fe9ed85de4: 0f1f 8400 | d409 0003 | 4889 4424 | 2044 8b50 | 3c45 85d2 | 0f85 e702 | 0000 4c8b | 5010 458b 
  0x000001fe9ed85e04: 5a08 4585 | db0f 8c0d | 1f00 0044 | 8b50 2c45 | 85d2 0f84 | f808 0000 | 4b8d 1cd4 | 448b 4b14 
  0x000001fe9ed85e24: ; implicit exception: dispatches to 0x000001fe9ed88818
  0x000001fe9ed85e24: 478b 54cc | 0c44 0fbe | 4310 c442 | 3af7 da41 | 8d4b ff45 | 85c0 0f85 | 8721 0000 | 4b8d 2ccc 
  0x000001fe9ed85e44: 458d 42ff | 443b c144 | 0f4f c145 | 85c0 7c2e | 0f1f 8400 | 0000 0000 | 6666 6690 | 453b c20f 
  0x000001fe9ed85e64: 8357 1b00 | 0042 807c | 0510 2e74 | 1749 8b8f | 5804 0000 

  0x000001fe9ed85e78: ; ImmutableOopMap {r9=NarrowOop rbx=Oop rbp=Oop [32]=Oop [40]=Oop [64]=Oop [72]=Oop }
                      ;*goto {reexecute=1 rethrow=0 return_oop=0}
                      ; - (reexecute) java.lang.StringLatin1::lastIndexOf@35
                      ; - java.lang.String::lastIndexOf@13
                      ; - java.lang.String::lastIndexOf@8
                      ; - java.lang.Class::getPackageName@47
                      ; - java.lang.ClassLoader::postDefineClass@2
                      ; - java.lang.ClassLoader::defineClass@37
                      ;   {poll}
  0x000001fe9ed85e78: 41ff c885 | 0145 85c0 | 7dde 41b8 | ffff ffff | 4183 f8ff | 0f84 bf01 | 0000 4585 | c00f 8c75 
  0x000001fe9ed85e98: 2100 0045 | 3bc3 0f8f | a421 0000 | 453b c30f | 848c 0100 | 0045 85c0 | 0f84 7109 | 0000 498b 
  0x000001fe9ed85eb8: 9fb8 0100 | 004c 8bdb | 4983 c318 | 4d3b 9fc8 | 0100 000f | 8384 1900 | 004d 899f | b801 0000 
  0x000001fe9ed85ed8: 488b cb48 | 83c1 1048 | c703 0100 | 0000 410f | 0d8b c000 

  0x000001fe9ed85eec: ;   {metadata('java/lang/String')}
  0x000001fe9ed85eec: 0000 c743 | 0890 2004 | 0044 8963 | 0cc5 fdef | c0c5 f9d6 | 014f 8d5c | cc10 453b | c20f 8469 
  0x000001fe9ed85f0c: 0700 0041 | 81f8 0000 | 1000 0f87 | 681f 0000 | 4963 c845 | 3bd0 418b | d241 0f4f | d089 5424 
  0x000001fe9ed85f2c: 3c44 3bd2 | 0f82 c61f | 0000 443b | c20f 82bd | 1f00 0048 | 83c1 174c | 8bc9 4983 | e1f8 4181 
  0x000001fe9ed85f4c: f800 0010 | 000f 87cb | 1900 0049 | 8bb7 b801 | 0000 4c8b | d64d 03d1 | 4d3b 97c8 | 0100 000f 
  0x000001fe9ed85f6c: 83b1 1900 | 004d 8997 | b801 0000 | 410f 0d8a | c000 0000 | 48c7 0601 | 0000 0041 | 0f0d 8a00 
  0x000001fe9ed85f8c: ;   {metadata({type array byte})}
  0x000001fe9ed85f8c: 0100 00c7 | 4608 c80a | 0400 4489 | 460c 410f | 0d8a 4001 | 0000 410f | 0d8a 8001 | 0000 4c8b 
  0x000001fe9ed85fac: d649 83c2 | 1048 c1e9 | 038b 6c24 | 3c85 ed0f | 84cb 1e00 | 0041 3be8 | 0f8c ca13 | 0000 4983 
  0x000001fe9ed85fcc: c1f0 49c1 | e903 498b | cb49 8bd2 | 4d8b c1c5 | f877 49ba | 8091 6b9d | fe01 0000 

  0x000001fe9ed85fe8: ;   {other}
  0x000001fe9ed85fe8: 41ff d20f | 1f84 0000 | 0000 0041 | 807f 4000 | 0f85 ef11 | 0000 4c8b | d34c 8bde | 49c1 eb03 
  0x000001fe9ed86008: 4489 5b14 | 4c8b de4d | 33da 49c1 | eb15 4d85 | db74 1a49 | c1ea 0948 | b900 00ea | aafe 0100 
  0x000001fe9ed86028: 0049 03ca | 8039 020f | 85ef 1100 | 0044 8863 | 1048 8bd3 

  0x000001fe9ed8603c: ;   {optimized virtual_call}
  0x000001fe9ed8603c: c5f8 77e8 

  0x000001fe9ed86040: ; ImmutableOopMap {[32]=Oop [40]=Oop [64]=Oop }
                      ;*invokevirtual intern {reexecute=0 rethrow=0 return_oop=1}
                      ; - java.lang.Class::getPackageName@65
                      ; - java.lang.ClassLoader::postDefineClass@2
                      ; - java.lang.ClassLoader::defineClass@37
  0x000001fe9ed86040: 9c69 ebfe 

  0x000001fe9ed86044: ;   {other}
  0x000001fe9ed86044: 0f1f 8400 | 340c 0005 | 4889 4424 | 4841 807f | 4000 0f85 | 5511 0000 | 488b 5c24 | 484c 8bd3 
  0x000001fe9ed86064: 49c1 ea03 | 4c8b 5c24 | 2045 8953 | 3c4d 8bd3 | 4c8b db4d | 33da 49c1 | eb15 4d85 | db74 6648 
  0x000001fe9ed86084: 85db 7461 | 49c1 ea09 | 48b9 0000 | eaaa fe01 | 0000 4903 | ca80 3902 | 744b 4d8b | 5758 4d8b 
  0x000001fe9ed860a4: 5f48 f083 | 4424 c000 | 8039 0074 | 3844 8821 | 4d85 db75 | 1d49 8bd7 | c5f8 7749 | bae0 2914 
  0x000001fe9ed860c4: 5efa 7f00 | 0041 ffd2 

  0x000001fe9ed860cc: ;   {other}
  0x000001fe9ed860cc: 0f1f 8400 | 0000 0000 | eb13 4b89 | 4c1a f849 | 83c3 f84d | 895f 48eb | 044b 8d1c | d448 8b4c 
  0x000001fe9ed860ec: 2428 448b | 5938 4585 | db0f 844d | 1a00 008b | 430c 4c8b | 5424 2045 | 8b52 3085 | c075 6844 
  0x000001fe9ed8610c: 0fb6 4311 | 4585 c00f | 85c0 0600 | 0044 8b43 | 144b 8d2c | dc49 8bd0 | 48c1 e203 | 807b 1000 
  0x000001fe9ed8612c: 0f85 890c | 0000 4489 | 5424 3c44 | 895c 2438 | 4889 5c24 | 3066 6690 

  0x000001fe9ed86144: ;   {static_call}
  0x000001fe9ed86144: c5f8 77e8 

  0x000001fe9ed86148: ; ImmutableOopMap {rbp=Oop [32]=Oop [40]=Oop [48]=Oop [56]=NarrowOop [60]=NarrowOop [64]=Oop }
                      ;*invokestatic hashCode {reexecute=0 rethrow=0 return_oop=0}
                      ; - java.lang.String::hashCode@27
                      ; - java.util.concurrent.ConcurrentHashMap::get@1
                      ; - java.lang.ClassLoader::getNamedPackage@5
                      ; - java.lang.ClassLoader::postDefineClass@9
                      ; - java.lang.ClassLoader::defineClass@37
  0x000001fe9ed86148: 3497 94fe 

  0x000001fe9ed8614c: ;   {other}
  0x000001fe9ed8614c: 0f1f 8400 | 3c0d 0006 | 85c0 0f84 | ac06 0000 | 488b 5c24 | 3089 430c | 488b 4c24 | 2844 8b5c 
  0x000001fe9ed8616c: 2438 448b | 5424 3c47 | 8b5c dc28 | 4585 db0f | 84ab 0200 | 0043 8b6c | dc0c 85ed | 0f86 b21b 
  0x000001fe9ed8618c: 0000 448b | c841 c1e9 | 1044 33c8 | 4f8d 04dc | 4181 e1ff | ffff 7fff | cd41 23e9 | 4c63 dd47 
  0x000001fe9ed861ac: 8b5c 9810 | 4585 db0f | 8473 0200 | 0043 8b7c | dc0c 4b8d | 14dc 413b | f90f 84e2 | 0000 0085 
  0x000001fe9ed861cc: ff0f 8cbb | 0100 0044 | 8b42 1845 | 85c0 0f84 | 4c02 0000 | 4b8d 34c4 | 8b7e 0c49 | 8b87 5804 
  0x000001fe9ed861ec: ; ImmutableOopMap {r10=NarrowOop rcx=Oop rbx=Oop rsi=Oop [32]=Oop [64]=Oop }
                      ;*if_icmpne {reexecute=1 rethrow=0 return_oop=0}
                      ; - (reexecute) java.util.concurrent.ConcurrentHashMap::get@127
                      ; - java.lang.ClassLoader::getNamedPackage@5
                      ; - java.lang.ClassLoader::postDefineClass@9
                      ; - java.lang.ClassLoader::defineClass@37
                      ;   {poll}
  0x000001fe9ed861ec: 0000 8500 | 413b f974 | 1344 8b5e | 1845 85db | 0f84 2a02 | 0000 4b8d | 34dc ebdc | 8b6e 104c 
  0x000001fe9ed8620c: 8bdd 49c1 | e303 4c3b | db0f 8486 | 0000 0085 | ed0f 8473 | 2100 0048 | 8974 2450 | 4489 4c24 
  0x000001fe9ed8622c: 4c44 8954 | 2448 4889 | 5c24 384c | 8b54 2420 | 4c89 5424 | 304c 8b54 | 2440 4c89 | 5424 2848 
  0x000001fe9ed8624c: 894c 2420 | 4d8d 04ec | 488b d348 | 8b6c 2430 

  0x000001fe9ed8625c: ;   {optimized virtual_call}
  0x000001fe9ed8625c: c5f8 77e8 

  0x000001fe9ed86260: ; ImmutableOopMap {rbp=Oop [32]=Oop [40]=Oop [56]=Oop [72]=NarrowOop [80]=Oop }
                      ;*invokevirtual equals {reexecute=0 rethrow=0 return_oop=0}
                      ; - java.util.concurrent.ConcurrentHashMap::get@149
                      ; - java.lang.ClassLoader::getNamedPackage@5
                      ; - java.lang.ClassLoader::postDefineClass@9
                      ; - java.lang.ClassLoader::defineClass@37
  0x000001fe9ed86260: 5c89 ffff 

  0x000001fe9ed86264: ;   {other}
  0x000001fe9ed86264: 0f1f 8400 | 540e 0008 | 4d8b 9758 

  0x000001fe9ed86270: ; ImmutableOopMap {rbp=Oop [32]=Oop [40]=Oop [56]=Oop [72]=NarrowOop [80]=Oop }
                      ;*ifeq {reexecute=1 rethrow=0 return_oop=0}
                      ; - (reexecute) java.util.concurrent.ConcurrentHashMap::get@152
                      ; - java.lang.ClassLoader::getNamedPackage@5
                      ; - java.lang.ClassLoader::postDefineClass@9
                      ; - java.lang.ClassLoader::defineClass@37
                      ;   {poll}
  0x000001fe9ed86270: 0400 0041 | 8502 85c0 | 0f84 f613 | 0000 488b | 4c24 204c | 8b54 2428 | 4c89 5424 | 4048 896c 
  0x000001fe9ed86290: 2420 488b | 5c24 3844 | 8b54 2448 | 488b 7424 | 508b 6e14 | 85ed 757b | e97f 0100 | 0043 8b6c 
  0x000001fe9ed862b0: dc10 4c8b | c549 c1e0 | 034c 3bc3 | 7458 85ed | 0f84 c41e | 0000 4889 | 5424 5044 | 895c 2448 
  0x000001fe9ed862d0: 4489 4c24 | 3c44 8954 | 2438 4889 | 4c24 284d | 8d04 ec48 | 8bd3 488b | eb66 6690 

  0x000001fe9ed862ec: ;   {optimized virtual_call}
  0x000001fe9ed862ec: c5f8 77e8 

  0x000001fe9ed862f0: ; ImmutableOopMap {rbp=Oop [32]=Oop [40]=Oop [56]=NarrowOop [64]=Oop [72]=NarrowOop [80]=Oop }
                      ;*invokevirtual equals {reexecute=0 rethrow=0 return_oop=0}
                      ; - java.util.concurrent.ConcurrentHashMap::get@73
                      ; - java.lang.ClassLoader::getNamedPackage@5
                      ; - java.lang.ClassLoader::postDefineClass@9
                      ; - java.lang.ClassLoader::defineClass@37
  0x000001fe9ed862f0: cc88 ffff 

  0x000001fe9ed862f4: ;   {other}
  0x000001fe9ed862f4: 0f1f 8400 | e40e 000a | 85c0 0f84 | 5413 0000 | 488b 4c24 | 2848 8bdd | 448b 5424 | 3844 8b5c 
  0x000001fe9ed86314: 2448 438b | 6cdc 1485 | ed0f 8409 | 0100 0045 | 8b54 ec08 | 49bb 0000 | 0000 0800 | 0000 4d03 
  0x000001fe9ed86334: da4d 8b53 

  0x000001fe9ed86338: ;   {metadata('java/lang/NamedPackage')}
  0x000001fe9ed86338: 3849 bba8 | 9709 0008 | 0000 004d | 3bd3 0f85 | 3419 0000 | 4c8b 5424 | 4045 8b42 | 1043 8b5c 
  0x000001fe9ed86358: c414 85db | 0f85 020b | 0000 478b | 5cc4 1045 | 85db 0f85 | a00b 0000 | 488b 4424 | 20c5 f877 
  0x000001fe9ed86378: 4881 c4c0 | 0000 005d 

  0x000001fe9ed86380: ;   {poll_return}
  0x000001fe9ed86380: 493b a750 | 0400 000f | 879b 2800 | 00c3 438b 

  0x000001fe9ed86390: ;   {metadata('java/util/concurrent/ConcurrentHashMap$ForwardingNode')}
  0x000001fe9ed86390: 7cdc 0881 | ff50 e709 | 000f 8581 | 0a00 0044 | 8954 2448 | 4889 5c24 | 384c 8b54 | 2420 4c89 
  0x000001fe9ed863b0: 5424 304c | 8b54 2440 | 4c89 5424 | 2848 894c | 2420 458b | c14c 8bcb | 488b 6c24 | 3066 6690 
  0x000001fe9ed863d0: ;   {optimized virtual_call}
  0x000001fe9ed863d0: c5f8 77e8 

  0x000001fe9ed863d4: ; ImmutableOopMap {rbp=Oop [32]=Oop [40]=Oop [48]=Oop [56]=Oop [72]=NarrowOop }
                      ;*invokevirtual find {reexecute=0 rethrow=0 return_oop=1}
                      ; - java.util.concurrent.ConcurrentHashMap::get@93
                      ; - java.lang.ClassLoader::getNamedPackage@5
                      ; - java.lang.ClassLoader::postDefineClass@9
                      ; - java.lang.ClassLoader::defineClass@37
  0x000001fe9ed863d4: a88a 94fe 

  0x000001fe9ed863d8: ;   {other}
  0x000001fe9ed863d8: 0f1f 8400 | c80f 000b | 4885 c074 | 298b 6814 | 85ed 0f84 | 8916 0000 | 488b 4c24 | 204c 8b54 
  0x000001fe9ed863f8: 2428 4c89 | 5424 404c | 8b54 2430 | 4c89 5424 | 20e9 15ff | ffff 488b | 4c24 204c | 8b54 2428 
  0x000001fe9ed86418: 4c89 5424 | 4048 896c | 2420 488b | 5c24 3844 | 8b54 2448 | 498b 87b8 | 0100 004c | 8bd8 4983 
  0x000001fe9ed86438: c318 4d3b | 9fc8 0100 | 000f 8378 | 1400 004d | 899f b801 | 0000 410f | 0d8b c000 | 0000 48c7 
  0x000001fe9ed86458: 0001 0000 

  0x000001fe9ed8645c: ;   {metadata('java/lang/NamedPackage')}
  0x000001fe9ed8645c: 00c7 4008 | a897 0900 | 4489 600c | 4c8b d849 | 83c3 10c5 | fdef c0c4 | c179 d603 | 448b 5b14 
  0x000001fe9ed8647c: ; implicit exception: dispatches to 0x000001fe9ed8894c
  0x000001fe9ed8647c: 478b 44dc | 0c45 85c0 | 0f86 5709 | 0000 4889 | 4c24 2848 | 895c 2430 | 4889 4424 | 3849 8bea 
  0x000001fe9ed8649c: 48c1 e503 | 4489 5424 | 4848 8b54 | 2430 6690 

  0x000001fe9ed864ac: ;   {optimized virtual_call}
  0x000001fe9ed864ac: c5f8 77e8 

  0x000001fe9ed864b0: ; ImmutableOopMap {rbp=Oop [32]=Oop [40]=Oop [48]=Oop [56]=Oop [64]=Oop [72]=NarrowOop }
                      ;*invokevirtual intern {reexecute=0 rethrow=0 return_oop=1}
                      ; - java.lang.NamedPackage::<init>@47
                      ; - java.lang.ClassLoader::getNamedPackage@22
                      ; - java.lang.ClassLoader::postDefineClass@9
                      ; - java.lang.ClassLoader::defineClass@37
  0x000001fe9ed864b0: 2c65 ebfe 

  0x000001fe9ed864b4: ;   {other}
  0x000001fe9ed864b4: 0f1f 8400 | a410 000c | 488b d841 | 807f 4000 | 0f85 ab0d | 0000 488b | 7424 384c | 8bd3 49c1 
  0x000001fe9ed864d4: ea03 4489 | 560c 4c8b | d64c 8bdb | 4d33 da49 | c1eb 154d | 85db 741f | 4885 db74 | 1a49 c1ea 
  0x000001fe9ed864f4: 0948 b900 | 00ea aafe | 0100 0049 | 03ca 8039 | 020f 8538 | 0e00 0041 | 807f 4000 | 0f85 9b0d 
  0x000001fe9ed86514: 0000 8b7c | 2448 897e | 104c 8bd5 | 4c8b de4d | 33d3 49c1 | ea15 4d85 | d274 1e85 | ff74 1a49 
  0x000001fe9ed86534: c1eb 0948 | b900 00ea | aafe 0100 | 0049 03cb | 8039 020f | 85a5 0d00 | 004c 8b5c | 2428 458b 
  0x000001fe9ed86554: 5338 4585 | d20f 84f1 | 1800 0048 | 8974 2448 | 897c 2438 | 4b8d 14d4 | 4c8b 4424 | 304c 8bce 
  0x000001fe9ed86574: ;   {optimized virtual_call}
  0x000001fe9ed86574: c5f8 77e8 

  0x000001fe9ed86578: ; ImmutableOopMap {[32]=Oop [40]=Oop [56]=NarrowOop [64]=Oop [72]=Oop }
                      ;*invokevirtual putIfAbsent {reexecute=0 rethrow=0 return_oop=1}
                      ; - java.lang.ClassLoader::getNamedPackage@32
                      ; - java.lang.ClassLoader::postDefineClass@9
                      ; - java.lang.ClassLoader::defineClass@37
  0x000001fe9ed86578: c49a fafe 

  0x000001fe9ed8657c: ;   {other}
  0x000001fe9ed8657c: 0f1f 8400 | 6c11 000d | 4885 c00f | 845b 0d00 | 0044 8b50 | 0849 bb00 | 0000 0008 | 0000 004d 
  0x000001fe9ed8659c: 03da 4d8b 

  0x000001fe9ed865a0: ;   {metadata('java/lang/NamedPackage')}
  0x000001fe9ed865a0: 5338 49bb | a897 0900 | 0800 0000 | 4d3b d30f | 85b7 1800 | 0048 8be8 | ba54 ffff | ff66 6690 
  0x000001fe9ed865c0: ;   {runtime_call UncommonTrapBlob}
  0x000001fe9ed865c0: c5f8 77e8 

  0x000001fe9ed865c4: ; ImmutableOopMap {rbp=Oop [32]=Oop [40]=Oop [56]=NarrowOop [64]=Oop [72]=Oop }
                      ;*ifnull {reexecute=1 rethrow=0 return_oop=0}
                      ; - (reexecute) java.lang.ClassLoader::getNamedPackage@42
                      ; - java.lang.ClassLoader::postDefineClass@9
                      ; - java.lang.ClassLoader::defineClass@37
  0x000001fe9ed865c4: 3815 95fe 

  0x000001fe9ed865c8: ;   {other}
  0x000001fe9ed865c8: 0f1f 8400 | b811 000e | 4d63 c841 | 81f8 0000 | 1000 0f87 | 0014 0000 | 498b bfb8 | 0100 004d 
  0x000001fe9ed865e8: 8d51 1749 | 83e2 f848 | 8bd7 4903 | d249 3b97 | c801 0000 | 0f83 de13 | 0000 4989 | 97b8 0100 
  0x000001fe9ed86608: 000f 0d8a | c000 0000 | 48c7 0701 | 0000 000f | 0d8a 0001 

  0x000001fe9ed8661c: ;   {metadata({type array byte})}
  0x000001fe9ed8661c: 0000 c747 | 08c8 0a04 | 0044 8947 | 0c0f 0d8a | 4001 0000 | 0f0d 8a80 | 0100 0048 | 8bd7 4883 
  0x000001fe9ed8663c: c210 4983 | c107 49c1 | e903 c4e1 | f97e c14d | 8bc1 c5f8 | 7749 ba80 | 916b 9dfe | 0100 0041 
  0x000001fe9ed8665c: ;   {other}
  0x000001fe9ed8665c: ffd2 0f1f | 8400 0000 | 0000 4c8b | f7e9 1ef6 | ffff 488b | 5c24 50e9 | 5af6 ffff | 4963 f241 
  0x000001fe9ed8667c: 81fa 0000 | 1000 0f87 | 1914 0000 | 498b bfb8 | 0100 004c | 8d46 1749 | 83e0 f848 | 8bcf 4903 
  0x000001fe9ed8669c: c849 3b8f | c801 0000 | 0f83 f713 | 0000 4989 | 8fb8 0100 | 000f 0d89 | c000 0000 | 48c7 0701 
  0x000001fe9ed866bc: 0000 000f | 0d89 0001 

  0x000001fe9ed866c4: ;   {metadata({type array byte})}
  0x000001fe9ed866c4: 0000 c747 | 08c8 0a04 | 0044 8957 | 0c0f 0d89 | 4001 0000 | 0f0d 8980 | 0100 0048 | 8bd7 4883 
  0x000001fe9ed866e4: c210 4883 | c607 48c1 | ee03 498b | cb4c 8bc6 | c5f8 7749 | ba80 916b | 9dfe 0100 | 0041 ffd2 
  0x000001fe9ed86704: ;   {other}
  0x000001fe9ed86704: 0f1f 8400 | 0000 0000 | 488b f7e9 | dff8 ffff | 488b d090 

  0x000001fe9ed86718: ;   {optimized virtual_call}
  0x000001fe9ed86718: c5f8 77e8 

  0x000001fe9ed8671c: ; ImmutableOopMap {[32]=Oop [40]=Oop [64]=Oop [72]=Oop }
                      ;*invokevirtual initClassName {reexecute=0 rethrow=0 return_oop=1}
                      ; - java.lang.Class::getName@14
                      ; - java.lang.Class::getPackageName@40
                      ; - java.lang.ClassLoader::postDefineClass@2
                      ; - java.lang.ClassLoader::defineClass@37
  0x000001fe9ed8671c: 40e4 ebfe 

  0x000001fe9ed86720: ;   {other}
  0x000001fe9ed86720: 0f1f 8400 | 1013 000f | 488b d848 | 85c0 0f85 | ecf6 ffff | baf6 ffff | ff66 6690 

  0x000001fe9ed8673c: ;   {runtime_call UncommonTrapBlob}
  0x000001fe9ed8673c: c5f8 77e8 

  0x000001fe9ed86740: ; ImmutableOopMap {}
                      ;*invokevirtual lastIndexOf {reexecute=0 rethrow=0 return_oop=0}
                      ; - java.lang.Class::getPackageName@47
                      ; - java.lang.ClassLoader::postDefineClass@2
                      ; - java.lang.ClassLoader::defineClass@37
  0x000001fe9ed86740: bc13 95fe 

  0x000001fe9ed86744: ;   {other}
  0x000001fe9ed86744: 0f1f 8400 | 3413 0010 | 4183 f801 | 0f86 7a1c | 0000 4380 | 7cdc 1161 | 0f85 60f3 | ffff 4183 
  0x000001fe9ed86764: f802 0f86 | 281e 0000 | 4380 7cdc | 1276 0f85 | 4af3 ffff | 4183 f803 | 0f86 261f | 0000 4380 
  0x000001fe9ed86784: 7cdc 1361 | 0f85 34f3 | ffff 4183 | f804 0f86 | 1b1f 0000 | 4380 7cdc | 142e 0f85 | 1ef3 ffff 
  0x000001fe9ed867a4: e9dc 0f00 | 0041 b82f | 0000 0045 | 33c9 8b6c | 2438 6690 

  0x000001fe9ed867b8: ;   {static_call}
  0x000001fe9ed867b8: c5f8 77e8 

  0x000001fe9ed867bc: ; ImmutableOopMap {[40]=Oop [48]=Oop [64]=Oop [80]=Oop }
                      ;*invokestatic indexOf {reexecute=0 rethrow=0 return_oop=0}
                      ; - java.lang.String::indexOf@33
                      ; - java.lang.String::indexOf@3
                      ; - java.lang.ClassLoader::checkName@16
                      ; - java.lang.ClassLoader::preDefineClass@1
                      ; - java.lang.ClassLoader::defineClass@4
  0x000001fe9ed867bc: c090 94fe 

  0x000001fe9ed867c0: ;   {other}
  0x000001fe9ed867c0: 0f1f 8400 | b013 0011 | 8bd8 e970 | f2ff ffbb | ffff ffff | e966 f2ff | ff33 c0e9 | 93f9 ffff 
  0x000001fe9ed867e0: ;   {oop(""{0x00000007ffe01340})}
  0x000001fe9ed867e0: 48bb 4013 | e0ff 0700 | 0000 e9e3 | f4ff ffbe | 0100 0000 | e929 f3ff 

  0x000001fe9ed867f8: ;   {oop(""{0x00000007ffe01340})}
  0x000001fe9ed867f8: ff48 bb40 | 13e0 ff07 | 0000 00e9 | caf4 ffff | 488b 5c24 | 30c6 4311 | 0133 c048 | 8b4c 2428 
  0x000001fe9ed86818: 448b 5c24 | 3844 8b54 | 243c e94c 

  0x000001fe9ed86824: ;   {oop(""{0x00000007ffe01340})}
  0x000001fe9ed86824: f9ff ff48 | bb40 13e0 | ff07 0000 | 00e9 03f8 | ffff 478b | 5cc4 0c47 | 8b4c c408 | 4d63 d34b 
  0x000001fe9ed86844: 8d2c c449 | c1e2 0241 | 81fb 0000 | 0400 0f87 | 6c19 0000 | 498b bfb8 | 0100 0049 | 8d4a 1748 
  0x000001fe9ed86864: 83e1 f848 | 8bd7 4803 | d149 3b97 | c801 0000 | 0f83 4a19 | 0000 4989 | 97b8 0100 | 000f 0d8a 
  0x000001fe9ed86884: c000 0000 | 48c7 0701 | 0000 0044 | 894f 0844 | 895f 0c0f | 0d8a 0001 | 0000 0f0d | 8a40 0100 
  0x000001fe9ed868a4: 000f 0d8a | 8001 0000 | 4b8d 4cc4 | 1048 8bd7 | 4883 c210 | 4983 c207 | 49c1 ea03 | 4d8b c2c5 
  0x000001fe9ed868c4: f877 49ba | 8091 6b9d | fe01 0000 

  0x000001fe9ed868d0: ;   {other}
  0x000001fe9ed868d0: 41ff d20f | 1f84 0000 

  0x000001fe9ed868d8: ;   {oop(""{0x00000007ffe01340})}
  0x000001fe9ed868d8: 0000 0049 | bb40 13e0 | ff07 0000 | 0049 b800 | 00ea aafe | 0100 00e9 | 5d03 0000 | 498b 87b8 
  0x000001fe9ed868f8: 0100 004c | 8bd0 4983 | c218 4f8d | 0cdc 4d3b | 97c8 0100 | 000f 8371 | 1900 004d | 8997 b801 
  0x000001fe9ed86918: 0000 410f | 0d8a c000 | 0000 48c7 | 0001 0000 

  0x000001fe9ed86928: ;   {metadata('java/util/ArrayList')}
  0x000001fe9ed86928: 00c7 4008 | 107e 0500 | 4489 600c | 4489 6010 | 478b 54c4 

  0x000001fe9ed8693c: ;   {oop(a 'java/lang/Object'[0] {0x00000007ffe06a20})}
  0x000001fe9ed8693c: 0cc7 4014 | 440d fcff | 488b f845 | 85d2 7618 

  0x000001fe9ed8694c: ;   {oop(""{0x00000007ffe01340})}
  0x000001fe9ed8694c: 49ba 4013 | e0ff 0700 | 0000 48ba | 0000 eaaa | fe01 0000 | 33c9 eb50 

  0x000001fe9ed86964: ;   {oop(""{0x00000007ffe01340})}
  0x000001fe9ed86964: 49ba 4013 | e0ff 0700 | 0000 49bb | 0000 eaaa | fe01 0000 | e90a 0100 | 0066 6690 | 4889 6c24 
  0x000001fe9ed86984: 504c 8b54 | 2420 4c89 | 5424 288b | 7424 4c4c | 8b6c 2458 | 4c8b 5424 | 6048 8b54 | 2468 488b 
  0x000001fe9ed869a4: 5c24 704c | 8b4c 2478 | 488b bc24 | 8000 0000 

  0x000001fe9ed869b4: ; implicit exception: dispatches to 0x000001fe9ed88984
  0x000001fe9ed869b4: 478b 5cc4 | 0c41 3bcb | 0f83 bb1a | 0000 4f8d | 1cc4 458b | 448b 1047 | 8b5c c410 

  0x000001fe9ed869d0: ; implicit exception: dispatches to 0x000001fe9ed889b4
  0x000001fe9ed869d0: 478b 44dc | 1089 8c24 | 8800 0000 | 4889 bc24 | 8000 0000 | 4c89 4c24 | 7848 895c | 2470 4889 
  0x000001fe9ed869f0: 5424 684c | 8954 2460 | 4c89 6c24 | 5889 7424 | 4c4c 8b54 | 2428 4c89 | 5424 2048 | 8b6c 2450 
  0x000001fe9ed86a10: 49c1 e003 | 488b d790 

  0x000001fe9ed86a18: ;   {optimized virtual_call}
  0x000001fe9ed86a18: c5f8 77e8 

  0x000001fe9ed86a1c: ; ImmutableOopMap {rbp=Oop [32]=Oop [48]=Oop [64]=Oop [72]=NarrowOop [88]=Oop [96]=Oop [112]=Oop [120]=Oop [128]=Oop }
                      ;*invokevirtual addAll {reexecute=0 rethrow=0 return_oop=0}
                      ; - java.security.CodeSource::getCertificates@57
                      ; - java.lang.ClassLoader::checkCerts@34
                      ; - java.lang.ClassLoader::preDefineClass@113
                      ; - java.lang.ClassLoader::defineClass@4
  0x000001fe9ed86a1c: 6084 94fe 

  0x000001fe9ed86a20: ;   {other}
  0x000001fe9ed86a20: 0f1f 8400 | 1016 0012 | 4d8b 9f58 | 0400 0044 | 8b54 2448 | 478b 44d4 | 108b 8c24 | 8800 0000 
  0x000001fe9ed86a40: ; ImmutableOopMap {r8=NarrowOop rbp=Oop [32]=Oop [48]=Oop [64]=Oop [72]=NarrowOop [88]=Oop [96]=Oop [112]=Oop [120]=Oop [128]=Oop }
                      ;*goto {reexecute=1 rethrow=0 return_oop=0}
                      ; - (reexecute) java.security.CodeSource::getCertificates@64
                      ; - java.lang.ClassLoader::checkCerts@34
                      ; - java.lang.ClassLoader::preDefineClass@113
                      ; - java.lang.ClassLoader::defineClass@4
                      ;   {poll}
  0x000001fe9ed86a40: ffc1 4185 | 0347 8b5c | c40c 413b | cb0f 8c2d | ffff ff48 | 896c 2450 | 4c8b 5424 | 204c 8954 
  0x000001fe9ed86a60: 2428 8b74 | 244c 4c8b | 6c24 584c | 8b54 2460 | 4c8b 5c24 | 6848 8b5c | 2470 4c8b | 4c24 7848 
  0x000001fe9ed86a80: 8bbc 2480 | 0000 0049 | 8b87 b801 | 0000 4c8b | c049 83c0 | 104d 3b87 | c801 0000 | 0f83 6018 
  0x000001fe9ed86aa0: 0000 4d89 | 87b8 0100 | 0041 0f0d | 88c0 0000 | 0048 c700 | 0100 0000 | 410f 0d88 | 0001 0000 
  0x000001fe9ed86ac0: ;   {metadata('java/security/cert/Certificate'[])}
  0x000001fe9ed86ac0: c740 0818 | 2e03 0041 | 0f0d 8840 | 0100 0044 | 8960 0c41 | 0f0d 8880 | 0100 0048 | 8b6c 2450 
  0x000001fe9ed86ae0: 4c8b 4424 | 284c 8944 | 2420 8974 | 244c 4c89 | 6c24 584c | 8954 2460 | 4c89 5c24 | 6848 895c 
  0x000001fe9ed86b00: 2470 4c89 | 4c24 7848 | 89bc 2480 | 0000 004c | 8bc0 488b | 9424 8000 | 0000 6690 

  0x000001fe9ed86b1c: ;   {optimized virtual_call}
  0x000001fe9ed86b1c: c5f8 77e8 

  0x000001fe9ed86b20: ; ImmutableOopMap {rbp=Oop [32]=Oop [48]=Oop [64]=Oop [72]=NarrowOop [88]=Oop [96]=Oop [112]=Oop [120]=Oop }
                      ;*invokevirtual toArray {reexecute=0 rethrow=0 return_oop=1}
                      ; - java.security.CodeSource::getCertificates@73
                      ; - java.lang.ClassLoader::checkCerts@34
                      ; - java.lang.ClassLoader::preDefineClass@113
                      ; - java.lang.ClassLoader::defineClass@4
  0x000001fe9ed86b20: 5c83 94fe 

  0x000001fe9ed86b24: ;   {other}
  0x000001fe9ed86b24: 0f1f 8400 | 1417 0014 | 488b f044 

  0x000001fe9ed86b30: ;   {metadata('java/security/cert/Certificate'[])}
  0x000001fe9ed86b30: 8b50 0841 | 81fa 182e | 0300 0f85 | d81b 0000 | 4180 7f40 | 000f 85e1 | 1300 008b | 5c24 484c 
  0x000001fe9ed86b50: 8b54 2478 | 4d8b da4c | 8bd6 49c1 | ea03 4589 | 54dc 144c | 8bd6 4d33 | d349 c1ea | 154d 85d2 
  0x000001fe9ed86b70: 741a 49c1 | eb09 48b9 | 0000 eaaa | fe01 0000 | 4903 cb80 | 3902 0f85 | dc13 0000 | 448b 5e0c 
  0x000001fe9ed86b90: 448b 5608 | 4d63 c349 | c1e0 0241 | 81fb 0000 | 0400 0f87 | b117 0000 | 498b bfb8 | 0100 004d 
  0x000001fe9ed86bb0: 8d48 1749 | 83e1 f848 | 8bcf 4903 | c949 3b8f | c801 0000 | 0f83 8f17 | 0000 4989 | 8fb8 0100 
  0x000001fe9ed86bd0: 000f 0d89 | c000 0000 | 48c7 0701 | 0000 0044 | 8957 0844 | 895f 0c0f | 0d89 0001 | 0000 0f0d 
  0x000001fe9ed86bf0: 8940 0100 | 000f 0d89 | 8001 0000 | 488b ce48 | 83c1 1048 | 8bd7 4883 | c210 4983 | c007 49c1 
  0x000001fe9ed86c10: e803 c5f8 | 7749 ba80 | 916b 9dfe | 0100 0041 

  0x000001fe9ed86c20: ;   {other}
  0x000001fe9ed86c20: ffd2 0f1f | 8400 0000 | 0000 4889 | 6c24 504c | 8b54 2420 | 4c89 5424 | 288b 7424 | 4c4c 8b6c 
  0x000001fe9ed86c40: 2458 4c8b | 5c24 604c | 8b44 2468 | 488b 5c24 | 704c 8bd7 | e9b8 f0ff | ff44 8b53 | 1445 85d2 
  0x000001fe9ed86c60: 0f84 31f0 | ffff 4d8b | 5f28 498b | ca48 c1e1 | 034d 85db | 0f84 b611 | 0000 4d8b | 5738 4b89 
  0x000001fe9ed86c80: 4c1a f849 | 83c3 f84d | 895f 28e9 | 07f0 ffff | 4d8b 5748 | 4d8b 5f58 | f083 4424 | c000 8039 
  0x000001fe9ed86ca0: 000f 8427 | f0ff ff44 | 8821 4d85 | d275 2049 | 8bd7 c5f8 | 7749 bae0 | 2914 5efa | 7f00 0041 
  0x000001fe9ed86cc0: ;   {other}
  0x000001fe9ed86cc0: ffd2 0f1f | 8400 0000 | 0000 e9ff | efff ff4b | 894c 13f8 | 4983 c2f8 | 4d89 5748 | e9ed efff 
  0x000001fe9ed86ce0: ff4c 63c5 | 4d8d 5010 | 498b ca48 | 83e1 f849 | 8bfe 4803 | f949 c1ea | 034d 2bca | 498b c948 
  0x000001fe9ed86d00: 33c0 4883 | f908 7f10 | 48ff c978 | 5648 8904 | cf48 ffc9 | 7df7 eb4b | c5f5 efc9 | e90d 0000 
  0x000001fe9ed86d20: 00c5 fe7f | 0fc5 fe7f | 4f20 4883 | c740 4883 | e908 7ded | 4883 c104 | 7c0c c5fe | 7f0f 4883 
  0x000001fe9ed86d40: c720 4883 | e904 4883 | c104 7e17 | 48c7 c0ff | ffff ffc4 | e2f0 f5c0 | c4e1 fb92 | f862 f1fe 
  0x000001fe9ed86d60: 2f7f 0f49 | 83f8 2077 | 2d4c 63d5 | 49b8 ffff | ffff ffff | ffff c442 | a8f5 c0c4 | c1fb 92f8 
  0x000001fe9ed86d80: c4c1 f97e | c262 d17f | af6f 0262 | d17f 2f7f | 03e9 f6ee | ffff c4e1 | f97e c149 | 8bd3 c5f8 
  0x000001fe9ed86da0: 7749 bac0 | 6e6b 9dfe | 0100 0041 

  0x000001fe9ed86dac: ;   {other}
  0x000001fe9ed86dac: ffd2 0f1f | 8400 0000 | 0000 e9d1 | eeff ff44 | 8954 243c | 4489 5c24 | 3848 895c | 2430 6690 
  0x000001fe9ed86dcc: ;   {static_call}
  0x000001fe9ed86dcc: c5f8 77e8 

  0x000001fe9ed86dd0: ; ImmutableOopMap {rbp=Oop [32]=Oop [40]=Oop [48]=Oop [56]=NarrowOop [60]=NarrowOop [64]=Oop }
                      ;*invokestatic hashCode {reexecute=0 rethrow=0 return_oop=0}
                      ; - java.lang.String::hashCode@37
                      ; - java.util.concurrent.ConcurrentHashMap::get@1
                      ; - java.lang.ClassLoader::getNamedPackage@5
                      ; - java.lang.ClassLoader::postDefineClass@9
                      ; - java.lang.ClassLoader::defineClass@37
  0x000001fe9ed86dd0: ac8a 94fe 

  0x000001fe9ed86dd4: ;   {other}
  0x000001fe9ed86dd4: 0f1f 8400 | c419 0015 | e973 f3ff | ff45 85d2 | 0f84 b517 | 0000 4889 | 4424 3848 | 895c 2430 
  0x000001fe9ed86df4: 4889 4c24 | 284b 8d14 | d441 8bea 

  0x000001fe9ed86e00: ;   {optimized virtual_call}
  0x000001fe9ed86e00: c5f8 77e8 

  0x000001fe9ed86e04: ; ImmutableOopMap {rbp=NarrowOop [32]=Oop [40]=Oop [48]=Oop [56]=Oop [64]=Oop }
                      ;*invokevirtual isNamed {reexecute=0 rethrow=0 return_oop=0}
                      ; - java.lang.NamedPackage::<init>@12
                      ; - java.lang.ClassLoader::getNamedPackage@22
                      ; - java.lang.ClassLoader::postDefineClass@9
                      ; - java.lang.ClassLoader::defineClass@37
  0x000001fe9ed86e04: b8f6 30ff 

  0x000001fe9ed86e08: ;   {other}
  0x000001fe9ed86e08: 0f1f 8400 | f819 0016 | 85c0 0f85 | 9c17 0000 | 448b d5e9 | 79f6 ffff 

  0x000001fe9ed86e20: ;   {metadata('java/util/concurrent/ConcurrentHashMap$ReservationNode')}
  0x000001fe9ed86e20: 81ff 9815 | 0700 0f84 | 00f6 ffff | bac6 ffff | ff4c 8b44 | 2440 4c89 | 4424 3048 | 894c 2438 
  0x000001fe9ed86e40: 4489 5424 | 4844 895c | 244c 4489 | 4c24 5048 | 895c 2458 

  0x000001fe9ed86e54: ;   {runtime_call UncommonTrapBlob}
  0x000001fe9ed86e54: c5f8 77e8 

  0x000001fe9ed86e58: ; ImmutableOopMap {[32]=Oop [48]=Oop [56]=Oop [72]=NarrowOop [76]=NarrowOop [88]=Oop }
                      ;*invokevirtual find {reexecute=0 rethrow=0 return_oop=0}
                      ; - java.util.concurrent.ConcurrentHashMap::get@93
                      ; - java.lang.ClassLoader::getNamedPackage@5
                      ; - java.lang.ClassLoader::postDefineClass@9
                      ; - java.lang.ClassLoader::defineClass@37
  0x000001fe9ed86e58: a40c 95fe 

  0x000001fe9ed86e5c: ;   {other}
  0x000001fe9ed86e5c: 0f1f 8400 | 4c1a 0017 | 418b 7cdc | 0c45 8b5c | dc08 498d | 2cdc 4c63 | c749 c1e0 | 0281 ff00 
  0x000001fe9ed86e7c: 0004 000f | 87ad 1300 | 0049 8b87 | b801 0000 | 4d8d 5017 | 4983 e2f8 | 4c8b c84d | 03ca 4d3b 
  0x000001fe9ed86e9c: 8fc8 0100 | 000f 838b | 1300 004d | 898f b801 | 0000 410f | 0d89 c000 | 0000 48c7 | 0001 0000 
  0x000001fe9ed86ebc: 0044 8958 | 0889 780c | 410f 0d89 | 0001 0000 | 410f 0d89 | 4001 0000 | 410f 0d89 | 8001 0000 
  0x000001fe9ed86edc: 488b f849 | 8d4c dc10 | 488b d748 | 83c2 1049 | 83c0 0749 | c1e8 03c5 | f877 49ba | 8091 6b9d 
  0x000001fe9ed86efc: fe01 0000 

  0x000001fe9ed86f00: ;   {other}
  0x000001fe9ed86f00: 41ff d20f | 1f84 0000 | 0000 00e9 | 8402 0000 | 498b 87b8 | 0100 004c | 8bd0 4983 | c218 4b8d 
  0x000001fe9ed86f20: 1cc4 4d3b | 97c8 0100 | 000f 83af | 1400 004d | 8997 b801 | 0000 410f | 0d8a c000 | 0000 48c7 
  0x000001fe9ed86f40: 0001 0000 

  0x000001fe9ed86f44: ;   {metadata('java/util/ArrayList')}
  0x000001fe9ed86f44: 00c7 4008 | 107e 0500 | 4489 600c | 4489 6010 | 478b 4cdc 

  0x000001fe9ed86f58: ;   {oop(a 'java/lang/Object'[0] {0x00000007ffe06a20})}
  0x000001fe9ed86f58: 0cc7 4014 | 440d fcff | 488b f845 | 85c9 0f86 | 9a00 0000 | 4533 c9eb | 0d48 8bcd | 488b 5c24 
  0x000001fe9ed86f78: 3048 8b7c | 2438 478b | 54dc 0c45 | 3bca 0f83 | e815 0000 | 4f8d 14dc | 478b 5c8a | 1047 8b54 
  0x000001fe9ed86f98: dc10 478b | 54d4 1044 | 894c 242c | 4889 7c24 | 3848 895c | 2430 4489 | 4424 2848 | 8be9 4d8b 
  0x000001fe9ed86fb8: c249 c1e0 | 0348 8bd7 

  0x000001fe9ed86fc0: ;   {optimized virtual_call}
  0x000001fe9ed86fc0: c5f8 77e8 

  0x000001fe9ed86fc4: ; ImmutableOopMap {rbp=Oop [32]=Oop [40]=NarrowOop [48]=Oop [56]=Oop }
                      ;*invokevirtual addAll {reexecute=0 rethrow=0 return_oop=0}
                      ; - java.security.CodeSource::getCertificates@57
                      ; - java.lang.ClassLoader::postDefineClass@24
                      ; - java.lang.ClassLoader::defineClass@37
  0x000001fe9ed86fc4: b87e 94fe 

  0x000001fe9ed86fc8: ;   {other}
  0x000001fe9ed86fc8: 0f1f 8400 | b81b 0018 | 498b 8f58 | 0400 0044 | 8b44 2428 | 478b 5cc4 | 1044 8b4c | 242c 41ff 
  0x000001fe9ed86fe8: ; ImmutableOopMap {r11=NarrowOop r8=NarrowOop rbp=Oop [32]=Oop [48]=Oop [56]=Oop }
                      ;*goto {reexecute=1 rethrow=0 return_oop=0}
                      ; - (reexecute) java.security.CodeSource::getCertificates@64
                      ; - java.lang.ClassLoader::postDefineClass@24
                      ; - java.lang.ClassLoader::defineClass@37
                      ;   {poll}
  0x000001fe9ed86fe8: c185 0147 | 8b54 dc0c | 453b ca0f | 8c78 ffff | ff48 8bcd | 488b 5c24 | 3048 8b7c | 2438 498b 
  0x000001fe9ed87008: 87b8 0100 | 004c 8bd0 | 4983 c210 | 4d3b 97c8 | 0100 000f | 8302 1400 | 004d 8997 | b801 0000 
  0x000001fe9ed87028: 410f 0d8a | c000 0000 | 48c7 0001 | 0000 0041 | 0f0d 8a00 

  0x000001fe9ed8703c: ;   {metadata('java/security/cert/Certificate'[])}
  0x000001fe9ed8703c: 0100 00c7 | 4008 182e | 0300 410f | 0d8a 4001 | 0000 4489 | 600c 410f | 0d8a 8001 | 0000 4889 
  0x000001fe9ed8705c: 4c24 2841 | 8be8 4889 | 5c24 3048 | 897c 2438 | 4c8b c048 | 8b54 2438 

  0x000001fe9ed87074: ;   {optimized virtual_call}
  0x000001fe9ed87074: c5f8 77e8 

  0x000001fe9ed87078: ; ImmutableOopMap {rbp=NarrowOop [32]=Oop [40]=Oop [48]=Oop }
                      ;*invokevirtual toArray {reexecute=0 rethrow=0 return_oop=1}
                      ; - java.security.CodeSource::getCertificates@73
                      ; - java.lang.ClassLoader::postDefineClass@24
                      ; - java.lang.ClassLoader::defineClass@37
  0x000001fe9ed87078: 047e 94fe 

  0x000001fe9ed8707c: ;   {other}
  0x000001fe9ed8707c: 0f1f 8400 | 6c1c 001a | 488b f844 

  0x000001fe9ed87088: ;   {metadata('java/security/cert/Certificate'[])}
  0x000001fe9ed87088: 8b58 0841 | 81fb 182e | 0300 0f85 | cc16 0000 | 4180 7f40 | 000f 8545 | 1000 008b | dd4c 8bd7 
  0x000001fe9ed870a8: 4c89 5424 | 384c 8b54 | 2430 4c8b | 5c24 384d | 8bc3 49c1 | e803 4589 | 44dc 144d | 33da 49c1 
  0x000001fe9ed870c8: eb15 4d85 | db74 1649 | c1ea 094c | 8b44 2458 | 4d03 c241 | 8038 020f | 853d 1000 | 004c 8b54 
  0x000001fe9ed870e8: 2438 458b | 420c 458b | 5208 4963 | e848 c1e5 | 0241 81f8 | 0000 0400 | 0f87 5313 | 0000 498b 
  0x000001fe9ed87108: 87b8 0100 | 004c 8d5d | 1749 83e3 | f84c 8bc8 | 4d03 cb4d | 3b8f c801 | 0000 0f83 | 3113 0000 
  0x000001fe9ed87128: 4d89 8fb8 | 0100 0041 | 0f0d 89c0 | 0000 0048 | c700 0100 | 0000 4489 | 5008 4489 | 400c 410f 
  0x000001fe9ed87148: 0d89 0001 | 0000 410f | 0d89 4001 | 0000 410f | 0d89 8001 | 0000 488b | f848 8b4c | 2438 4883 
  0x000001fe9ed87168: c110 488b | d748 83c2 | 1048 83c5 | 0748 c1ed | 034c 8bc5 | c5f8 7749 | ba80 916b | 9dfe 0100 
  0x000001fe9ed87188: ;   {no_reloc}
  0x000001fe9ed87188: 0041 ffd2 

  0x000001fe9ed8718c: ;   {other}
  0x000001fe9ed8718c: 0f1f 8400 | 0000 0000 | 488b 5424 | 204c 8bc7 

  0x000001fe9ed8719c: ;   {optimized virtual_call}
  0x000001fe9ed8719c: c5f8 77e8 

  0x000001fe9ed871a0: ; ImmutableOopMap {[32]=Oop }
                      ;*invokevirtual setSigners {reexecute=0 rethrow=0 return_oop=0}
                      ; - java.lang.ClassLoader::setSigners@2
                      ; - java.lang.ClassLoader::postDefineClass@35
                      ; - java.lang.ClassLoader::defineClass@37
  0x000001fe9ed871a0: dc7c 94fe 

  0x000001fe9ed871a4: ;   {other}
  0x000001fe9ed871a4: 0f1f 8400 | 941d 001b | e9bf f1ff | ff4c 8b54 | 2420 458b | 5a3c 4585 | db0f 8499 | eeff ff4d 
  0x000001fe9ed871c4: 8b57 2849 | 8bcb 48c1 | e103 4d85 | d20f 8419 | 0e00 004d | 8b5f 384b | 894c 13f8 | 4983 c2f8 
  0x000001fe9ed871e4: 4d89 5728 | e96f eeff | ff44 8b5b | 1445 85db | 0f84 04ee | ffff 4d8b | 5728 498b | cb48 c1e1 
  0x000001fe9ed87204: 034d 85d2 | 0f84 7a0e | 0000 4d8b | 5f38 4b89 | 4c13 f849 | 83c2 f84d | 8957 28e9 | daed ffff 
  0x000001fe9ed87224: 4d8b 5748 | 4d8b 5f58 | f083 4424 | c000 8039 | 000f 84fa | edff ff44 | 8821 4d85 | d275 2049 
  0x000001fe9ed87244: 8bd7 c5f8 | 7749 bae0 | 2914 5efa | 7f00 0041 

  0x000001fe9ed87254: ;   {other}
  0x000001fe9ed87254: ffd2 0f1f | 8400 0000 | 0000 e9d2 | edff ff4b | 894c 13f8 | 4983 c2f8 | 4d89 5748 | e9c0 edff 
  0x000001fe9ed87274: ff48 8b74 | 2438 448b | 5e0c 4585 | db0f 8448 | f2ff ff4d | 8b57 2849 | 8bcb 48c1 | e103 4d85 
  0x000001fe9ed87294: d20f 840d | 0e00 004d | 8b5f 384b | 894c 13f8 | 4983 c2f8 | 4d89 5728 | e91e f2ff | ff44 8b56 
  0x000001fe9ed872b4: 1045 85d2 | 0f84 58f2 | ffff 4d8b | 5f28 498b | ca48 c1e1 | 034d 85db | 0f84 f60d | 0000 4d8b 
  0x000001fe9ed872d4: 5738 4b89 | 4c1a f849 | 83c3 f84d | 895f 28e9 | 2ef2 ffff | 488b 4c24 | 28e9 5af0 | ffff 4d8b 
  0x000001fe9ed872f4: 5748 4d8b | 5f58 f083 | 4424 c000 | 8039 000f | 8444 f2ff | ff44 8821 | 4d85 d275 | 2049 8bd7 
  0x000001fe9ed87314: c5f8 7749 | bae0 2914 | 5efa 7f00 | 0041 ffd2 

  0x000001fe9ed87324: ;   {other}
  0x000001fe9ed87324: 0f1f 8400 | 0000 0000 | e91c f2ff | ff4b 894c | 13f8 4983 | c2f8 4d89 | 5748 e90a | f2ff ff4d 
  0x000001fe9ed87344: 8b57 584d | 8b5f 48f0 | 8344 24c0 | 0080 3900 | 0f84 b1f1 | ffff 4488 | 214d 85db | 7520 498b 
  0x000001fe9ed87364: d7c5 f877 | 49ba e029 | 145e fa7f | 0000 41ff 

  0x000001fe9ed87374: ;   {other}
  0x000001fe9ed87374: d20f 1f84 | 0000 0000 | 00e9 89f1 | ffff 4b89 | 4c1a f849 | 83c3 f84d | 895f 48e9 | 77f1 ffff 
  0x000001fe9ed87394: 4c63 c54d | 8d48 1049 | 8bd1 4883 | e2f8 488b | fe48 03fa | 49c1 e903 | 492b c948 | 33c0 4883 
  0x000001fe9ed873b4: f908 7f10 | 48ff c978 | 5648 8904 | cf48 ffc9 | 7df7 eb4b | c5fd efc0 | e90d 0000 | 00c5 fe7f 
  0x000001fe9ed873d4: 07c5 fe7f | 4720 4883 | c740 4883 | e908 7ded | 4883 c104 | 7c0c c5fe | 7f07 4883 | c720 4883 
  0x000001fe9ed873f4: e904 4883 | c104 7e17 | 48c7 c0ff | ffff ffc4 | e2f0 f5c0 | c4e1 fb92 | f862 f1fe | 2f7f 0749 
  0x000001fe9ed87414: 83f8 2077 | 2b44 8bc5 | 4d63 c049 | b9ff ffff | ffff ffff | ffc4 42b8 | f5c9 c4c1 | fb92 f962 
  0x000001fe9ed87434: d17f af6f | 0362 d17f | 2f7f 02e9 | afeb ffff | 498b cb49 | 8bd2 c5f8 | 7749 bac0 | 6e6b 9dfe 
  0x000001fe9ed87454: 0100 0041 

  0x000001fe9ed87458: ;   {other}
  0x000001fe9ed87458: ffd2 0f1f | 8400 0000 | 0000 e98c | ebff ff45 | 3bd1 0f85 | f300 0000 | 418d 5aff | 413b da0f 
  0x000001fe9ed87478: 836f 1100 | 0045 85c9 | 0f86 6611 | 0000 458d | 41ff 33db | eb38 8b9c | 2480 0000 | 00ff c33b 
  0x000001fe9ed87498: 9c24 9400 | 0000 0f8d | 0401 0000 | 488b 7c24 | 7048 8b4c | 2420 448b | 9424 9400 | 0000 448b 
  0x000001fe9ed874b8: 8c24 9000 | 0000 448b | 8424 9800 | 0000 8b74 | 9f10 453b | c10f 83c9 | 0f00 0085 | f60f 84c1 
  0x000001fe9ed874d8: 0f00 004d | 8d1c f433 | ed48 897c | 2470 4489 | 9424 9400 | 0000 4489 | 8c24 9000 | 0000 4489 
  0x000001fe9ed874f8: 8424 9800 | 0000 899c | 2480 0000 | 0089 b424 | 8400 0000 | 4c89 9c24 | a000 0000 | eb0f 6666 
  0x000001fe9ed87518: 0f1f 8400 | 0000 0000 | 488b 4c24 | 2044 8b54 | a910 4889 | 4c24 204d | 8bc2 49c1 | e003 488b 
  0x000001fe9ed87538: 9424 a000 | 0000 6690 

  0x000001fe9ed87540: ;   {optimized virtual_call}
  0x000001fe9ed87540: c5f8 77e8 

  0x000001fe9ed87544: ; ImmutableOopMap {[32]=Oop [40]=Oop [48]=Oop [64]=Oop [72]=Oop [80]=Oop [112]=Oop [132]=NarrowOop [160]=Oop }
                      ;*invokevirtual equals {reexecute=0 rethrow=0 return_oop=0}
                      ; - java.lang.ClassLoader::compareCerts@81
                      ; - java.lang.ClassLoader::checkCerts@80
                      ; - java.lang.ClassLoader::preDefineClass@113
                      ; - java.lang.ClassLoader::defineClass@4
  0x000001fe9ed87544: 3879 94fe 

  0x000001fe9ed87548: ;   {other}
  0x000001fe9ed87548: 0f1f 8400 | 3821 001c | 85c0 0f85 | 36ff ffff | ffc5 3bac | 2490 0000 | 007c bdba | 45ff ffff 
  0x000001fe9ed87568: 488b 6c24 | 284c 8b54 | 2430 4c89 | 5424 2844 | 8b5c 2438 | 4489 5c24 | 3044 8b54 | 243c 4489 
  0x000001fe9ed87588: 5424 344c | 8b54 2440 | 4c89 5424 | 3866 6690 

  0x000001fe9ed87598: ;   {runtime_call UncommonTrapBlob}
  0x000001fe9ed87598: c5f8 77e8 

  0x000001fe9ed8759c: ; ImmutableOopMap {rbp=Oop [40]=Oop [56]=Oop [80]=Oop }
                      ;*ifne {reexecute=1 rethrow=0 return_oop=0}
                      ; - (reexecute) java.lang.ClassLoader::checkCerts@83
                      ; - java.lang.ClassLoader::preDefineClass@113
                      ; - java.lang.ClassLoader::defineClass@4
  0x000001fe9ed8759c: 6005 95fe 

  0x000001fe9ed875a0: ;   {other}
  0x000001fe9ed875a0: 0f1f 8400 | 9021 001d | 4533 d2eb | 1644 8b54 | 2478 41ff | c244 3b94 | 2490 0000 | 000f 8dc5 
  0x000001fe9ed875c0: e7ff ff4c | 8b5c 2420 | 478b 4c93 | 1045 85c9 | 0f84 2e0f | 0000 4f8d | 04cc 33ed | 4489 5424 
  0x000001fe9ed875e0: 7844 894c | 247c 4c89 | 8424 9800 | 0000 6690 | 4c8b 5424 | 7045 8b54 | aa10 4d8b | c249 c1e0 
  0x000001fe9ed87600: 0348 8b94 | 2498 0000 | 0066 6690 

  0x000001fe9ed8760c: ;   {optimized virtual_call}
  0x000001fe9ed8760c: c5f8 77e8 

  0x000001fe9ed87610: ; ImmutableOopMap {[32]=Oop [40]=Oop [48]=Oop [64]=Oop [72]=Oop [80]=Oop [112]=Oop [124]=NarrowOop [152]=Oop }
                      ;*invokevirtual equals {reexecute=0 rethrow=0 return_oop=0}
                      ; - java.lang.ClassLoader::compareCerts@166
                      ; - java.lang.ClassLoader::checkCerts@80
                      ; - java.lang.ClassLoader::preDefineClass@113
                      ; - java.lang.ClassLoader::defineClass@4
  0x000001fe9ed87610: 6c78 94fe 

  0x000001fe9ed87614: ;   {other}
  0x000001fe9ed87614: 0f1f 8400 | 0422 001e | 85c0 758d | ffc5 3bac | 2494 0000 | 007c c5e9 | 33ff ffff | 498b d248 
  0x000001fe9ed87634: c1e2 0345 | 33c0 488b | 6c24 2890 

  0x000001fe9ed87640: ;   {static_call}
  0x000001fe9ed87640: c5f8 77e8 

  0x000001fe9ed87644: ; ImmutableOopMap {rbp=Oop [40]=Oop [48]=Oop [64]=Oop [80]=Oop }
                      ;*invokestatic charAt {reexecute=0 rethrow=0 return_oop=0}
                      ; - java.lang.String::charAt@21
                      ; - java.lang.ClassLoader::checkName@25
                      ; - java.lang.ClassLoader::preDefineClass@1
                      ; - java.lang.ClassLoader::defineClass@4
  0x000001fe9ed87644: 3882 94fe 

  0x000001fe9ed87648: ;   {other}
  0x000001fe9ed87648: 0f1f 8400 | 3822 001f | 448b d0e9 | 1ce4 ffff | 488b 4c24 | 2848 8bdd | 448b 5424 | 3844 8b4c 
  0x000001fe9ed87668: 243c 488b | 5424 50e9 | 5feb ffff | 488b 4c24 | 204c 8b54 | 2428 4c89 | 5424 4048 | 896c 2420 
  0x000001fe9ed87688: 488b 5c24 | 3844 8b54 | 2448 448b | 4c24 4c48 | 8b54 2450 | e932 ebff | ff44 8954 | 2478 448b 
  0x000001fe9ed876a8: 4c24 4844 | 894c 246c | 4c89 6c24 | 7089 7424 | 6848 896c | 2460 4889 | 4c24 5844 | 8944 244c 
  0x000001fe9ed876c8: 4489 5c24 | 484c 8b54 | 2428 4c89 | 5424 2048 | 8b6c 2450 

  0x000001fe9ed876dc: ;   {metadata('java/lang/String')}
  0x000001fe9ed876dc: 48ba 9020 | 0400 0800 | 0000 6690 

  0x000001fe9ed876e8: ;   {runtime_call _new_instance_Java}
  0x000001fe9ed876e8: c5f8 77e8 

  0x000001fe9ed876ec: ; ImmutableOopMap {rbp=Oop [32]=Oop [48]=Oop [64]=Oop [72]=NarrowOop [88]=Oop [96]=Derived_oop_[88] [108]=NarrowOop [112]=Oop }
                      ;*new {reexecute=0 rethrow=0 return_oop=1}
                      ; - java.lang.StringLatin1::newString@7
                      ; - java.lang.String::substring@41
                      ; - java.lang.ClassLoader::checkCerts@21
                      ; - java.lang.ClassLoader::preDefineClass@113
                      ; - java.lang.ClassLoader::defineClass@4
  0x000001fe9ed876ec: 9057 a1fe 

  0x000001fe9ed876f0: ;   {other}
  0x000001fe9ed876f0: 0f1f 8400 | e022 0020 | 4889 6c24 | 504c 8b54 | 2420 4c89 | 5424 2844 | 8b5c 2448 | 448b 4424 
  0x000001fe9ed87710: 4c48 8b4c | 2458 c5fb | 1044 2460 | 8b74 2468 | 4c8b 6c24 | 7044 8b54 | 246c 4489 | 5424 4844 
  0x000001fe9ed87730: 8b54 2478 | 488b d8e9 | 6be4 ffff | 0fb7 5d00 | 83fb 6a0f | 8579 e3ff | ff43 0fb7 | 5cdc 1283 
  0x000001fe9ed87750: fb61 0f85 | 6ae3 ffff | 430f b75c | dc14 83fb | 760f 855b | e3ff ff43 | 0fb7 5cdc | 1683 fb61 
  0x000001fe9ed87770: 0f85 4ce3 | ffff 430f | b75c dc18 | 83fb 2e0f | 853d e3ff 

  0x000001fe9ed87784: ;   {oop(a 'jdk/internal/loader/ClassLoaders$PlatformClassLoader'{0x00000007ffe39a70})}
  0x000001fe9ed87784: ff49 ba70 | 9ae3 ff07 | 0000 0048 | 8b5c 2428 | 493b da0f | 85cb 0e00 

  0x000001fe9ed8779c: ;   {oop(a 'jdk/internal/loader/ClassLoaders$PlatformClassLoader'{0x00000007ffe39a70})}
  0x000001fe9ed8779c: 0049 bd70 | 9ae3 ff07 | 0000 00e9 | 1be3 ffff | 4c89 8424 | 8800 0000 | 4c89 8c24 | 8000 0000 
  0x000001fe9ed877bc: 4889 5c24 | 7844 8954 | 2470 448b | 5424 4844 | 8954 2464 | 4c89 6c24 | 6889 7424 | 60c5 fb11 
  0x000001fe9ed877dc: 4424 5848 | 894c 2448 | 4c8b 5424 | 504c 8954 

  0x000001fe9ed877ec: ;   {metadata({type array byte})}
  0x000001fe9ed877ec: 2420 48ba | c80a 0400 | 0800 0000 | 448b 4424 | 7066 6690 

  0x000001fe9ed87800: ;   {runtime_call _new_array_nozero_Java}
  0x000001fe9ed87800: c5f8 77e8 

  0x000001fe9ed87804: ; ImmutableOopMap {[32]=Oop [40]=Oop [48]=Oop [64]=Oop [72]=Oop [88]=Derived_oop_[72] [100]=NarrowOop [104]=Oop [120]=Oop }
                      ;*newarray {reexecute=0 rethrow=0 return_oop=1}
                      ; - java.util.Arrays::copyOfRangeByte@10
                      ; - java.util.Arrays::copyOfRange@13
                      ; - java.lang.StringLatin1::newString@16
                      ; - java.lang.String::substring@41
                      ; - java.lang.ClassLoader::checkCerts@21
                      ; - java.lang.ClassLoader::preDefineClass@113
                      ; - java.lang.ClassLoader::defineClass@4
  0x000001fe9ed87804: 787a a1fe 

  0x000001fe9ed87808: ;   {other}
  0x000001fe9ed87808: 0f1f 8400 | f823 0021 | 4c8b 5424 | 204c 8954 | 2450 c5fb | 1044 2458 | 8b74 2460 | 4c8b 6c24 
  0x000001fe9ed87828: 6844 8b5c | 2464 4489 | 5c24 4844 | 8b54 2470 | 488b 5c24 | 784c 8b8c | 2480 0000 | 004c 8b84 
  0x000001fe9ed87848: 2488 0000 | 004c 8bf0 | e9f3 e3ff | ff44 8944 | 2448 4489 | 5424 3c44 | 894c 2438 | 4c8b 5424 
  0x000001fe9ed87868: 204c 8954 | 2430 4c8b | 5424 404c | 8954 2420 

  0x000001fe9ed87878: ;   {metadata('java/lang/String')}
  0x000001fe9ed87878: 48ba 9020 | 0400 0800 | 0000 6690 

  0x000001fe9ed87884: ;   {runtime_call _new_instance_Java}
  0x000001fe9ed87884: c5f8 77e8 

  0x000001fe9ed87888: ; ImmutableOopMap {rbp=Oop [32]=Oop [40]=Oop [48]=Oop [56]=NarrowOop }
                      ;*new {reexecute=0 rethrow=0 return_oop=1}
                      ; - java.lang.StringLatin1::newString@7
                      ; - java.lang.String::substring@41
                      ; - java.lang.Class::getPackageName@62
                      ; - java.lang.ClassLoader::postDefineClass@2
                      ; - java.lang.ClassLoader::defineClass@37
  0x000001fe9ed87888: f455 a1fe 

  0x000001fe9ed8788c: ;   {other}
  0x000001fe9ed8788c: 0f1f 8400 | 7c24 0022 | 4c8b 5424 | 204c 8954 | 2440 4c8b | 5424 304c | 8954 2420 | 448b 4c24 
  0x000001fe9ed878ac: 3844 8b54 | 243c 448b | 4424 4848 | 8bd8 e942 | e6ff ff44 | 8954 2438 | 4889 5c24 | 304c 8b54 
  0x000001fe9ed878cc: 2420 4c89 | 5424 284c | 8b54 2440 | 4c89 5424 | 2048 8be9 

  0x000001fe9ed878e0: ;   {metadata('java/lang/NamedPackage')}
  0x000001fe9ed878e0: 48ba a897 | 0900 0800 | 0000 6690 

  0x000001fe9ed878ec: ;   {runtime_call _new_instance_Java}
  0x000001fe9ed878ec: c5f8 77e8 

  0x000001fe9ed878f0: ; ImmutableOopMap {rbp=Oop [32]=Oop [40]=Oop [48]=Oop [56]=NarrowOop }
                      ;*new {reexecute=0 rethrow=0 return_oop=1}
                      ; - java.lang.ClassLoader::getNamedPackage@16
                      ; - java.lang.ClassLoader::postDefineClass@9
                      ; - java.lang.ClassLoader::defineClass@37
  0x000001fe9ed878f0: 8c55 a1fe 

  0x000001fe9ed878f4: ;   {other}
  0x000001fe9ed878f4: 0f1f 8400 | e424 0023 | 488b cd4c | 8b54 2420 | 4c89 5424 | 404c 8b54 | 2428 4c89 | 5424 2048 
  0x000001fe9ed87914: 8b5c 2430 | 448b 5424 | 38e9 56eb | ffff 4c89 | 4c24 6848 | 894c 2460 | 4c89 5c24 | 5048 895c 
  0x000001fe9ed87934: 2448 4489 | 4424 384c | 8b54 2420 | 4c89 5424 | 304c 8b54 | 2440 4c89 

  0x000001fe9ed8794c: ;   {metadata({type array byte})}
  0x000001fe9ed8794c: 5424 2048 | bac8 0a04 | 0008 0000 | 0066 6690 

  0x000001fe9ed8795c: ;   {runtime_call _new_array_nozero_Java}
  0x000001fe9ed8795c: c5f8 77e8 

  0x000001fe9ed87960: ; ImmutableOopMap {rbp=Oop [80]=Derived_oop_rbp [32]=Oop [40]=Oop [48]=Oop [72]=Oop }
                      ;*newarray {reexecute=0 rethrow=0 return_oop=1}
                      ; - java.util.Arrays::copyOfRangeByte@10
                      ; - java.util.Arrays::copyOfRange@13
                      ; - java.lang.StringLatin1::newString@16
                      ; - java.lang.String::substring@41
                      ; - java.lang.Class::getPackageName@62
                      ; - java.lang.ClassLoader::postDefineClass@2
                      ; - java.lang.ClassLoader::defineClass@37
  0x000001fe9ed87960: 1c79 a1fe 

  0x000001fe9ed87964: ;   {other}
  0x000001fe9ed87964: 0f1f 8400 | 5425 0024 | 4c8b 5c24 | 204c 895c | 2440 4c8b | 5c24 304c | 895c 2420 | 448b 4424 
  0x000001fe9ed87984: 3848 8b5c | 2448 4c8b | 5c24 5048 | 8b4c 2460 | 4c8b 4c24 | 6848 8bf0 | e909 e6ff | ffba e6ff 
  0x000001fe9ed879a4: ffff 418b | ea44 895c | 2420 6690 

  0x000001fe9ed879b0: ;   {runtime_call UncommonTrapBlob}
  0x000001fe9ed879b0: c5f8 77e8 

  0x000001fe9ed879b4: ; ImmutableOopMap {[32]=NarrowOop }
                      ;*baload {reexecute=0 rethrow=0 return_oop=0}
                      ; - java.lang.StringLatin1::lastIndexOf@24
                      ; - java.lang.String::lastIndexOf@13
                      ; - java.lang.String::lastIndexOf@8
                      ; - java.lang.ClassLoader::checkCerts@3
                      ; - java.lang.ClassLoader::preDefineClass@113
                      ; - java.lang.ClassLoader::defineClass@4
  0x000001fe9ed879b4: 4801 95fe 

  0x000001fe9ed879b8: ;   {other}
  0x000001fe9ed879b8: 0f1f 8400 | a825 0025 | bae6 ffff | ff41 8be9 | 4489 4424 | 2066 6690 

  0x000001fe9ed879d0: ;   {runtime_call UncommonTrapBlob}
  0x000001fe9ed879d0: c5f8 77e8 

  0x000001fe9ed879d4: ; ImmutableOopMap {rbp=NarrowOop }
                      ;*baload {reexecute=0 rethrow=0 return_oop=0}
                      ; - java.lang.StringLatin1::lastIndexOf@24
                      ; - java.lang.String::lastIndexOf@13
                      ; - java.lang.String::lastIndexOf@8
                      ; - java.lang.Class::getPackageName@47
                      ; - java.lang.ClassLoader::postDefineClass@2
                      ; - java.lang.ClassLoader::defineClass@37
  0x000001fe9ed879d4: 2801 95fe 

  0x000001fe9ed879d8: ;   {other}
  0x000001fe9ed879d8: 0f1f 8400 | c825 0026 | 4c89 8c24 | 8000 0000 | 4889 5c24 | 7844 8b54 | 2448 4489 | 5424 704c 
  0x000001fe9ed879f8: 896c 2468 | 8974 244c | c5fb 1144 | 2460 4889 | 4c24 5844 | 895c 2448 | 4c8b 5424 | 284c 8954 
  0x000001fe9ed87a18: 2420 488b 

  0x000001fe9ed87a1c: ;   {metadata({type array byte})}
  0x000001fe9ed87a1c: 6c24 5048 | bac8 0a04 | 0008 0000 | 0066 6690 

  0x000001fe9ed87a2c: ;   {runtime_call _new_array_nozero_Java}
  0x000001fe9ed87a2c: c5f8 77e8 

  0x000001fe9ed87a30: ; ImmutableOopMap {rbp=Oop [32]=Oop [48]=Oop [64]=Oop [72]=NarrowOop [88]=Oop [96]=Derived_oop_[88] [104]=Oop [112]=NarrowOop [120]=Oop }
                      ;*invokevirtual clone {reexecute=1 rethrow=0 return_oop=1}
                      ; - (reexecute) java.util.Arrays::copyOfRange@18
                      ; - java.lang.StringLatin1::newString@16
                      ; - java.lang.String::substring@41
                      ; - java.lang.ClassLoader::checkCerts@21
                      ; - java.lang.ClassLoader::preDefineClass@113
                      ; - java.lang.ClassLoader::defineClass@4
  0x000001fe9ed87a30: 4c78 a1fe 

  0x000001fe9ed87a34: ;   {other}
  0x000001fe9ed87a34: 0f1f 8400 | 2426 0027 | 4889 6c24 | 504c 8b5c | 2420 4c89 | 5c24 28c5 | fb10 4424 | 608b 7424 
  0x000001fe9ed87a54: 4c4c 8b6c | 2468 448b | 4424 7044 | 8944 2448 | 488b 5c24 | 784c 8b8c | 2480 0000 | 0048 8bf8 
  0x000001fe9ed87a74: e9be ebff | ff48 8b4c | 2420 4c8b | 5424 284c | 8954 2440 | 4c8b 5424 | 304c 8954 | 2420 488b 
  0x000001fe9ed87a94: 5c24 3844 | 8b54 2448 | e98b e9ff | ff48 8974 | 2460 4c89 | 5c24 5048 | 895c 2448 | 4489 4c24 
  0x000001fe9ed87ab4: 384c 8b5c | 2420 4c89 | 5c24 304c | 8b5c 2440 | 4c89 5c24 

  0x000001fe9ed87ac8: ;   {metadata({type array byte})}
  0x000001fe9ed87ac8: 2048 bac8 | 0a04 0008 | 0000 0045 | 8bc2 6690 

  0x000001fe9ed87ad8: ;   {runtime_call _new_array_nozero_Java}
  0x000001fe9ed87ad8: c5f8 77e8 

  0x000001fe9ed87adc: ; ImmutableOopMap {rbp=Oop [80]=Derived_oop_rbp [32]=Oop [40]=Oop [48]=Oop [56]=NarrowOop [72]=Oop }
                      ;*invokevirtual clone {reexecute=1 rethrow=0 return_oop=1}
                      ; - (reexecute) java.util.Arrays::copyOfRange@18
                      ; - java.lang.StringLatin1::newString@16
                      ; - java.lang.String::substring@41
                      ; - java.lang.Class::getPackageName@62
                      ; - java.lang.ClassLoader::postDefineClass@2
                      ; - java.lang.ClassLoader::defineClass@37
  0x000001fe9ed87adc: a077 a1fe 

  0x000001fe9ed87ae0: ;   {other}
  0x000001fe9ed87ae0: 0f1f 8400 | d026 0028 | 4c8b 5c24 | 204c 895c | 2440 4c8b | 5c24 304c | 895c 2420 | 488b 5c24 
  0x000001fe9ed87b00: 484c 8b5c | 2450 488b | 7424 6048 | 8bf8 e9cc | ebff ffba | f6ff ffff | 488b eb4c | 8954 2420 
  0x000001fe9ed87b20: ;   {runtime_call UncommonTrapBlob}
  0x000001fe9ed87b20: c5f8 77e8 

  0x000001fe9ed87b24: ; ImmutableOopMap {rbp=Oop [32]=Oop }
                      ;*invokevirtual putIfAbsent {reexecute=0 rethrow=0 return_oop=0}
                      ; - java.lang.ClassLoader::checkCerts@62
                      ; - java.lang.ClassLoader::preDefineClass@113
                      ; - java.lang.ClassLoader::defineClass@4
  0x000001fe9ed87b24: d8ff 94fe 

  0x000001fe9ed87b28: ;   {other}
  0x000001fe9ed87b28: 0f1f 8400 | 1827 0029 | baf6 ffff | ff66 6690 

  0x000001fe9ed87b38: ;   {runtime_call UncommonTrapBlob}
  0x000001fe9ed87b38: c5f8 77e8 

  0x000001fe9ed87b3c: ; ImmutableOopMap {rbp=NarrowOop }
                      ;*invokevirtual toExternalForm {reexecute=0 rethrow=0 return_oop=0}
                      ; - java.net.URL::toExternalForm@5
                      ; - java.net.URL::toString@1
                      ; - java.lang.ClassLoader::defineClassSourceLocation@22
                      ; - java.lang.ClassLoader::defineClass@12
  0x000001fe9ed87b3c: c0ff 94fe 

  0x000001fe9ed87b40: ;   {other}
  0x000001fe9ed87b40: 0f1f 8400 | 3027 002a | baf6 ffff | ff48 8beb 

  0x000001fe9ed87b50: ;   {runtime_call UncommonTrapBlob}
  0x000001fe9ed87b50: c5f8 77e8 

  0x000001fe9ed87b54: ; ImmutableOopMap {rbp=Oop }
                      ;*invokevirtual get {reexecute=0 rethrow=0 return_oop=0}
                      ; - java.lang.ClassLoader::getNamedPackage@5
                      ; - java.lang.ClassLoader::postDefineClass@9
                      ; - java.lang.ClassLoader::defineClass@37
  0x000001fe9ed87b54: a8ff 94fe 

  0x000001fe9ed87b58: ;   {other}
  0x000001fe9ed87b58: 0f1f 8400 | 4827 002b | ba45 ffff | ff48 8b6c | 2428 4c89 | 4424 4890 

  0x000001fe9ed87b70: ;   {runtime_call UncommonTrapBlob}
  0x000001fe9ed87b70: c5f8 77e8 

  0x000001fe9ed87b74: ; ImmutableOopMap {rbp=Oop [48]=Oop [64]=Oop [72]=Oop [80]=Oop }
                      ;*ifeq {reexecute=1 rethrow=0 return_oop=0}
                      ; - (reexecute) java.lang.ClassLoader::checkName@8
                      ; - java.lang.ClassLoader::preDefineClass@1
                      ; - java.lang.ClassLoader::defineClass@4
  0x000001fe9ed87b74: 88ff 94fe 

  0x000001fe9ed87b78: ;   {other}
  0x000001fe9ed87b78: 0f1f 8400 | 6827 002c | bace ffff | ff4c 8944 | 2448 4489 | 5424 6090 

  0x000001fe9ed87b90: ;   {runtime_call UncommonTrapBlob}
  0x000001fe9ed87b90: c5f8 77e8 

  0x000001fe9ed87b94: ; ImmutableOopMap {rbp=NarrowOop [40]=Oop [48]=Oop [64]=Oop [72]=Oop }
                      ;*invokestatic indexOfChar {reexecute=0 rethrow=0 return_oop=0}
                      ; - java.lang.StringLatin1::indexOf@33
                      ; - java.lang.String::indexOf@17
                      ; - java.lang.String::indexOf@3
                      ; - java.lang.ClassLoader::checkName@16
                      ; - java.lang.ClassLoader::preDefineClass@1
                      ; - java.lang.ClassLoader::defineClass@4
  0x000001fe9ed87b94: 68ff 94fe 

  0x000001fe9ed87b98: ;   {other}
  0x000001fe9ed87b98: 0f1f 8400 | 8827 002d | 33ed bae6 | ffff ff44 | 895c 2420 

  0x000001fe9ed87bac: ;   {runtime_call UncommonTrapBlob}
  0x000001fe9ed87bac: c5f8 77e8 

  0x000001fe9ed87bb0: ; ImmutableOopMap {[32]=NarrowOop }
                      ;*baload {reexecute=0 rethrow=0 return_oop=0}
                      ; - jdk.internal.util.ArraysSupport::mismatch@82
                      ; - java.lang.String::startsWith@70
                      ; - java.lang.String::startsWith@3
                      ; - java.lang.ClassLoader::preDefineClass@43
                      ; - java.lang.ClassLoader::defineClass@4
  0x000001fe9ed87bb0: 4cff 94fe 

  0x000001fe9ed87bb4: ;   {other}
  0x000001fe9ed87bb4: 0f1f 8400 | a427 002e | 4d63 cae9 | fcdf ffff | 4983 c1fe | 498b c949 | 8bfb 4833 | c048 83f9 
  0x000001fe9ed87bd4: 087f 1048 | ffc9 7856 | 4889 04cf | 48ff c97d | f7eb 4bc5 | fdef c0e9 | 0d00 0000 | c5fe 7f07 
  0x000001fe9ed87bf4: c5fe 7f47 | 2048 83c7 | 4048 83e9 | 087d ed48 | 83c1 047c | 0cc5 fe7f | 0748 83c7 | 2048 83e9 
  0x000001fe9ed87c14: 0448 83c1 | 047e 1748 | c7c0 ffff | ffff c4e2 | f0f5 c0c4 | e1fb 92f8 | 62f1 fe2f | 7f07 e955 
  0x000001fe9ed87c34: e0ff ffba | ccff ffff | 4489 5424 | 2044 8b54 | 2438 4489 | 5424 2444 | 8b44 243c | 4489 4424 
  0x000001fe9ed87c54: 384c 896c | 2458 448b | 4424 4844 | 8944 243c | 4889 5c24 | 6844 895c | 2470 6690 

  0x000001fe9ed87c70: ;   {runtime_call UncommonTrapBlob}
  0x000001fe9ed87c70: c5f8 77e8 

  0x000001fe9ed87c74: ; ImmutableOopMap {[40]=Oop [48]=Oop [60]=NarrowOop [64]=Oop [80]=Oop [88]=Oop [104]=Oop [112]=NarrowOop }
                      ;*newarray {reexecute=1 rethrow=0 return_oop=0}
                      ; - (reexecute) java.util.Arrays::copyOfRangeByte@10
                      ; - java.util.Arrays::copyOfRange@13
                      ; - java.lang.StringLatin1::newString@16
                      ; - java.lang.String::substring@41
                      ; - java.lang.ClassLoader::checkCerts@21
                      ; - java.lang.ClassLoader::preDefineClass@113
                      ; - java.lang.ClassLoader::defineClass@4
  0x000001fe9ed87c74: 88fe 94fe 

  0x000001fe9ed87c78: ;   {other}
  0x000001fe9ed87c78: 0f1f 8400 | 6828 002f | bade ffff | ff66 6690 

  0x000001fe9ed87c88: ;   {runtime_call UncommonTrapBlob}
  0x000001fe9ed87c88: c5f8 77e8 

  0x000001fe9ed87c8c: ; ImmutableOopMap {rbp=NarrowOop }
                      ;*checkcast {reexecute=0 rethrow=0 return_oop=0}
                      ; - java.lang.ClassLoader::getNamedPackage@8
                      ; - java.lang.ClassLoader::postDefineClass@9
                      ; - java.lang.ClassLoader::defineClass@37
  0x000001fe9ed87c8c: 70fe 94fe 

  0x000001fe9ed87c90: ;   {other}
  0x000001fe9ed87c90: 0f1f 8400 | 8028 0030 | ba45 ffff | ff48 8b6c | 2428 4c8b | 5424 504c | 8954 2420 | 895c 2450 
  0x000001fe9ed87cb0: ;   {runtime_call UncommonTrapBlob}
  0x000001fe9ed87cb0: c5f8 77e8 

  0x000001fe9ed87cb4: ; ImmutableOopMap {rbp=Oop [32]=Oop [48]=Oop [64]=Oop }
                      ;*if_icmpne {reexecute=1 rethrow=0 return_oop=0}
                      ; - (reexecute) java.lang.ClassLoader::checkName@20
                      ; - java.lang.ClassLoader::preDefineClass@1
                      ; - java.lang.ClassLoader::defineClass@4
  0x000001fe9ed87cb4: 48fe 94fe 

  0x000001fe9ed87cb8: ;   {other}
  0x000001fe9ed87cb8: 0f1f 8400 | a828 0031 | 33ed 85ff | 400f 94c5 | ba45 ffff | ff4c 8b54 | 2428 4c89 | 5424 204c 
  0x000001fe9ed87cd8: 896c 2458 | 895c 244c 

  0x000001fe9ed87ce0: ;   {runtime_call UncommonTrapBlob}
  0x000001fe9ed87ce0: c5f8 77e8 

  0x000001fe9ed87ce4: ; ImmutableOopMap {[32]=Oop [48]=Oop [64]=Oop [72]=NarrowOop [80]=Oop [88]=Oop }
                      ;*ifeq {reexecute=1 rethrow=0 return_oop=0}
                      ; - (reexecute) java.lang.String::lastIndexOf@4
                      ; - java.lang.String::lastIndexOf@8
                      ; - java.lang.ClassLoader::checkCerts@3
                      ; - java.lang.ClassLoader::preDefineClass@113
                      ; - java.lang.ClassLoader::defineClass@4
  0x000001fe9ed87ce4: 18fe 94fe 

  0x000001fe9ed87ce8: ;   {other}
  0x000001fe9ed87ce8: 0f1f 8400 | d828 0032 | ba45 ffff | ff44 8954 | 2420 4489 | 5424 244c | 896c 2458 | 4489 4c24 
  0x000001fe9ed87d08: 7066 6690 

  0x000001fe9ed87d0c: ;   {runtime_call UncommonTrapBlob}
  0x000001fe9ed87d0c: c5f8 77e8 

  0x000001fe9ed87d10: ; ImmutableOopMap {[40]=Oop [48]=Oop [64]=Oop [72]=NarrowOop [80]=Oop [88]=Oop }
                      ;*if_icmpgt {reexecute=1 rethrow=0 return_oop=0}
                      ; - (reexecute) jdk.internal.util.Preconditions::checkFromToIndex@6
                      ; - java.lang.String::checkBoundsBeginEnd@6
                      ; - java.lang.String::substring@8
                      ; - java.lang.ClassLoader::checkCerts@21
                      ; - java.lang.ClassLoader::preDefineClass@113
                      ; - java.lang.ClassLoader::defineClass@4
  0x000001fe9ed87d10: ecfd 94fe 

  0x000001fe9ed87d14: ;   {other}
  0x000001fe9ed87d14: 0f1f 8400 | 0429 0033 | ba45 ffff | ff4c 8b54 | 2440 4c89 | 5424 3848 | 8944 2440 

  0x000001fe9ed87d30: ;   {runtime_call UncommonTrapBlob}
  0x000001fe9ed87d30: c5f8 77e8 

  0x000001fe9ed87d34: ; ImmutableOopMap {[32]=Oop [40]=Oop [56]=Oop [64]=Oop }
                      ;*ifeq {reexecute=1 rethrow=0 return_oop=0}
                      ; - (reexecute) java.lang.Class::getPackageName@13
                      ; - java.lang.ClassLoader::postDefineClass@2
                      ; - java.lang.ClassLoader::defineClass@37
  0x000001fe9ed87d34: c8fd 94fe 

  0x000001fe9ed87d38: ;   {other}
  0x000001fe9ed87d38: 0f1f 8400 | 2829 0034 | ba45 ffff | ff4c 8b5c | 2440 4c89 | 5c24 3848 | 894c 2440 | 4889 5c24 
  0x000001fe9ed87d58: 4844 8954 | 2450 6690 

  0x000001fe9ed87d60: ;   {runtime_call UncommonTrapBlob}
  0x000001fe9ed87d60: c5f8 77e8 

  0x000001fe9ed87d64: ; ImmutableOopMap {[32]=Oop [56]=Oop [64]=Oop [72]=Oop [80]=NarrowOop }
                      ;*ifle {reexecute=1 rethrow=0 return_oop=0}
                      ; - (reexecute) java.util.concurrent.ConcurrentHashMap::get@23
                      ; - java.lang.ClassLoader::getNamedPackage@5
                      ; - java.lang.ClassLoader::postDefineClass@9
                      ; - java.lang.ClassLoader::defineClass@37
  0x000001fe9ed87d64: 98fd 94fe 

  0x000001fe9ed87d68: ;   {other}
  0x000001fe9ed87d68: 0f1f 8400 | 5829 0035 | ba45 ffff | ff48 8b6c | 2428 4c8b | 5c24 504c | 895c 2420 | 4489 5424 
  0x000001fe9ed87d88: 5066 6690 

  0x000001fe9ed87d8c: ;   {runtime_call UncommonTrapBlob}
  0x000001fe9ed87d8c: c5f8 77e8 

  0x000001fe9ed87d90: ; ImmutableOopMap {rbp=Oop [32]=Oop [48]=Oop [64]=Oop }
                      ;*if_icmpne {reexecute=1 rethrow=0 return_oop=0}
                      ; - (reexecute) java.lang.ClassLoader::checkName@30
                      ; - java.lang.ClassLoader::preDefineClass@1
                      ; - java.lang.ClassLoader::defineClass@4
  0x000001fe9ed87d90: 6cfd 94fe 

  0x000001fe9ed87d94: ;   {other}
  0x000001fe9ed87d94: 0f1f 8400 | 8429 0036 | ba45 ffff | ff44 8954 | 2458 6690 

  0x000001fe9ed87da8: ;   {runtime_call UncommonTrapBlob}
  0x000001fe9ed87da8: c5f8 77e8 

  0x000001fe9ed87dac: ; ImmutableOopMap {[40]=Oop [48]=Oop [64]=Oop [80]=Oop [88]=NarrowOop }
                      ;*if_icmplt {reexecute=1 rethrow=0 return_oop=0}
                      ; - (reexecute) jdk.internal.util.Preconditions::checkIndex@6
                      ; - java.lang.String::checkIndex@5
                      ; - java.lang.StringLatin1::charAt@3
                      ; - java.lang.String::charAt@12
                      ; - java.lang.ClassLoader::checkName@25
                      ; - java.lang.ClassLoader::preDefineClass@1
                      ; - java.lang.ClassLoader::defineClass@4
  0x000001fe9ed87dac: 50fd 94fe 

  0x000001fe9ed87db0: ;   {other}
  0x000001fe9ed87db0: 0f1f 8400 | a029 0037 | ba45 ffff | ff48 8b6c | 2428 4c8b | 5424 304c | 8954 2428 | 448b 5424 
  0x000001fe9ed87dd0: 3844 8954 | 2430 448b | 5c24 3c44 | 895c 2434 | 4c8b 5424 | 404c 8954 | 2438 4489 | 4c24 4890 
  0x000001fe9ed87df0: ;   {runtime_call UncommonTrapBlob}
  0x000001fe9ed87df0: c5f8 77e8 

  0x000001fe9ed87df4: ; ImmutableOopMap {rbp=Oop [40]=Oop [56]=Oop [80]=Oop }
                      ;*ifne {reexecute=1 rethrow=0 return_oop=0}
                      ; - (reexecute) java.lang.ClassLoader::compareCerts@7
                      ; - java.lang.ClassLoader::checkCerts@80
                      ; - java.lang.ClassLoader::preDefineClass@113
                      ; - java.lang.ClassLoader::defineClass@4
  0x000001fe9ed87df4: 08fd 94fe 

  0x000001fe9ed87df8: ;   {other}
  0x000001fe9ed87df8: 0f1f 8400 | e829 0038 | ba45 ffff | ff44 8954 | 2420 4489 | 5424 244c | 896c 2458 | 4489 4c24 
  0x000001fe9ed87e18: 7044 894c | 2474 6690 

  0x000001fe9ed87e20: ;   {runtime_call UncommonTrapBlob}
  0x000001fe9ed87e20: c5f8 77e8 

  0x000001fe9ed87e24: ; ImmutableOopMap {[40]=Oop [48]=Oop [64]=Oop [72]=NarrowOop [80]=Oop [88]=Oop }
                      ;*if_icmple {reexecute=1 rethrow=0 return_oop=0}
                      ; - (reexecute) jdk.internal.util.Preconditions::checkFromToIndex@11
                      ; - java.lang.String::checkBoundsBeginEnd@6
                      ; - java.lang.String::substring@8
                      ; - java.lang.ClassLoader::checkCerts@21
                      ; - java.lang.ClassLoader::preDefineClass@113
                      ; - java.lang.ClassLoader::defineClass@4
  0x000001fe9ed87e24: d8fc 94fe 

  0x000001fe9ed87e28: ;   {other}
  0x000001fe9ed87e28: 0f1f 8400 | 182a 0039 | 498b d7c5 | f877 49ba | 002a 145e | fa7f 0000 

  0x000001fe9ed87e40: ;   {other}
  0x000001fe9ed87e40: 41ff d20f | 1f84 0000 | 0000 00e9 | 47de ffff | baf6 ffff | ff48 8974 | 2420 6690 

  0x000001fe9ed87e5c: ;   {runtime_call UncommonTrapBlob}
  0x000001fe9ed87e5c: c5f8 77e8 

  0x000001fe9ed87e60: ; ImmutableOopMap {[32]=Oop [48]=Oop }
                      ;*invokevirtual putIfAbsent {reexecute=0 rethrow=0 return_oop=0}
                      ; - java.lang.ClassLoader::getNamedPackage@32
                      ; - java.lang.ClassLoader::postDefineClass@9
                      ; - java.lang.ClassLoader::defineClass@37
  0x000001fe9ed87e60: 9cfc 94fe 

  0x000001fe9ed87e64: ;   {other}
  0x000001fe9ed87e64: 0f1f 8400 | 542a 003a | bade ffff | ff48 8be8 

  0x000001fe9ed87e74: ;   {runtime_call UncommonTrapBlob}
  0x000001fe9ed87e74: c5f8 77e8 

  0x000001fe9ed87e78: ; ImmutableOopMap {rbp=Oop }
                      ;*checkcast {reexecute=0 rethrow=0 return_oop=0}
                      ; - java.lang.ClassLoader::getNamedPackage@35
                      ; - java.lang.ClassLoader::postDefineClass@9
                      ; - java.lang.ClassLoader::defineClass@37
  0x000001fe9ed87e78: 84fc 94fe 

  0x000001fe9ed87e7c: ;   {other}
  0x000001fe9ed87e7c: 0f1f 8400 | 6c2a 003b | 4963 c8e9 | 93e0 ffff | 4883 c1fe | 498b fa48 | 33c0 4883 | f908 7f10 
  0x000001fe9ed87e9c: 48ff c978 | 5648 8904 | cf48 ffc9 | 7df7 eb4b | c5fd efc0 | e90d 0000 | 00c5 fe7f | 07c5 fe7f 
  0x000001fe9ed87ebc: 4720 4883 | c740 4883 | e908 7ded | 4883 c104 | 7c0c c5fe | 7f07 4883 | c720 4883 | e904 4883 
  0x000001fe9ed87edc: c104 7e17 | 48c7 c0ff | ffff ffc4 | e2f0 f5c0 | c4e1 fb92 | f862 f1fe | 2f7f 07e9 | f7e0 ffff 
  0x000001fe9ed87efc: bacc ffff | ff4c 8b54 | 2440 4c89 | 5424 3848 | 895c 2450 | 4489 4c24 | 5844 8944 | 2460 6690 
  0x000001fe9ed87f1c: ;   {runtime_call UncommonTrapBlob}
  0x000001fe9ed87f1c: c5f8 77e8 

  0x000001fe9ed87f20: ; ImmutableOopMap {[32]=Oop [40]=Oop [56]=Oop [80]=Oop [88]=NarrowOop }
                      ;*newarray {reexecute=1 rethrow=0 return_oop=0}
                      ; - (reexecute) java.util.Arrays::copyOfRangeByte@10
                      ; - java.util.Arrays::copyOfRange@13
                      ; - java.lang.StringLatin1::newString@16
                      ; - java.lang.String::substring@41
                      ; - java.lang.Class::getPackageName@62
                      ; - java.lang.ClassLoader::postDefineClass@2
                      ; - java.lang.ClassLoader::defineClass@37
  0x000001fe9ed87f20: dcfb 94fe 

  0x000001fe9ed87f24: ;   {other}
  0x000001fe9ed87f24: 0f1f 8400 | 142b 003c | 8b5c 2448 | 458b 5cdc | 1445 85db | 0f84 11ec | ffff 4d8b | 5728 498b 
  0x000001fe9ed87f44: cb48 c1e1 | 034d 85d2 | 0f84 7a06 | 0000 4d8b | 5f38 4b89 | 4c13 f849 | 83c2 f84d | 8957 28e9 
  0x000001fe9ed87f64: e7eb ffff | 4d8b 5748 | 4d8b 5f58 | f083 4424 | c000 8039 | 0074 3244 | 8821 4d85 | d274 0f4b 
  0x000001fe9ed87f84: 894c 13f8 | 4983 c2f8 | 4d89 5748 | eb1b 498b | d7c5 f877 | 49ba e029 | 145e fa7f | 0000 41ff 
  0x000001fe9ed87fa4: ;   {other}
  0x000001fe9ed87fa4: d20f 1f84 | 0000 0000 | 0045 8b54 | dc14 4585 | d20f 8403 | 0700 0049 | 8bf2 48c1 | e603 e9c5 
  0x000001fe9ed87fc4: ebff ff33 | ed45 85c0 | 400f 94c5 | ba45 ffff | ff48 895c | 2458 894c | 2460 6690 

  0x000001fe9ed87fe0: ;   {runtime_call UncommonTrapBlob}
  0x000001fe9ed87fe0: c5f8 77e8 

  0x000001fe9ed87fe4: ; ImmutableOopMap {[32]=Oop [40]=Oop [64]=Oop [88]=Oop }
                      ;*ifeq {reexecute=1 rethrow=0 return_oop=0}
                      ; - (reexecute) java.lang.String::lastIndexOf@4
                      ; - java.lang.String::lastIndexOf@8
                      ; - java.lang.Class::getPackageName@47
                      ; - java.lang.ClassLoader::postDefineClass@2
                      ; - java.lang.ClassLoader::defineClass@37
  0x000001fe9ed87fe4: 18fb 94fe 

  0x000001fe9ed87fe8: ;   {other}
  0x000001fe9ed87fe8: 0f1f 8400 | d82b 003d | 498b d7c5 | f877 49ba | 002a 145e | fa7f 0000 

  0x000001fe9ed88000: ;   {other}
  0x000001fe9ed88000: 41ff d20f | 1f84 0000 | 0000 00e9 | 4ce0 ffff | ba45 ffff | ff48 8b6c | 2420 4c8b | 5424 404c 
  0x000001fe9ed88020: 8954 2438 | 4889 5c24 | 4844 8944 | 2458 4489 | 5c24 5c44 | 8944 2460 

  0x000001fe9ed88038: ;   {runtime_call UncommonTrapBlob}
  0x000001fe9ed88038: c5f8 77e8 

  0x000001fe9ed8803c: ; ImmutableOopMap {rbp=Oop [40]=Oop [56]=Oop [72]=Oop }
                      ;*if_icmpgt {reexecute=1 rethrow=0 return_oop=0}
                      ; - (reexecute) jdk.internal.util.Preconditions::checkFromToIndex@6
                      ; - java.lang.String::checkBoundsBeginEnd@6
                      ; - java.lang.String::substring@8
                      ; - java.lang.Class::getPackageName@62
                      ; - java.lang.ClassLoader::postDefineClass@2
                      ; - java.lang.ClassLoader::defineClass@37
  0x000001fe9ed8803c: c0fa 94fe 

  0x000001fe9ed88040: ;   {other}
  0x000001fe9ed88040: 0f1f 8400 | 302c 003e | ba45 ffff | ff48 8b6c | 2420 4c8b | 5424 404c | 8954 2438 | 4889 5c24 
  0x000001fe9ed88060: 4844 8944 | 2458 4489 | 5c24 5c44 | 8944 2460 | 4489 5c24 | 6466 6690 

  0x000001fe9ed88078: ;   {runtime_call UncommonTrapBlob}
  0x000001fe9ed88078: c5f8 77e8 

  0x000001fe9ed8807c: ; ImmutableOopMap {rbp=Oop [40]=Oop [56]=Oop [72]=Oop }
                      ;*if_icmple {reexecute=1 rethrow=0 return_oop=0}
                      ; - (reexecute) jdk.internal.util.Preconditions::checkFromToIndex@11
                      ; - java.lang.String::checkBoundsBeginEnd@6
                      ; - java.lang.String::substring@8
                      ; - java.lang.Class::getPackageName@62
                      ; - java.lang.ClassLoader::postDefineClass@2
                      ; - java.lang.ClassLoader::defineClass@37
  0x000001fe9ed8807c: 80fa 94fe 

  0x000001fe9ed88080: ;   {other}
  0x000001fe9ed88080: 0f1f 8400 | 702c 003f | 498b d7c5 | f877 49ba | 002a 145e | fa7f 0000 

  0x000001fe9ed88098: ;   {other}
  0x000001fe9ed88098: 41ff d20f | 1f84 0000 | 0000 00e9 | 56df ffff | 498b d7c5 | f877 49ba | 002a 145e | fa7f 0000 
  0x000001fe9ed880b8: ;   {other}
  0x000001fe9ed880b8: 41ff d20f | 1f84 0000 | 0000 00e9 | 07e4 ffff | 498b d7c5 | f877 49ba | 002a 145e | fa7f 0000 
  0x000001fe9ed880d8: ;   {other}
  0x000001fe9ed880d8: 41ff d20f | 1f84 0000 | 0000 00e9 | 2ee4 ffff | 8bdd 458b | 54ec 1445 | 85d2 0f84 | adef ffff 
  0x000001fe9ed880f8: 4d8b 5f28 | 498b ca48 | c1e1 034d | 85db 0f84 | 3c05 0000 | 4d8b 5738 | 4b89 4c1a | f849 83c3 
  0x000001fe9ed88118: f84d 895f | 28e9 83ef | ffff 4d8b | 5748 4d8b | 5f58 f083 | 4424 c000 | 4180 3800 | 7435 4588 
  0x000001fe9ed88138: 204d 85d2 | 740f 4f89 | 4413 f849 | 83c2 f84d | 8957 48eb | 1e49 8bc8 | 498b d7c5 | f877 49ba 
  0x000001fe9ed88158: e029 145e | fa7f 0000 

  0x000001fe9ed88160: ;   {other}
  0x000001fe9ed88160: 41ff d20f | 1f84 0000 | 0000 0045 | 8b5c dc14 | 4585 db0f | 845b 0500 | 004d 8bd3 | 49c1 e203 
  0x000001fe9ed88180: 4c89 5424 | 38e9 5bef | ffff ba45 | ffff ff4c | 8b44 2440 | 4c89 4424 | 3848 894c | 2440 4489 
  0x000001fe9ed881a0: 5424 5048 | 895c 2458 | 4489 5c24 | 5444 894c | 2460 6690 

  0x000001fe9ed881b4: ;   {runtime_call UncommonTrapBlob}
  0x000001fe9ed881b4: c5f8 77e8 

  0x000001fe9ed881b8: ; ImmutableOopMap {rbp=NarrowOop [32]=Oop [56]=Oop [64]=Oop [80]=NarrowOop [84]=NarrowOop [88]=Oop }
                      ;*ifnull {reexecute=1 rethrow=0 return_oop=0}
                      ; - (reexecute) java.util.concurrent.ConcurrentHashMap::get@67
                      ; - java.lang.ClassLoader::getNamedPackage@5
                      ; - java.lang.ClassLoader::postDefineClass@9
                      ; - java.lang.ClassLoader::defineClass@37
  0x000001fe9ed881b8: 44f9 94fe 

  0x000001fe9ed881bc: ;   {other}
  0x000001fe9ed881bc: 0f1f 8400 | ac2d 0040 | 4c89 5424 | 6844 8944 | 244c 4889 | 5c24 604c | 896c 2458 | 8974 2448 
  0x000001fe9ed881dc: 4c8b 5424 | 504c 8954 | 2420 48ba | 0000 0000 | 0800 0000 | 4903 d145 | 8bc3 6690 

  0x000001fe9ed881f8: ;   {runtime_call _new_array_Java}
  0x000001fe9ed881f8: c5f8 77e8 

  0x000001fe9ed881fc: ; ImmutableOopMap {rbp=Oop [32]=Oop [40]=Oop [48]=Oop [64]=Oop [76]=NarrowOop [88]=Oop [96]=Oop }
                      ;*invokevirtual clone {reexecute=1 rethrow=0 return_oop=1}
                      ; - (reexecute) java.security.CodeSource::getCertificates@11
                      ; - java.lang.ClassLoader::checkCerts@34
                      ; - java.lang.ClassLoader::preDefineClass@113
                      ; - java.lang.ClassLoader::defineClass@4
  0x000001fe9ed881fc: 00a3 a1fe 

  0x000001fe9ed88200: ;   {other}
  0x000001fe9ed88200: 0f1f 8400 | f02d 0041 | 4c8b 5424 | 204c 8954 | 2450 8b74 | 2448 4c8b | 6c24 5848 | 8b5c 2460 
  0x000001fe9ed88220: 448b 4424 | 4c4c 8b54 | 2468 488b | f8e9 7ae6 | ffff 4c89 | 4424 3889 | 5c24 304c | 8b44 2420 
  0x000001fe9ed88240: 4c89 4424 | 2848 894c | 2420 48ba | 0000 0000 | 0800 0000 | 4903 d344 | 8bc7 6690 

  0x000001fe9ed8825c: ;   {runtime_call _new_array_Java}
  0x000001fe9ed8825c: c5f8 77e8 

  0x000001fe9ed88260: ; ImmutableOopMap {rbp=Oop [32]=Oop [40]=Oop [48]=NarrowOop }
                      ;*invokevirtual clone {reexecute=1 rethrow=0 return_oop=1}
                      ; - (reexecute) java.security.CodeSource::getCertificates@11
                      ; - java.lang.ClassLoader::postDefineClass@24
                      ; - java.lang.ClassLoader::defineClass@37
  0x000001fe9ed88260: 9ca2 a1fe 

  0x000001fe9ed88264: ;   {other}
  0x000001fe9ed88264: 0f1f 8400 | 542e 0042 | 4c8b 5424 | 284c 8954 | 2420 8b5c | 2430 4c8b | 4424 38e9 | 58ec ffff 
  0x000001fe9ed88284: 4c89 4c24 | 7044 8944 | 2468 4889 | 5c24 6044 | 895c 244c | 4c89 6c24 | 5889 7424 | 484c 8b54 
  0x000001fe9ed882a4: 2428 4c89 | 5424 2048 | 8b6c 2450 

  0x000001fe9ed882b0: ;   {metadata('java/util/ArrayList')}
  0x000001fe9ed882b0: 48ba 107e | 0500 0800 | 0000 6690 

  0x000001fe9ed882bc: ;   {runtime_call _new_instance_Java}
  0x000001fe9ed882bc: c5f8 77e8 

  0x000001fe9ed882c0: ; ImmutableOopMap {rbp=Oop [32]=Oop [48]=Oop [64]=Oop [76]=NarrowOop [88]=Oop [96]=Oop [104]=NarrowOop [112]=Oop }
                      ;*new {reexecute=0 rethrow=0 return_oop=1}
                      ; - java.security.CodeSource::getCertificates@25
                      ; - java.lang.ClassLoader::checkCerts@34
                      ; - java.lang.ClassLoader::preDefineClass@113
                      ; - java.lang.ClassLoader::defineClass@4
  0x000001fe9ed882c0: bc4b a1fe 

  0x000001fe9ed882c4: ;   {other}
  0x000001fe9ed882c4: 0f1f 8400 | b42e 0043 | 4889 6c24 | 504c 8b54 | 2420 4c89 | 5424 288b | 7424 484c | 8b6c 2458 
  0x000001fe9ed882e4: 448b 5c24 | 4c44 895c | 2448 488b | 5c24 6044 | 8b44 2468 | 4c8b 4c24 | 70e9 36e6 | ffff 4889 
  0x000001fe9ed88304: bc24 8000 | 0000 4c89 | 4c24 7848 | 895c 2470 | 4c89 5c24 | 684c 8954 | 2460 4c89 | 6c24 5889 
  0x000001fe9ed88324: 7424 4c4c | 8b54 2428 | 4c89 5424 | 2048 8b6c 

  0x000001fe9ed88334: ;   {metadata('java/security/cert/Certificate'[])}
  0x000001fe9ed88334: 2450 48ba | 182e 0300 | 0800 0000 | 4533 c090 

  0x000001fe9ed88344: ;   {runtime_call _new_array_Java}
  0x000001fe9ed88344: c5f8 77e8 

  0x000001fe9ed88348: ; ImmutableOopMap {rbp=Oop [32]=Oop [48]=Oop [64]=Oop [72]=NarrowOop [88]=Oop [96]=Oop [112]=Oop [120]=Oop [128]=Oop }
                      ;*anewarray {reexecute=0 rethrow=0 return_oop=1}
                      ; - java.security.CodeSource::getCertificates@70
                      ; - java.lang.ClassLoader::checkCerts@34
                      ; - java.lang.ClassLoader::preDefineClass@113
                      ; - java.lang.ClassLoader::defineClass@4
  0x000001fe9ed88348: b4a1 a1fe 

  0x000001fe9ed8834c: ;   {other}
  0x000001fe9ed8834c: 0f1f 8400 | 3c2f 0044 | e9b6 e7ff | ff4c 8944 | 2450 4889 | 7424 2848 | ba00 0000 | 0008 0000 
  0x000001fe9ed8836c: 0049 03d2 | 458b c390 

  0x000001fe9ed88374: ;   {runtime_call _new_array_Java}
  0x000001fe9ed88374: c5f8 77e8 

  0x000001fe9ed88378: ; ImmutableOopMap {rbp=Oop [32]=Oop [40]=Oop [48]=Oop [64]=Oop [88]=Oop [96]=Oop [112]=Oop }
                      ;*invokevirtual clone {reexecute=1 rethrow=0 return_oop=1}
                      ; - (reexecute) java.security.CodeSource::getCertificates@86
                      ; - java.lang.ClassLoader::checkCerts@34
                      ; - java.lang.ClassLoader::preDefineClass@113
                      ; - java.lang.ClassLoader::defineClass@4
  0x000001fe9ed88378: 84a1 a1fe 

  0x000001fe9ed8837c: ;   {other}
  0x000001fe9ed8837c: 0f1f 8400 | 6c2f 0045 | 488b 7424 | 284c 8b44 | 2450 488b | f8e9 66e8 | ffff ba45 | ffff ff4c 
  0x000001fe9ed8839c: 8b5c 2440 | 4c89 5c24 | 3848 894c | 2440 4489 | 5424 5048 | 895c 2458 | 4889 7424 | 6044 894c 
  0x000001fe9ed883bc: 2454 6690 

  0x000001fe9ed883c0: ;   {runtime_call UncommonTrapBlob}
  0x000001fe9ed883c0: c5f8 77e8 

  0x000001fe9ed883c4: ; ImmutableOopMap {rbp=NarrowOop [32]=Oop [56]=Oop [64]=Oop [80]=NarrowOop [88]=Oop [96]=Oop }
                      ;*ifnull {reexecute=1 rethrow=0 return_oop=0}
                      ; - (reexecute) java.util.concurrent.ConcurrentHashMap::get@143
                      ; - java.lang.ClassLoader::getNamedPackage@5
                      ; - java.lang.ClassLoader::postDefineClass@9
                      ; - java.lang.ClassLoader::defineClass@37
  0x000001fe9ed883c4: 38f7 94fe 

  0x000001fe9ed883c8: ;   {other}
  0x000001fe9ed883c8: 0f1f 8400 | b82f 0046 | 41b8 0100 | 0000 418b | e8e9 c4f7 | ffff 4889 | 5c24 3044 | 895c 242c 
  0x000001fe9ed883e8: 4489 4424 | 2848 8be9 

  0x000001fe9ed883f0: ;   {metadata('java/util/ArrayList')}
  0x000001fe9ed883f0: 48ba 107e | 0500 0800 | 0000 6690 

  0x000001fe9ed883fc: ;   {runtime_call _new_instance_Java}
  0x000001fe9ed883fc: c5f8 77e8 

  0x000001fe9ed88400: ; ImmutableOopMap {rbp=Oop [32]=Oop [40]=NarrowOop [44]=NarrowOop [48]=Oop }
                      ;*new {reexecute=0 rethrow=0 return_oop=1}
                      ; - java.security.CodeSource::getCertificates@25
                      ; - java.lang.ClassLoader::postDefineClass@24
                      ; - java.lang.ClassLoader::defineClass@37
  0x000001fe9ed88400: 7c4a a1fe 

  0x000001fe9ed88404: ;   {other}
  0x000001fe9ed88404: 0f1f 8400 | f42f 0047 | 488b cd44 | 8b44 2428 | 448b 5c24 | 2c48 8b5c | 2430 e931 | ebff ff48 
  0x000001fe9ed88424: 897c 2438 | 4889 5c24 | 3041 8be8 | 4889 4c24 

  0x000001fe9ed88434: ;   {metadata('java/security/cert/Certificate'[])}
  0x000001fe9ed88434: 2848 ba18 | 2e03 0008 | 0000 0045 | 33c0 6690 

  0x000001fe9ed88444: ;   {runtime_call _new_array_Java}
  0x000001fe9ed88444: c5f8 77e8 

  0x000001fe9ed88448: ; ImmutableOopMap {rbp=NarrowOop [32]=Oop [40]=Oop [48]=Oop [56]=Oop }
                      ;*anewarray {reexecute=0 rethrow=0 return_oop=1}
                      ; - java.security.CodeSource::getCertificates@70
                      ; - java.lang.ClassLoader::postDefineClass@24
                      ; - java.lang.ClassLoader::defineClass@37
  0x000001fe9ed88448: b4a0 a1fe 

  0x000001fe9ed8844c: ;   {other}
  0x000001fe9ed8844c: 0f1f 8400 | 3c30 0048 | e913 ecff | ff48 ba00 | 0000 0008 | 0000 0049 | 03d2 6690 

  0x000001fe9ed88468: ;   {runtime_call _new_array_Java}
  0x000001fe9ed88468: c5f8 77e8 

  0x000001fe9ed8846c: ; ImmutableOopMap {[32]=Oop [40]=Oop [56]=Oop }
                      ;*invokevirtual clone {reexecute=1 rethrow=0 return_oop=1}
                      ; - (reexecute) java.security.CodeSource::getCertificates@86
                      ; - java.lang.ClassLoader::postDefineClass@24
                      ; - java.lang.ClassLoader::defineClass@37
  0x000001fe9ed8846c: 90a0 a1fe 

  0x000001fe9ed88470: ;   {other}
  0x000001fe9ed88470: 0f1f 8400 | 6030 0049 | e9e1 ecff | ffba e6ff | ffff 418b | e889 4c24 | 2066 6690 

  0x000001fe9ed8848c: ;   {runtime_call UncommonTrapBlob}
  0x000001fe9ed8848c: c5f8 77e8 

  0x000001fe9ed88490: ; ImmutableOopMap {rbp=NarrowOop }
                      ;*aaload {reexecute=0 rethrow=0 return_oop=0}
                      ; - java.security.CodeSource::getCertificates@50
                      ; - java.lang.ClassLoader::checkCerts@34
                      ; - java.lang.ClassLoader::preDefineClass@113
                      ; - java.lang.ClassLoader::defineClass@4
  0x000001fe9ed88490: 6cf6 94fe 

  0x000001fe9ed88494: ;   {other}
  0x000001fe9ed88494: 0f1f 8400 | 8430 004a | ba76 ffff | ff48 8b6c | 2428 4c8b | 5c24 304c | 895c 2428 | 448b 5c24 
  0x000001fe9ed884b4: 3844 895c | 2430 448b | 4424 3c44 | 8944 2434 | 4c8b 5c24 | 404c 895c | 2438 4c8b | 5c24 504c 
  0x000001fe9ed884d4: 895c 2440 | 4889 7c24 | 5844 8954 | 2460 895c | 2464 8974 | 2468 4889 | 4c24 7044 | 894c 2478 
  0x000001fe9ed884f4: ;   {runtime_call UncommonTrapBlob}
  0x000001fe9ed884f4: c5f8 77e8 

  0x000001fe9ed884f8: ; ImmutableOopMap {rbp=Oop [40]=Oop [56]=Oop [64]=Oop [88]=Oop [104]=NarrowOop [112]=Oop }
                      ;*if_icmpge {reexecute=1 rethrow=0 return_oop=0}
                      ; - (reexecute) java.lang.ClassLoader::compareCerts@67
                      ; - java.lang.ClassLoader::checkCerts@80
                      ; - java.lang.ClassLoader::preDefineClass@113
                      ; - java.lang.ClassLoader::defineClass@4
  0x000001fe9ed884f8: 04f6 94fe 

  0x000001fe9ed884fc: ;   {other}
  0x000001fe9ed884fc: 0f1f 8400 | ec30 004b | ba76 ffff | ff48 8b6c | 2428 4c8b | 4424 304c | 8944 2428 | 8b4c 2438 
  0x000001fe9ed8851c: 894c 2430 | 448b 4424 | 3c44 8944 | 2434 4c8b | 4424 404c | 8944 2438 | 4c8b 4424 | 504c 8944 
  0x000001fe9ed8853c: 2440 4c8b | 4424 704c | 895c 2450 | 4489 5424 | 5c44 894c | 2460 4c89 | 4424 6844 | 8b94 2494 
  0x000001fe9ed8855c: 0000 0044 | 8954 2470 

  0x000001fe9ed88564: ;   {runtime_call UncommonTrapBlob}
  0x000001fe9ed88564: c5f8 77e8 

  0x000001fe9ed88568: ; ImmutableOopMap {rbp=Oop [40]=Oop [56]=Oop [64]=Oop [80]=Oop [96]=NarrowOop [104]=Oop }
                      ;*if_icmpge {reexecute=1 rethrow=0 return_oop=0}
                      ; - (reexecute) java.lang.ClassLoader::compareCerts@152
                      ; - java.lang.ClassLoader::checkCerts@80
                      ; - java.lang.ClassLoader::preDefineClass@113
                      ; - java.lang.ClassLoader::defineClass@4
  0x000001fe9ed88568: 94f5 94fe 

  0x000001fe9ed8856c: ;   {other}
  0x000001fe9ed8856c: 0f1f 8400 | 5c31 004c | bae6 ffff | ff41 8beb | 4489 4c24 | 2066 6690 

  0x000001fe9ed88584: ;   {runtime_call UncommonTrapBlob}
  0x000001fe9ed88584: c5f8 77e8 

  0x000001fe9ed88588: ; ImmutableOopMap {rbp=NarrowOop }
                      ;*aaload {reexecute=0 rethrow=0 return_oop=0}
                      ; - java.security.CodeSource::getCertificates@50
                      ; - java.lang.ClassLoader::postDefineClass@24
                      ; - java.lang.ClassLoader::defineClass@37
  0x000001fe9ed88588: 74f5 94fe 

  0x000001fe9ed8858c: ;   {other}
  0x000001fe9ed8858c: 0f1f 8400 | 7c31 004d | 41b8 0200 | 0000 e937 | feff ffba | f6ff ffff 

  0x000001fe9ed885a4: ;   {runtime_call UncommonTrapBlob}
  0x000001fe9ed885a4: c5f8 77e8 

  0x000001fe9ed885a8: ; ImmutableOopMap {}
                      ;*invokevirtual isNamed {reexecute=0 rethrow=0 return_oop=0}
                      ; - java.lang.NamedPackage::<init>@12
                      ; - java.lang.ClassLoader::getNamedPackage@22
                      ; - java.lang.ClassLoader::postDefineClass@9
                      ; - java.lang.ClassLoader::defineClass@37
  0x000001fe9ed885a8: 54f5 94fe 

  0x000001fe9ed885ac: ;   {other}
  0x000001fe9ed885ac: 0f1f 8400 | 9c31 004e | ba12 0000 | 0066 6690 

  0x000001fe9ed885bc: ;   {runtime_call UncommonTrapBlob}
  0x000001fe9ed885bc: c5f8 77e8 

  0x000001fe9ed885c0: ; ImmutableOopMap {rbp=NarrowOop [32]=Oop [40]=Oop [48]=Oop [56]=Oop [64]=Oop }
                      ;*new {reexecute=0 rethrow=0 return_oop=0}
                      ; - java.lang.NamedPackage::<init>@18
                      ; - java.lang.ClassLoader::getNamedPackage@22
                      ; - java.lang.ClassLoader::postDefineClass@9
                      ; - java.lang.ClassLoader::defineClass@37
  0x000001fe9ed885c0: 3cf5 94fe 

  0x000001fe9ed885c4: ;   {other}
  0x000001fe9ed885c4: 0f1f 8400 | b431 004f | 498b d7c5 | f877 49ba | 002a 145e | fa7f 0000 

  0x000001fe9ed885dc: ;   {other}
  0x000001fe9ed885dc: 41ff d20f | 1f84 0000 | 0000 00e9 | 63e5 ffff | ba76 ffff | ff48 8b6c | 2428 4c8b | 5c24 304c 
  0x000001fe9ed885fc: 895c 2428 | 448b 4424 | 3844 8944 | 2430 448b | 5c24 3c44 | 895c 2434 | 4c8b 5c24 | 404c 895c 
  0x000001fe9ed8861c: 2438 4c8b | 5c24 504c | 895c 2440 | 4889 4c24 | 4848 897c | 2458 4489 | 5424 6490 

  0x000001fe9ed88638: ;   {runtime_call UncommonTrapBlob}
  0x000001fe9ed88638: c5f8 77e8 

  0x000001fe9ed8863c: ; ImmutableOopMap {rbp=Oop [40]=Oop [56]=Oop [64]=Oop [72]=Oop [88]=Oop }
                      ;*if_icmpge {reexecute=1 rethrow=0 return_oop=0}
                      ; - (reexecute) java.lang.ClassLoader::compareCerts@40
                      ; - java.lang.ClassLoader::checkCerts@80
                      ; - java.lang.ClassLoader::preDefineClass@113
                      ; - java.lang.ClassLoader::defineClass@4
  0x000001fe9ed8863c: c0f4 94fe 

  0x000001fe9ed88640: ;   {other}
  0x000001fe9ed88640: 0f1f 8400 | 3032 0050 | 498b d7c5 | f877 49ba | 002a 145e | fa7f 0000 

  0x000001fe9ed88658: ;   {other}
  0x000001fe9ed88658: 41ff d20f | 1f84 0000 | 0000 00e9 | 3dea ffff | ba37 0100 | 0048 8beb | 4c8b 5424 | 504c 8954 
  0x000001fe9ed88678: 2420 4c8b | 5424 304c | 8954 2428 | 448b 5c24 | 3844 895c | 2430 448b | 5424 3c44 | 8954 2434 
  0x000001fe9ed88698: ;   {runtime_call UncommonTrapBlob}
  0x000001fe9ed88698: c5f8 77e8 

  0x000001fe9ed8869c: ; ImmutableOopMap {rbp=Oop [32]=Oop [40]=Oop }
                      ;*new {reexecute=0 rethrow=0 return_oop=0}
                      ; - java.lang.ClassLoader::preDefineClass@56
                      ; - java.lang.ClassLoader::defineClass@4
  0x000001fe9ed8869c: 60f4 94fe 

  0x000001fe9ed886a0: ;   {other}
  0x000001fe9ed886a0: 0f1f 8400 | 9032 0051 | 41b8 0300 | 0000 e923 | fdff ff41 | b804 0000 | 00e9 18fd | ffff baf6 
  0x000001fe9ed886c0: ffff ff90 

  0x000001fe9ed886c4: ;   {runtime_call UncommonTrapBlob}
  0x000001fe9ed886c4: c5f8 77e8 

  0x000001fe9ed886c8: ; ImmutableOopMap {}
                      ;*invokevirtual clone {reexecute=1 rethrow=0 return_oop=0}
                      ; - (reexecute) java.security.CodeSource::getCertificates@86
                      ; - java.lang.ClassLoader::checkCerts@34
                      ; - java.lang.ClassLoader::preDefineClass@113
                      ; - java.lang.ClassLoader::defineClass@4
  0x000001fe9ed886c8: 34f4 94fe 

  0x000001fe9ed886cc: ;   {other}
  0x000001fe9ed886cc: 0f1f 8400 | bc32 0052 | baf6 ffff | ff66 6690 

  0x000001fe9ed886dc: ;   {runtime_call UncommonTrapBlob}
  0x000001fe9ed886dc: c5f8 77e8 

  0x000001fe9ed886e0: ; ImmutableOopMap {}
                      ;*invokevirtual clone {reexecute=1 rethrow=0 return_oop=0}
                      ; - (reexecute) java.security.CodeSource::getCertificates@86
                      ; - java.lang.ClassLoader::postDefineClass@24
                      ; - java.lang.ClassLoader::defineClass@37
  0x000001fe9ed886e0: 1cf4 94fe 

  0x000001fe9ed886e4: ;   {other}
  0x000001fe9ed886e4: 0f1f 8400 | d432 0053 | bade ffff | ff48 8b6c | 2428 4c8b | 5424 504c | 8954 2448 | 4889 4424 
  0x000001fe9ed88704: 5866 6690 

  0x000001fe9ed88708: ;   {runtime_call UncommonTrapBlob}
  0x000001fe9ed88708: c5f8 77e8 

  0x000001fe9ed8870c: ; ImmutableOopMap {rbp=Oop [32]=Oop [48]=Oop [64]=Oop [72]=Oop [88]=Oop [96]=Oop }
                      ;*checkcast {reexecute=0 rethrow=0 return_oop=0}
                      ; - java.lang.ClassLoader::checkCerts@65
                      ; - java.lang.ClassLoader::preDefineClass@113
                      ; - java.lang.ClassLoader::defineClass@4
  0x000001fe9ed8870c: f0f3 94fe 

  0x000001fe9ed88710: ;   {other}
  0x000001fe9ed88710: 0f1f 8400 | 0033 0054 | bade ffff | ff4c 8b54 | 2430 4c89 | 5424 2844 | 8b54 2438 | 4489 5424 
  0x000001fe9ed88730: 3044 8b5c | 243c 4489 | 5c24 344c | 8b54 2440 | 4c89 5424 | 384c 8b54 | 2458 4c89 | 5424 4048 
  0x000001fe9ed88750: 8944 2460 

  0x000001fe9ed88754: ;   {runtime_call UncommonTrapBlob}
  0x000001fe9ed88754: c5f8 77e8 

  0x000001fe9ed88758: ; ImmutableOopMap {rbp=Oop [32]=Oop [40]=Oop [56]=Oop [64]=Oop [72]=NarrowOop [96]=Oop [112]=Oop }
                      ;*checkcast {reexecute=0 rethrow=0 return_oop=0}
                      ; - java.security.CodeSource::getCertificates@76
                      ; - java.lang.ClassLoader::checkCerts@34
                      ; - java.lang.ClassLoader::preDefineClass@113
                      ; - java.lang.ClassLoader::defineClass@4
  0x000001fe9ed88758: a4f3 94fe 

  0x000001fe9ed8875c: ;   {other}
  0x000001fe9ed8875c: 0f1f 8400 | 4c33 0055 | bade ffff | ff48 8944 | 2440 6690 

  0x000001fe9ed88770: ;   {runtime_call UncommonTrapBlob}
  0x000001fe9ed88770: c5f8 77e8 

  0x000001fe9ed88774: ; ImmutableOopMap {rbp=NarrowOop [32]=Oop [40]=Oop [64]=Oop }
                      ;*checkcast {reexecute=0 rethrow=0 return_oop=0}
                      ; - java.security.CodeSource::getCertificates@76
                      ; - java.lang.ClassLoader::postDefineClass@24
                      ; - java.lang.ClassLoader::defineClass@37
  0x000001fe9ed88774: 88f3 94fe 

  0x000001fe9ed88778: ;   {other}
  0x000001fe9ed88778: 0f1f 8400 | 6833 0056 | baf6 ffff | ff66 6690 

  0x000001fe9ed88788: ;   {runtime_call UncommonTrapBlob}
  0x000001fe9ed88788: c5f8 77e8 

  0x000001fe9ed8878c: ; ImmutableOopMap {}
                      ;*arraylength {reexecute=0 rethrow=0 return_oop=0}
                      ; - java.lang.String::isEmpty@4
                      ; - java.lang.ClassLoader::checkName@5
                      ; - java.lang.ClassLoader::preDefineClass@1
                      ; - java.lang.ClassLoader::defineClass@4
  0x000001fe9ed8878c: 70f3 94fe 

  0x000001fe9ed88790: ;   {other}
  0x000001fe9ed88790: 0f1f 8400 | 8033 0057 | baf6 ffff | ff66 6690 

  0x000001fe9ed887a0: ;   {runtime_call UncommonTrapBlob}
  0x000001fe9ed887a0: c5f8 77e8 

  0x000001fe9ed887a4: ; ImmutableOopMap {}
                      ;*arraylength {reexecute=0 rethrow=0 return_oop=0}
                      ; - java.lang.String::length@4
                      ; - java.lang.String::startsWith@6
                      ; - java.lang.String::startsWith@3
                      ; - java.lang.ClassLoader::preDefineClass@43
                      ; - java.lang.ClassLoader::defineClass@4
  0x000001fe9ed887a4: 58f3 94fe 

  0x000001fe9ed887a8: ;   {other}
  0x000001fe9ed887a8: 0f1f 8400 | 9833 0058 | baf6 ffff | ff66 6690 

  0x000001fe9ed887b8: ;   {runtime_call UncommonTrapBlob}
  0x000001fe9ed887b8: c5f8 77e8 

  0x000001fe9ed887bc: ; ImmutableOopMap {}
                      ;*arraylength {reexecute=0 rethrow=0 return_oop=0}
                      ; - java.lang.StringLatin1::charAt@2
                      ; - java.lang.String::charAt@12
                      ; - java.lang.ClassLoader::checkName@25
                      ; - java.lang.ClassLoader::preDefineClass@1
                      ; - java.lang.ClassLoader::defineClass@4
  0x000001fe9ed887bc: 40f3 94fe 

  0x000001fe9ed887c0: ;   {other}
  0x000001fe9ed887c0: 0f1f 8400 | b033 0059 | baf6 ffff | ff66 6690 

  0x000001fe9ed887d0: ;   {runtime_call UncommonTrapBlob}
  0x000001fe9ed887d0: c5f8 77e8 

  0x000001fe9ed887d4: ; ImmutableOopMap {}
                      ;*invokevirtual getPackageName {reexecute=0 rethrow=0 return_oop=0}
                      ; - java.lang.ClassLoader::postDefineClass@2
                      ; - java.lang.ClassLoader::defineClass@37
  0x000001fe9ed887d4: 28f3 94fe 

  0x000001fe9ed887d8: ;   {other}
  0x000001fe9ed887d8: 0f1f 8400 | c833 005a | baf6 ffff | ff66 6690 

  0x000001fe9ed887e8: ;   {runtime_call UncommonTrapBlob}
  0x000001fe9ed887e8: c5f8 77e8 

  0x000001fe9ed887ec: ; ImmutableOopMap {}
                      ;*invokevirtual hashCode {reexecute=0 rethrow=0 return_oop=0}
                      ; - java.util.concurrent.ConcurrentHashMap::get@1
                      ; - java.lang.ClassLoader::getNamedPackage@5
                      ; - java.lang.ClassLoader::postDefineClass@9
                      ; - java.lang.ClassLoader::defineClass@37
  0x000001fe9ed887ec: 10f3 94fe 

  0x000001fe9ed887f0: ;   {other}
  0x000001fe9ed887f0: 0f1f 8400 | e033 005b | 33ed 4d85 | d240 0f94 | c5ba 45ff | ffff 6690 

  0x000001fe9ed88808: ;   {runtime_call UncommonTrapBlob}
  0x000001fe9ed88808: c5f8 77e8 

  0x000001fe9ed8880c: ; ImmutableOopMap {[32]=Oop [40]=Oop [64]=Oop }
                      ;*ifeq {reexecute=1 rethrow=0 return_oop=0}
                      ; - (reexecute) java.lang.Class::getPackageName@29
                      ; - java.lang.ClassLoader::postDefineClass@2
                      ; - java.lang.ClassLoader::defineClass@37
  0x000001fe9ed8880c: f0f2 94fe 

  0x000001fe9ed88810: ;   {other}
  0x000001fe9ed88810: 0f1f 8400 | 0034 005c | baf6 ffff | ff66 6690 

  0x000001fe9ed88820: ;   {runtime_call UncommonTrapBlob}
  0x000001fe9ed88820: c5f8 77e8 

  0x000001fe9ed88824: ; ImmutableOopMap {}
                      ;*arraylength {reexecute=0 rethrow=0 return_oop=0}
                      ; - java.lang.String::length@4
                      ; - java.lang.String::lastIndexOf@3
                      ; - java.lang.Class::getPackageName@47
                      ; - java.lang.ClassLoader::postDefineClass@2
                      ; - java.lang.ClassLoader::defineClass@37
  0x000001fe9ed88824: d8f2 94fe 

  0x000001fe9ed88828: ;   {other}
  0x000001fe9ed88828: 0f1f 8400 | 1834 005d | ba45 ffff | ff48 8b6c | 2428 4c89 | 4424 4890 

  0x000001fe9ed88840: ;   {runtime_call UncommonTrapBlob}
  0x000001fe9ed88840: c5f8 77e8 

  0x000001fe9ed88844: ; ImmutableOopMap {rbp=Oop [48]=Oop [64]=Oop [72]=Oop [80]=Oop }
                      ;*ifnull {reexecute=1 rethrow=0 return_oop=0}
                      ; - (reexecute) java.lang.ClassLoader::checkName@1
                      ; - java.lang.ClassLoader::preDefineClass@1
                      ; - java.lang.ClassLoader::defineClass@4
  0x000001fe9ed88844: b8f2 94fe 

  0x000001fe9ed88848: ;   {other}
  0x000001fe9ed88848: 0f1f 8400 | 3834 005e | ba45 ffff | ff48 8b6c | 2428 4c8b | 5424 504c | 8954 2420 | 4c8b 5424 
  0x000001fe9ed88868: 304c 8954 | 2428 448b | 5c24 3844 | 895c 2430 | 448b 5424 | 3c44 8954 | 2434 4c89 | 6c24 3890 
  0x000001fe9ed88888: ;   {runtime_call UncommonTrapBlob}
  0x000001fe9ed88888: c5f8 77e8 

  0x000001fe9ed8888c: ; ImmutableOopMap {rbp=Oop [32]=Oop [40]=Oop [56]=Oop [64]=Oop }
                      ;*ifnonnull {reexecute=1 rethrow=0 return_oop=0}
                      ; - (reexecute) java.lang.ClassLoader::preDefineClass@95
                      ; - java.lang.ClassLoader::defineClass@4
  0x000001fe9ed8888c: 70f2 94fe 

  0x000001fe9ed88890: ;   {other}
  0x000001fe9ed88890: 0f1f 8400 | 8034 005f | ba45 ffff | ff48 8b6c | 2428 4c8b | 5424 304c | 8954 2428 | 448b 5424 
  0x000001fe9ed888b0: 3844 8954 | 2430 448b | 5424 3c44 | 8954 2434 | 4c8b 5424 | 404c 8954 | 2438 4c89 | 6c24 4048 
  0x000001fe9ed888d0: 895c 2458 

  0x000001fe9ed888d4: ;   {runtime_call UncommonTrapBlob}
  0x000001fe9ed888d4: c5f8 77e8 

  0x000001fe9ed888d8: ; ImmutableOopMap {rbp=Oop [40]=Oop [56]=Oop [64]=Oop [72]=NarrowOop [80]=Oop [88]=Oop }
                      ;*ifnull {reexecute=1 rethrow=0 return_oop=0}
                      ; - (reexecute) java.lang.ClassLoader::checkCerts@30
                      ; - java.lang.ClassLoader::preDefineClass@113
                      ; - java.lang.ClassLoader::defineClass@4
  0x000001fe9ed888d8: 24f2 94fe 

  0x000001fe9ed888dc: ;   {other}
  0x000001fe9ed888dc: 0f1f 8400 | cc34 0060 | ba45 ffff | ff48 8b6c | 2428 4c8b | 5424 304c | 8954 2428 | 448b 5424 
  0x000001fe9ed888fc: 3844 8954 | 2430 448b | 4424 3c44 | 8944 2434 | 4c8b 5424 | 404c 8954 | 2438 4489 | 5c24 4490 
  0x000001fe9ed8891c: ;   {runtime_call UncommonTrapBlob}
  0x000001fe9ed8891c: c5f8 77e8 

  0x000001fe9ed88920: ; ImmutableOopMap {rbp=Oop [40]=Oop [56]=Oop [68]=NarrowOop [80]=Oop }
                      ;*ifnull {reexecute=1 rethrow=0 return_oop=0}
                      ; - (reexecute) java.lang.ClassLoader::defineClassSourceLocation@8
                      ; - java.lang.ClassLoader::defineClass@12
  0x000001fe9ed88920: dcf1 94fe 

  0x000001fe9ed88924: ;   {other}
  0x000001fe9ed88924: 0f1f 8400 | 1435 0061 | ba45 ffff | ff4c 8b54 | 2428 4c89 | 5424 2090 

  0x000001fe9ed8893c: ;   {runtime_call UncommonTrapBlob}
  0x000001fe9ed8893c: c5f8 77e8 

  0x000001fe9ed88940: ; ImmutableOopMap {rbp=NarrowOop [32]=Oop [48]=Oop [64]=Oop [80]=Oop }
                      ;*ifnull {reexecute=1 rethrow=0 return_oop=0}
                      ; - (reexecute) java.lang.ClassLoader::defineClassSourceLocation@15
                      ; - java.lang.ClassLoader::defineClass@12
  0x000001fe9ed88940: bcf1 94fe 

  0x000001fe9ed88944: ;   {other}
  0x000001fe9ed88944: 0f1f 8400 | 3435 0062 | baf6 ffff | ff66 6690 

  0x000001fe9ed88954: ;   {runtime_call UncommonTrapBlob}
  0x000001fe9ed88954: c5f8 77e8 

  0x000001fe9ed88958: ; ImmutableOopMap {}
                      ;*arraylength {reexecute=0 rethrow=0 return_oop=0}
                      ; - java.lang.String::isEmpty@4
                      ; - java.lang.NamedPackage::<init>@5
                      ; - java.lang.ClassLoader::getNamedPackage@22
                      ; - java.lang.ClassLoader::postDefineClass@9
                      ; - java.lang.ClassLoader::defineClass@37
  0x000001fe9ed88958: a4f1 94fe 

  0x000001fe9ed8895c: ;   {other}
  0x000001fe9ed8895c: 0f1f 8400 | 4c35 0063 | ba45 ffff | ff48 8b6c | 2420 4489 | 4424 2090 

  0x000001fe9ed88974: ;   {runtime_call UncommonTrapBlob}
  0x000001fe9ed88974: c5f8 77e8 

  0x000001fe9ed88978: ; ImmutableOopMap {rbp=Oop [32]=NarrowOop }
                      ;*ifnull {reexecute=1 rethrow=0 return_oop=0}
                      ; - (reexecute) java.lang.ClassLoader::postDefineClass@17
                      ; - java.lang.ClassLoader::defineClass@37
  0x000001fe9ed88978: 84f1 94fe 

  0x000001fe9ed8897c: ;   {other}
  0x000001fe9ed8897c: 0f1f 8400 | 6c35 0064 | baf6 ffff | ff8b e990 

  0x000001fe9ed8898c: ;   {runtime_call UncommonTrapBlob}
  0x000001fe9ed8898c: c5f8 77e8 

  0x000001fe9ed88990: ; ImmutableOopMap {}
                      ;*aaload {reexecute=0 rethrow=0 return_oop=0}
                      ; - java.security.CodeSource::getCertificates@50
                      ; - java.lang.ClassLoader::checkCerts@34
                      ; - java.lang.ClassLoader::preDefineClass@113
                      ; - java.lang.ClassLoader::defineClass@4
  0x000001fe9ed88990: 6cf1 94fe 

  0x000001fe9ed88994: ;   {other}
  0x000001fe9ed88994: 0f1f 8400 | 8435 0065 | baf6 ffff | ff66 6690 

  0x000001fe9ed889a4: ;   {runtime_call UncommonTrapBlob}
  0x000001fe9ed889a4: c5f8 77e8 

  0x000001fe9ed889a8: ; ImmutableOopMap {}
                      ;*invokevirtual getSignerCertPath {reexecute=0 rethrow=0 return_oop=0}
                      ; - java.security.CodeSource::getCertificates@51
                      ; - java.lang.ClassLoader::checkCerts@34
                      ; - java.lang.ClassLoader::preDefineClass@113
                      ; - java.lang.ClassLoader::defineClass@4
  0x000001fe9ed889a8: 54f1 94fe 

  0x000001fe9ed889ac: ;   {other}
  0x000001fe9ed889ac: 0f1f 8400 | 9c35 0066 | baf6 ffff | ff66 6690 

  0x000001fe9ed889bc: ;   {runtime_call UncommonTrapBlob}
  0x000001fe9ed889bc: c5f8 77e8 

  0x000001fe9ed889c0: ; ImmutableOopMap {}
                      ;*invokevirtual getCertificates {reexecute=0 rethrow=0 return_oop=0}
                      ; - java.security.CodeSource::getCertificates@54
                      ; - java.lang.ClassLoader::checkCerts@34
                      ; - java.lang.ClassLoader::preDefineClass@113
                      ; - java.lang.ClassLoader::defineClass@4
  0x000001fe9ed889c0: 3cf1 94fe 

  0x000001fe9ed889c4: ;   {other}
  0x000001fe9ed889c4: 0f1f 8400 | b435 0067 | baf6 ffff | ff66 6690 

  0x000001fe9ed889d4: ;   {runtime_call UncommonTrapBlob}
  0x000001fe9ed889d4: c5f8 77e8 

  0x000001fe9ed889d8: ; ImmutableOopMap {}
                      ;*arraylength {reexecute=0 rethrow=0 return_oop=0}
                      ; - java.security.CodeSource::getCertificates@40
                      ; - java.lang.ClassLoader::checkCerts@34
                      ; - java.lang.ClassLoader::preDefineClass@113
                      ; - java.lang.ClassLoader::defineClass@4
  0x000001fe9ed889d8: 24f1 94fe 

  0x000001fe9ed889dc: ;   {other}
  0x000001fe9ed889dc: 0f1f 8400 | cc35 0068 | baf6 ffff | ff41 8be9 

  0x000001fe9ed889ec: ;   {runtime_call UncommonTrapBlob}
  0x000001fe9ed889ec: c5f8 77e8 

  0x000001fe9ed889f0: ; ImmutableOopMap {}
                      ;*aaload {reexecute=0 rethrow=0 return_oop=0}
                      ; - java.security.CodeSource::getCertificates@50
                      ; - java.lang.ClassLoader::postDefineClass@24
                      ; - java.lang.ClassLoader::defineClass@37
  0x000001fe9ed889f0: 0cf1 94fe 

  0x000001fe9ed889f4: ;   {other}
  0x000001fe9ed889f4: 0f1f 8400 | e435 0069 | baf6 ffff | ff66 6690 

  0x000001fe9ed88a04: ;   {runtime_call UncommonTrapBlob}
  0x000001fe9ed88a04: c5f8 77e8 

  0x000001fe9ed88a08: ; ImmutableOopMap {}
                      ;*invokevirtual getSignerCertPath {reexecute=0 rethrow=0 return_oop=0}
                      ; - java.security.CodeSource::getCertificates@51
                      ; - java.lang.ClassLoader::postDefineClass@24
                      ; - java.lang.ClassLoader::defineClass@37
  0x000001fe9ed88a08: f4f0 94fe 

  0x000001fe9ed88a0c: ;   {other}
  0x000001fe9ed88a0c: 0f1f 8400 | fc35 006a | baf6 ffff | ff66 6690 

  0x000001fe9ed88a1c: ;   {runtime_call UncommonTrapBlob}
  0x000001fe9ed88a1c: c5f8 77e8 

  0x000001fe9ed88a20: ; ImmutableOopMap {}
                      ;*invokevirtual getCertificates {reexecute=0 rethrow=0 return_oop=0}
                      ; - java.security.CodeSource::getCertificates@54
                      ; - java.lang.ClassLoader::postDefineClass@24
                      ; - java.lang.ClassLoader::defineClass@37
  0x000001fe9ed88a20: dcf0 94fe 

  0x000001fe9ed88a24: ;   {other}
  0x000001fe9ed88a24: 0f1f 8400 | 1436 006b | baf6 ffff | ff66 6690 

  0x000001fe9ed88a34: ;   {runtime_call UncommonTrapBlob}
  0x000001fe9ed88a34: c5f8 77e8 

  0x000001fe9ed88a38: ; ImmutableOopMap {}
                      ;*arraylength {reexecute=0 rethrow=0 return_oop=0}
                      ; - java.security.CodeSource::getCertificates@40
                      ; - java.lang.ClassLoader::postDefineClass@24
                      ; - java.lang.ClassLoader::defineClass@37
  0x000001fe9ed88a38: c4f0 94fe 

  0x000001fe9ed88a3c: ;   {other}
  0x000001fe9ed88a3c: 0f1f 8400 | 2c36 006c | baf4 ffff | ff4c 8b54 | 2430 4c89 | 5424 2844 | 8b54 2438 | 4489 5424 
  0x000001fe9ed88a5c: 3044 8b5c | 243c 4489 | 5c24 344c | 8b54 2440 | 4c89 5424 | 384c 8b54 | 2458 4c89 | 5424 4090 
  0x000001fe9ed88a7c: ;   {runtime_call UncommonTrapBlob}
  0x000001fe9ed88a7c: c5f8 77e8 

  0x000001fe9ed88a80: ; ImmutableOopMap {rbp=Oop [32]=Oop [40]=Oop [56]=Oop [64]=Oop [72]=NarrowOop [112]=Oop }
                      ;*checkcast {reexecute=0 rethrow=0 return_oop=0}
                      ; - java.security.CodeSource::getCertificates@76
                      ; - java.lang.ClassLoader::checkCerts@34
                      ; - java.lang.ClassLoader::preDefineClass@113
                      ; - java.lang.ClassLoader::defineClass@4
  0x000001fe9ed88a80: 7cf0 94fe 

  0x000001fe9ed88a84: ;   {other}
  0x000001fe9ed88a84: 0f1f 8400 | 7436 006d | baf4 ffff | ff66 6690 

  0x000001fe9ed88a94: ;   {runtime_call UncommonTrapBlob}
  0x000001fe9ed88a94: c5f8 77e8 

  0x000001fe9ed88a98: ; ImmutableOopMap {rbp=NarrowOop [32]=Oop [40]=Oop }
                      ;*checkcast {reexecute=0 rethrow=0 return_oop=0}
                      ; - java.security.CodeSource::getCertificates@76
                      ; - java.lang.ClassLoader::postDefineClass@24
                      ; - java.lang.ClassLoader::defineClass@37
  0x000001fe9ed88a98: 64f0 94fe 

  0x000001fe9ed88a9c: ;   {other}
  0x000001fe9ed88a9c: 0f1f 8400 | 8c36 006e | ba97 ffff | ff4c 8b54 | 2430 4c89 | 5424 2844 | 8b54 2438 | 4489 5424 
  0x000001fe9ed88abc: 3044 8b5c | 243c 4489 | 5c24 344c | 8b54 2440 | 4c89 5424 | 3848 896c | 2450 4c8b | 5424 784c 
  0x000001fe9ed88adc: 8954 2460 

  0x000001fe9ed88ae0: ;   {runtime_call UncommonTrapBlob}
  0x000001fe9ed88ae0: c5f8 77e8 

  0x000001fe9ed88ae4: ; ImmutableOopMap {[32]=Oop [40]=Oop [56]=Oop [72]=NarrowOop [80]=Oop [96]=Oop [104]=Oop [112]=NarrowOop [120]=Oop }
                      ;*invokevirtual clone {reexecute=1 rethrow=0 return_oop=0}
                      ; - (reexecute) java.util.Arrays::copyOfRange@18
                      ; - java.lang.StringLatin1::newString@16
                      ; - java.lang.String::substring@41
                      ; - java.lang.ClassLoader::checkCerts@21
                      ; - java.lang.ClassLoader::preDefineClass@113
                      ; - java.lang.ClassLoader::defineClass@4
  0x000001fe9ed88ae4: 18f0 94fe 

  0x000001fe9ed88ae8: ;   {other}
  0x000001fe9ed88ae8: 0f1f 8400 | d836 006f | ba97 ffff | ff48 8b6c | 2430 6690 

  0x000001fe9ed88afc: ;   {runtime_call UncommonTrapBlob}
  0x000001fe9ed88afc: c5f8 77e8 

  0x000001fe9ed88b00: ; ImmutableOopMap {rbp=Oop [32]=Oop [40]=Oop [56]=NarrowOop [72]=Oop }
                      ;*invokevirtual clone {reexecute=1 rethrow=0 return_oop=0}
                      ; - (reexecute) java.util.Arrays::copyOfRange@18
                      ; - java.lang.StringLatin1::newString@16
                      ; - java.lang.String::substring@41
                      ; - java.lang.Class::getPackageName@62
                      ; - java.lang.ClassLoader::postDefineClass@2
                      ; - java.lang.ClassLoader::defineClass@37
  0x000001fe9ed88b00: fcef 94fe 

  0x000001fe9ed88b04: ;   {other}
  0x000001fe9ed88b04: 0f1f 8400 | f436 0070 | ba97 ffff | ff48 8b6c | 2428 4c8b | 5424 304c | 8954 2428 | 448b 5c24 
  0x000001fe9ed88b24: 3844 895c | 2430 448b | 5424 3c44 | 8954 2434 | 4c8b 5424 | 404c 8954 | 2438 4c8b | 5424 584c 
  0x000001fe9ed88b44: 8954 2440 | 4c8b 5424 | 204c 8954 | 2450 6690 

  0x000001fe9ed88b54: ;   {runtime_call UncommonTrapBlob}
  0x000001fe9ed88b54: c5f8 77e8 

  0x000001fe9ed88b58: ; ImmutableOopMap {rbp=Oop [40]=Oop [56]=Oop [64]=Oop [76]=NarrowOop [80]=Oop [96]=Oop }
                      ;*invokevirtual clone {reexecute=1 rethrow=0 return_oop=0}
                      ; - (reexecute) java.security.CodeSource::getCertificates@11
                      ; - java.lang.ClassLoader::checkCerts@34
                      ; - java.lang.ClassLoader::preDefineClass@113
                      ; - java.lang.ClassLoader::defineClass@4
  0x000001fe9ed88b58: a4ef 94fe 

  0x000001fe9ed88b5c: ;   {other}
  0x000001fe9ed88b5c: 0f1f 8400 | 4c37 0071 | ba97 ffff | ff48 8b6c | 2428 6690 

  0x000001fe9ed88b70: ;   {runtime_call UncommonTrapBlob}
  0x000001fe9ed88b70: c5f8 77e8 

  0x000001fe9ed88b74: ; ImmutableOopMap {rbp=Oop [32]=Oop [48]=NarrowOop }
                      ;*invokevirtual clone {reexecute=1 rethrow=0 return_oop=0}
                      ; - (reexecute) java.security.CodeSource::getCertificates@11
                      ; - java.lang.ClassLoader::postDefineClass@24
                      ; - java.lang.ClassLoader::defineClass@37
  0x000001fe9ed88b74: 88ef 94fe 

  0x000001fe9ed88b78: ;   {other}
  0x000001fe9ed88b78: 0f1f 8400 | 6837 0072 | ba97 ffff | ff4c 8b54 | 2458 4c89 | 5424 4890 

  0x000001fe9ed88b90: ;   {runtime_call UncommonTrapBlob}
  0x000001fe9ed88b90: c5f8 77e8 

  0x000001fe9ed88b94: ; ImmutableOopMap {rbp=Oop [32]=Oop [40]=Oop [48]=Oop [64]=Oop [72]=Oop [112]=Oop }
                      ;*invokevirtual clone {reexecute=1 rethrow=0 return_oop=0}
                      ; - (reexecute) java.security.CodeSource::getCertificates@86
                      ; - java.lang.ClassLoader::checkCerts@34
                      ; - java.lang.ClassLoader::preDefineClass@113
                      ; - java.lang.ClassLoader::defineClass@4
  0x000001fe9ed88b94: 68ef 94fe 

  0x000001fe9ed88b98: ;   {other}
  0x000001fe9ed88b98: 0f1f 8400 | 8837 0073 | ba97 ffff | ff66 6690 

  0x000001fe9ed88ba8: ;   {runtime_call UncommonTrapBlob}
  0x000001fe9ed88ba8: c5f8 77e8 

  0x000001fe9ed88bac: ; ImmutableOopMap {[32]=Oop [40]=Oop [56]=Oop }
                      ;*invokevirtual clone {reexecute=1 rethrow=0 return_oop=0}
                      ; - (reexecute) java.security.CodeSource::getCertificates@86
                      ; - java.lang.ClassLoader::postDefineClass@24
                      ; - java.lang.ClassLoader::defineClass@37
  0x000001fe9ed88bac: 50ef 94fe 

  0x000001fe9ed88bb0: ;   {other}
  0x000001fe9ed88bb0: 0f1f 8400 | a037 0074 | eb25 eb23 | eb26 eb24 | eb3d eb42 | eb39 488b | d0eb 4d48 | 8bd0 eb48 
  0x000001fe9ed88bd0: eb1e eb0b | eb0e eb2e | 488b d0eb | 3beb 2748 | 8bd0 eb34 | 488b d0eb | 2feb 0048 | 8bd0 eb28 
  0x000001fe9ed88bf0: 488b d0eb | 23eb 0feb | 06eb 0beb | 09eb 0748 | 8bd0 eb14 | eb00 488b | d0eb 0d48 | 8bd0 eb08 
  0x000001fe9ed88c10: 488b d0eb | 0348 8bd0 | c5f8 7748 | 81c4 c000 

  0x000001fe9ed88c20: ;   {runtime_call _rethrow_Java}
  0x000001fe9ed88c20: 0000 5de9 | d8db a1fe 

  0x000001fe9ed88c28: ;   {internal_word}
  0x000001fe9ed88c28: 49ba 8063 | d89e fe01 | 0000 4d89 | 9768 0400 

  0x000001fe9ed88c38: ;   {runtime_call SafepointBlob}
  0x000001fe9ed88c38: 00e9 42dd 

  0x000001fe9ed88c3c: ;   {runtime_call StubRoutines (final stubs)}
  0x000001fe9ed88c3c: 94fe e89d | 4493 fee9 | d6cc ffff 
[Stub Code]
  0x000001fe9ed88c48: ;   {no_reloc}
  0x000001fe9ed88c48: 48bb 0000 | 0000 0000 

  0x000001fe9ed88c50: ;   {runtime_call nmethod}
  0x000001fe9ed88c50: 0000 e9fb 

  0x000001fe9ed88c54: ;   {static_stub}
  0x000001fe9ed88c54: ffff ff48 | bb00 0000 | 0000 0000 

  0x000001fe9ed88c60: ;   {runtime_call nmethod}
  0x000001fe9ed88c60: 00e9 fbff 

  0x000001fe9ed88c64: ;   {static_stub}
  0x000001fe9ed88c64: ffff 48bb | 0000 0000 | 0000 0000 

  0x000001fe9ed88c70: ;   {runtime_call nmethod}
  0x000001fe9ed88c70: e9fb ffff 

  0x000001fe9ed88c74: ;   {static_stub}
  0x000001fe9ed88c74: ff48 bb00 | 0000 0000 

  0x000001fe9ed88c7c: ;   {runtime_call nmethod}
  0x000001fe9ed88c7c: 0000 00e9 | fbff ffff 

  0x000001fe9ed88c84: ;   {static_stub}
  0x000001fe9ed88c84: 48bb 0000 | 0000 0000 

  0x000001fe9ed88c8c: ;   {runtime_call nmethod}
  0x000001fe9ed88c8c: 0000 e9fb 

  0x000001fe9ed88c90: ;   {static_stub}
  0x000001fe9ed88c90: ffff ff48 | bb00 0000 | 0000 0000 

  0x000001fe9ed88c9c: ;   {runtime_call nmethod}
  0x000001fe9ed88c9c: 00e9 fbff 

  0x000001fe9ed88ca0: ;   {static_stub}
  0x000001fe9ed88ca0: ffff 48bb | 0000 0000 | 0000 0000 

  0x000001fe9ed88cac: ;   {runtime_call nmethod}
  0x000001fe9ed88cac: e9fb ffff 

  0x000001fe9ed88cb0: ;   {static_stub}
  0x000001fe9ed88cb0: ff48 bb00 | 0000 0000 

  0x000001fe9ed88cb8: ;   {runtime_call nmethod}
  0x000001fe9ed88cb8: 0000 00e9 | fbff ffff 

  0x000001fe9ed88cc0: ;   {static_stub}
  0x000001fe9ed88cc0: 48bb 0000 | 0000 0000 

  0x000001fe9ed88cc8: ;   {runtime_call nmethod}
  0x000001fe9ed88cc8: 0000 e9fb 

  0x000001fe9ed88ccc: ;   {static_stub}
  0x000001fe9ed88ccc: ffff ff48 | bb00 0000 | 0000 0000 

  0x000001fe9ed88cd8: ;   {runtime_call nmethod}
  0x000001fe9ed88cd8: 00e9 fbff 

  0x000001fe9ed88cdc: ;   {static_stub}
  0x000001fe9ed88cdc: ffff 48bb | 0000 0000 | 0000 0000 

  0x000001fe9ed88ce8: ;   {runtime_call nmethod}
  0x000001fe9ed88ce8: e9fb ffff 

  0x000001fe9ed88cec: ;   {static_stub}
  0x000001fe9ed88cec: ff48 bb00 | 0000 0000 

  0x000001fe9ed88cf4: ;   {runtime_call nmethod}
  0x000001fe9ed88cf4: 0000 00e9 | fbff ffff 

  0x000001fe9ed88cfc: ;   {static_stub}
  0x000001fe9ed88cfc: 48bb 0000 | 0000 0000 

  0x000001fe9ed88d04: ;   {runtime_call nmethod}
  0x000001fe9ed88d04: 0000 e9fb 

  0x000001fe9ed88d08: ;   {static_stub}
  0x000001fe9ed88d08: ffff ff48 | bb00 0000 | 0000 0000 

  0x000001fe9ed88d14: ;   {runtime_call nmethod}
  0x000001fe9ed88d14: 00e9 fbff 

  0x000001fe9ed88d18: ;   {static_stub}
  0x000001fe9ed88d18: ffff 48bb | 0000 0000 | 0000 0000 

  0x000001fe9ed88d24: ;   {runtime_call nmethod}
  0x000001fe9ed88d24: e9fb ffff 

  0x000001fe9ed88d28: ;   {static_stub}
  0x000001fe9ed88d28: ff48 bb00 | 0000 0000 

  0x000001fe9ed88d30: ;   {runtime_call nmethod}
  0x000001fe9ed88d30: 0000 00e9 | fbff ffff 

  0x000001fe9ed88d38: ;   {static_stub}
  0x000001fe9ed88d38: 48bb 0000 | 0000 0000 

  0x000001fe9ed88d40: ;   {runtime_call nmethod}
  0x000001fe9ed88d40: 0000 e9fb 

  0x000001fe9ed88d44: ;   {static_stub}
  0x000001fe9ed88d44: ffff ff48 | bb00 0000 | 0000 0000 

  0x000001fe9ed88d50: ;   {runtime_call nmethod}
  0x000001fe9ed88d50: 00e9 fbff 

  0x000001fe9ed88d54: ;   {static_stub}
  0x000001fe9ed88d54: ffff 48bb | 0000 0000 | 0000 0000 

  0x000001fe9ed88d60: ;   {runtime_call nmethod}
  0x000001fe9ed88d60: e9fb ffff 

  0x000001fe9ed88d64: ;   {static_stub}
  0x000001fe9ed88d64: ff48 bb00 | 0000 0000 

  0x000001fe9ed88d6c: ;   {runtime_call nmethod}
  0x000001fe9ed88d6c: 0000 00e9 | fbff ffff 
[Exception Handler]
  0x000001fe9ed88d74: ;   {runtime_call ExceptionBlob}
  0x000001fe9ed88d74: e987 4aa1 | fee8 0000 | 0000 4883 

  0x000001fe9ed88d80: ;   {runtime_call DeoptimizationBlob}
  0x000001fe9ed88d80: 2c24 05e9 | 98f0 94fe 
[/MachCode]


Compiled method (c2) 143566 35398   !   4       java.net.URLClassLoader::defineClass (224 bytes)
 total in heap  [0x000001fe9f488e10,0x000001fe9f48bc08] = 11768
 relocation     [0x000001fe9f488f70,0x000001fe9f489140] = 464
 main code      [0x000001fe9f489140,0x000001fe9f48a878] = 5944
 stub code      [0x000001fe9f48a878,0x000001fe9f48a928] = 176
 oops           [0x000001fe9f48a928,0x000001fe9f48a958] = 48
 metadata       [0x000001fe9f48a958,0x000001fe9f48ac18] = 704
 scopes data    [0x000001fe9f48ac18,0x000001fe9f48b5a0] = 2440
 scopes pcs     [0x000001fe9f48b5a0,0x000001fe9f48b910] = 880
 dependencies   [0x000001fe9f48b910,0x000001fe9f48b9d8] = 200
 handler table  [0x000001fe9f48b9d8,0x000001fe9f48bba0] = 456
 nul chk table  [0x000001fe9f48bba0,0x000001fe9f48bc08] = 104

[Constant Pool (empty)]

[MachCode]
[Entry Point]
  # {method} {0x000001feb662f158} 'defineClass' '(Ljava/lang/String;Ljdk/internal/loader/Resource;)Ljava/lang/Class;' in 'java/net/URLClassLoader'
  # this:     rdx:rdx   = 'java/net/URLClassLoader'
  # parm0:    r8:r8     = 'java/lang/String'
  # parm1:    r9:r9     = 'jdk/internal/loader/Resource'
  #           [sp+0xb0]  (sp of caller)
  0x000001fe9f489140: 448b 5208 | 49bb 0000 | 0000 0800 | 0000 4d03 | d349 3bc2 

  0x000001fe9f489154: ;   {runtime_call ic_miss_stub}
  0x000001fe9f489154: 0f85 2658 | 24fe 6690 | 0f1f 4000 
[Verified Entry Point]
  0x000001fe9f489160: 8984 2400 | 80ff ff55 | 4881 eca0 | 0000 0090 | 4181 7f20 | 3800 0000 | 0f85 ec16 | 0000 4c89 
  0x000001fe9f489180: 4c24 3848 | 8954 2430 | 4c89 4424 | 28c5 f877 | 49ba 2025 | 4f5e fa7f | 0000 41ff 

  0x000001fe9f48919c: ;   {other}
  0x000001fe9f48919c: d20f 1f84 | 0000 0000 | 0048 8944 | 2440 4c8b | 5424 2845 | 8b5a 1443 | 8b7c dc0c | 410f be5a 
  0x000001fe9f4891bc: 10c4 6262 | f7c7 458d | 48ff 85db | 0f85 e210 | 0000 448d | 57ff 453b | d145 0f4f | d14b 8d0c 
  0x000001fe9f4891dc: dc45 85d2 | 7c30 6666 | 0f1f 8400 | 0000 0000 | 6666 6690 | 443b d70f | 83e7 0d00 | 0042 807c 
  0x000001fe9f4891fc: 1110 2e74 | 1749 8b9f | 5804 0000 

  0x000001fe9f489208: ; ImmutableOopMap {r11=NarrowOop rcx=Oop [40]=Oop [48]=Oop [56]=Oop }
                      ;*goto {reexecute=1 rethrow=0 return_oop=0}
                      ; - (reexecute) java.lang.StringLatin1::lastIndexOf@35
                      ; - java.lang.String::lastIndexOf@13
                      ; - java.lang.String::lastIndexOf@8
                      ; - java.net.URLClassLoader::defineClass@7
                      ;   {poll}
  0x000001fe9f489208: 41ff ca85 | 0345 85d2 | 7dde 41ba | ffff ffff | 4c8b 4c24 | 3841 8b59 

  0x000001fe9f489220: ;   {metadata('jdk/internal/loader/URLClassPath$JarLoader$2')}
  0x000001fe9f489220: 0881 fb10 | 9509 000f | 8520 0800 | 0041 8b59 | 2041 8b5c | dc1c 895c | 2448 4183 | faff 0f84 
  0x000001fe9f489240: 1102 0000 | 4585 d20f | 8cbf 1000 | 0045 3bd0 | 0f8f 4a11 | 0000 453b | d00f 8482 | 0700 0045 
  0x000001fe9f489260: 85d2 0f84 | 0308 0000 | 498b 9fb8 | 0100 004c | 8bc3 4983 | c018 4d3b | 87c8 0100 | 000f 833a 
  0x000001fe9f489280: 0c00 004d | 8987 b801 | 0000 410f | 0d88 c000 | 0000 48c7 | 0301 0000 | 004c 8bc3 | 4983 c010 
  0x000001fe9f4892a0: ;   {metadata('java/lang/String')}
  0x000001fe9f4892a0: c743 0890 | 2004 0044 | 8963 0cc5 | fdef c0c4 | c179 d600 | 4f8d 4cdc | 1044 3bd7 | 0f84 4706 
  0x000001fe9f4892c0: 0000 4181 | fa00 0010 | 000f 87f1 | 0e00 0049 | 63c2 413b | fa8b ef41 | 0f4f ea3b | fd0f 8258 
  0x000001fe9f4892e0: 0f00 0044 | 3bd5 0f82 | 4f0f 0000 | 4883 c017 | 4c8b c049 | 83e0 f841 | 81fa 0000 | 1000 0f87 
  0x000001fe9f489300: 440c 0000 | 498b b7b8 | 0100 004c | 8bde 4d03 | d84d 3b9f | c801 0000 | 0f83 2a0c | 0000 4d89 
  0x000001fe9f489320: 9fb8 0100 | 0041 0f0d | 8bc0 0000 | 0048 c706 | 0100 0000 | 410f 0d8b | 0001 0000 

  0x000001fe9f48933c: ;   {metadata({type array byte})}
  0x000001fe9f48933c: c746 08c8 | 0a04 0044 | 8956 0c41 | 0f0d 8b40 | 0100 0041 | 0f0d 8b80 | 0100 004c | 8bde 4983 
  0x000001fe9f48935c: c310 48c1 | e803 85ed | 0f84 5e0e | 0000 413b | ea0f 8c31 | 0800 0049 | 83c0 f049 | c1e8 0349 
  0x000001fe9f48937c: 8bc9 498b | d3c5 f877 | 49ba 8091 | 6b9d fe01 | 0000 41ff 

  0x000001fe9f489390: ;   {other}
  0x000001fe9f489390: d20f 1f84 | 0000 0000 | 0041 807f | 4000 0f85 | 7807 0000 | 4c8b d34c | 8bde 49c1 | eb03 4489 
  0x000001fe9f4893b0: 5b14 4c8b | de4d 33da | 49c1 eb15 | 4d85 db74 | 1a49 c1ea | 0948 b900 | 00ea aafe | 0100 0049 
  0x000001fe9f4893d0: 03ca 8039 | 020f 8578 | 0700 0044 | 8863 1048 | 895c 2420 | 4c8b 5424 | 3845 8b52 

  0x000001fe9f4893ec: ;   {metadata('jdk/internal/loader/URLClassPath$JarLoader$2')}
  0x000001fe9f4893ec: 0841 81fa | 1095 0900 | 0f85 8006 | 0000 488b | 5424 3848 | 8bea 6690 

  0x000001fe9f489404: ;   {optimized virtual_call}
  0x000001fe9f489404: c5f8 77e8 

  0x000001fe9f489408: ; ImmutableOopMap {rbp=Oop [32]=Oop [40]=Oop [48]=Oop [56]=Oop [72]=NarrowOop }
                      ;*invokevirtual getManifest {reexecute=0 rethrow=0 return_oop=1}
                      ; - java.net.URLClassLoader::defineClass@34
  0x000001fe9f489408: 346a a3ff 

  0x000001fe9f48940c: ;   {other}
  0x000001fe9f48940c: 0f1f 8400 | fc05 0001 | 4889 4424 | 5844 8b5c | 2448 4d8b | d349 c1e2 | 034c 8954 | 2450 488b 
  0x000001fe9f48942c: 5424 304c | 8b44 2420 | 4c8b 4c24 | 5849 8bfa 

  0x000001fe9f48943c: ;   {optimized virtual_call}
  0x000001fe9f48943c: c5f8 77e8 

  0x000001fe9f489440: ; ImmutableOopMap {[32]=Oop [40]=Oop [48]=Oop [56]=Oop [72]=NarrowOop [80]=Oop [88]=Oop }
                      ;*invokevirtual getAndVerifyPackage {reexecute=0 rethrow=0 return_oop=1}
                      ; - java.net.URLClassLoader::defineClass@46
  0x000001fe9f489440: 9c3b 76ff 

  0x000001fe9f489444: ;   {other}
  0x000001fe9f489444: 0f1f 8400 | 3406 0002 | 4885 c00f | 8448 0500 | 0048 8b54 | 2438 6690 

  0x000001fe9f48945c: ;   {optimized virtual_call}
  0x000001fe9f48945c: c5f8 77e8 

  0x000001fe9f489460: ; ImmutableOopMap {[40]=Oop [48]=Oop [56]=Oop [72]=NarrowOop }
                      ;*invokevirtual cachedInputStream {reexecute=0 rethrow=0 return_oop=1}
                      ; - jdk.internal.loader.Resource::getByteBuffer@1
                      ; - java.net.URLClassLoader::defineClass@132
  0x000001fe9f489460: 7c8d 95ff 

  0x000001fe9f489464: ;   {other}
  0x000001fe9f489464: 0f1f 8400 | 5406 0003 | 4c8b d044 

  0x000001fe9f489470: ;   {metadata('sun/nio/ByteBuffered')}
  0x000001fe9f489470: 8b58 0848 | b868 9f09 | 0008 0000 | 0048 be00 | 0000 0008 | 0000 0049 | 03f3 4c8b | 5e20 4c3b 
  0x000001fe9f489490: d80f 84f9 | 0b00 0048 | 33ff 4c8b | 9ea0 0000 | 0049 8bd3 | 48c1 e230 | 0f89 2100 | 0000 f348 
  0x000001fe9f4894b0: 0fb8 d248 | 8b5e 2848 | 3b04 d374 | 1549 0fba | e310 730b | 49c1 cb0f 

  0x000001fe9f4894c8: ;   {runtime_call StubRoutines (compiler stubs)}
  0x000001fe9f4894c8: e8a7 b327 | feeb 0348 | ffc7 4885 | ff0f 84b5 | 0b00 004c | 8b54 2438 | 458b 5a08 

  0x000001fe9f4894e4: ;   {metadata('jdk/internal/loader/URLClassPath$JarLoader$2')}
  0x000001fe9f4894e4: 4181 fb10 | 9509 000f | 8513 0500 | 004c 8954 | 2420 498b | d249 8bea 

  0x000001fe9f4894fc: ;   {optimized virtual_call}
  0x000001fe9f4894fc: c5f8 77e8 

  0x000001fe9f489500: ; ImmutableOopMap {rbp=Oop [32]=Oop [40]=Oop [48]=Oop [56]=Oop [72]=NarrowOop }
                      ;*invokespecial getBytes {reexecute=0 rethrow=0 return_oop=1}
                      ; - jdk.internal.loader.URLClassPath$JarLoader$2::getBytes@1
                      ; - java.net.URLClassLoader::defineClass@179
  0x000001fe9f489500: 1cbb 72ff 

  0x000001fe9f489504: ;   {other}
  0x000001fe9f489504: 0f1f 8400 | f406 0004 | 488b d844 | 8b40 0c45 | 85c0 760d | 418d 68ff | 413b e80f | 834f 0d00 
  0x000001fe9f489524: 0048 8bd0 | 4883 c210 | 33c9 c5f8 | 7749 baa0 | 1468 9dfe | 0100 0041 

  0x000001fe9f48953c: ;   {other}
  0x000001fe9f48953c: ffd2 0f1f | 8400 0000 | 0000 4c8b | 5424 2045 | 8b52 1c4f | 8b54 d418 | 448b d84d | 3bda 0f85 
  0x000001fe9f48955c: 6c0e 0000 | 4889 5c24 | 504c 8b54 | 2438 458b 

  0x000001fe9f48956c: ;   {metadata('jdk/internal/loader/URLClassPath$JarLoader$2')}
  0x000001fe9f48956c: 5208 4181 | fa10 9509 | 000f 8575 | 0400 0048 | 8b54 2438 

  0x000001fe9f489580: ;   {optimized virtual_call}
  0x000001fe9f489580: c5f8 77e8 

  0x000001fe9f489584: ; ImmutableOopMap {[40]=Oop [48]=Oop [72]=NarrowOop [80]=Oop }
                      ;*invokevirtual getCodeSigners {reexecute=0 rethrow=0 return_oop=1}
                      ; - java.net.URLClassLoader::defineClass@185
  0x000001fe9f489584: 18b3 fdff 

  0x000001fe9f489588: ;   {other}
  0x000001fe9f489588: 0f1f 8400 | 7807 0005 | 4d8b 87b8 | 0100 004d | 8bd0 4983 | c228 4d3b | 97c8 0100 | 000f 834b 
  0x000001fe9f4895a8: 0800 004d | 8997 b801 | 0000 410f | 0d8a c000 | 0000 49c7 | 0001 0000 | 004d 8bd0 | 4983 c210 
  0x000001fe9f4895c8: ;   {metadata('java/security/CodeSource')}
  0x000001fe9f4895c8: 41c7 4008 | 185b 0500 | 4589 600c | c5fd efc0 | 41bb 0700 | 0000 c4c1 | 7892 fb62 | d1fe 2f7f 
  0x000001fe9f4895e8: 0244 8b54 | 2448 4589 | 500c 4585 | d20f 8435 | 0d00 004c | 8944 2438 | 4889 4424 | 204b 8d14 
  0x000001fe9f489608: d449 8be8 

  0x000001fe9f48960c: ;   {static_call}
  0x000001fe9f48960c: c5f8 77e8 

  0x000001fe9f489610: ; ImmutableOopMap {rbp=Oop [32]=Oop [40]=Oop [48]=Oop [56]=Oop [80]=Oop }
                      ;*invokestatic urlNoFragString {reexecute=0 rethrow=0 return_oop=1}
                      ; - java.security.CodeSource::<init>@30
                      ; - java.net.URLClassLoader::defineClass@198
  0x000001fe9f489610: ec7d c8f2 

  0x000001fe9f489614: ;   {other}
  0x000001fe9f489614: 0f1f 8400 | 0408 0006 | 488b d841 | 807f 4000 | 0f85 6a04 | 0000 4c8b | d349 c1ea | 0344 8955 
  0x000001fe9f489634: 204c 8bd3 | 4c8b dd4d | 33d3 49c1 | ea15 4d85 | d274 1f48 | 85db 741a | 49c1 eb09 | 48b9 0000 
  0x000001fe9f489654: eaaa fe01 | 0000 4903 | cb80 3902 | 0f85 6504 | 0000 4c8b | 4424 204d | 85c0 0f85 | 3d06 0000 
  0x000001fe9f489674: c5f8 7749 | ba20 254f | 5efa 7f00 | 0041 ffd2 

  0x000001fe9f489684: ;   {other}
  0x000001fe9f489684: 0f1f 8400 | 0000 0000 | 4c8b c04c | 2b44 2440 

  0x000001fe9f489694: ;   {oop(a 'jdk/internal/perf/PerfCounter'{0x00000007ffe06dd0})}
  0x000001fe9f489694: 49bb d06d | e0ff 0700 | 0000 488d | 9c24 8000 | 0000 498b | 03a8 020f | 8523 0000 | 0048 83c8 
  0x000001fe9f4896b4: 0148 8903 | f049 0fb1 | 1b0f 8437 | 0000 0048 | 2bc4 4825 | 07f0 ffff | 4889 03e9 | 2400 0000 
  0x000001fe9f4896d4: 4c8b d048 | 33c0 f04d | 0fb1 7a3e | 48c7 0303 | 0000 0074 | 114c 3bf8 | 7515 49ff | 8286 0000 
  0x000001fe9f4896f4: 0048 33c0 | 7509 49ff | 8750 0500 | 0033 c00f | 85f3 0900 

  0x000001fe9f489708: ;   {oop(a 'jdk/internal/perf/PerfCounter'{0x00000007ffe06dd0})}
  0x000001fe9f489708: 0049 bad0 | 6de0 ff07 | 0000 0045 | 8b5a 1043 | 8b6c dc24 | 85ed 0f85 | 500c 0000 | 438b 6cdc 
  0x000001fe9f489728: 1c85 ed0f | 8c06 0a00 | 0085 ed0f | 8497 0900 | 004f 8b54 | dc10 4d01 

  0x000001fe9f489740: ;   {oop(a 'jdk/internal/perf/PerfCounter'{0x00000007ffe06dd0})}
  0x000001fe9f489740: 0249 bbd0 | 6de0 ff07 | 0000 0048 | 8d84 2480 | 0000 0048 | 8338 000f | 8479 0000 | 004d 8b13 
  0x000001fe9f489760: 41f6 c202 | 0f84 6200 | 0000 4983 | ba86 0000 | 0000 7409 | 49ff 8a86 | 0000 00eb | 4b49 8b82 
  0x000001fe9f489780: 9600 0000 | 490b 828e | 0000 0075 | 0a49 c742 | 3e00 0000 | 00eb 3d49 | 83ba 9e00 | 0000 0074 
  0x000001fe9f4897a0: 2248 33c0 | 49c7 423e | 0000 0000 | f083 0424 | 0049 83ba | 9e00 0000 | 0075 0df0 | 4d0f b17a 
  0x000001fe9f4897c0: 3e75 0583 | c801 eb0c | a800 eb08 | 4c8b 10f0 | 4d0f b113 | 750a 49ff | 8f50 0500 | 0045 33d2 
  0x000001fe9f4897e0: 0f85 7a09 | 0000 4c8b | 5424 5045 | 8b52 0c4d | 8b87 b801 | 0000 4d8b | d849 83c3 | 104d 3b9f 
  0x000001fe9f489800: c801 0000 | 0f83 8006 | 0000 4d89 | 9fb8 0100 | 0041 0f0d | 8bc0 0000 | 0049 c700 | 0100 0000 
  0x000001fe9f489820: ;   {metadata('java/security/SecureClassLoader$CodeSourceKey')}
  0x000001fe9f489820: 41c7 4008 | a8a8 0900 | 4589 600c | 4c8b 5c24 | 3849 c1eb | 0345 8958 | 0c4d 8b8f | b801 0000 
  0x000001fe9f489840: 4c8b 5c24 | 3041 8b6b | 504d 8bd9 | 4983 c310 | 4d3b 9fc8 | 0100 000f | 83f6 0500 | 004d 899f 
  0x000001fe9f489860: b801 0000 | 410f 0d8b | c000 0000 | 49c7 0101 

  0x000001fe9f489870: ;   {metadata('java/security/SecureClassLoader$1')}
  0x000001fe9f489870: 0000 0041 | c741 08e8 | aa09 004c | 8b5c 2430 | 49c1 eb03 | 4589 590c 

  0x000001fe9f489888: ; implicit exception: dispatches to 0x000001fe9f48a64c
  0x000001fe9f489888: 458b 5cec 

  0x000001fe9f48988c: ;   {metadata('java/util/concurrent/ConcurrentHashMap')}
  0x000001fe9f48988c: 0841 81fb | 7063 0500 | 0f85 f808 | 0000 498d | 14ec 418b | ea44 8954 | 2438 6690 

  0x000001fe9f4898a8: ;   {optimized virtual_call}
  0x000001fe9f4898a8: c5f8 77e8 

  0x000001fe9f4898ac: ; ImmutableOopMap {[40]=Oop [48]=Oop [80]=Oop }
                      ;*invokeinterface computeIfAbsent {reexecute=0 rethrow=0 return_oop=1}
                      ; - java.security.SecureClassLoader::getProtectionDomain@28
                      ; - java.security.SecureClassLoader::defineClass@9
                      ; - java.net.URLClassLoader::defineClass@220
  0x000001fe9f4898ac: d01f 82ff 

  0x000001fe9f4898b0: ;   {other}
  0x000001fe9f4898b0: 0f1f 8400 | a00a 0007 

  0x000001fe9f4898b8: ; implicit exception: dispatches to 0x000001fe9f48a66c
  0x000001fe9f4898b8: 448b 5808 

  0x000001fe9f4898bc: ;   {metadata('java/security/ProtectionDomain')}
  0x000001fe9f4898bc: 4181 fb78 | 4604 000f | 857b 0c00 | 0048 8bc8 | 488b 5424 | 304c 8b44 | 2428 4c8b | 4c24 5033 
  0x000001fe9f4898dc: ff8b f590 

  0x000001fe9f4898e0: ;   {optimized virtual_call}
  0x000001fe9f4898e0: c5f8 77e8 

  0x000001fe9f4898e4: ; ImmutableOopMap {}
                      ;*invokevirtual defineClass {reexecute=0 rethrow=0 return_oop=1}
                      ; - java.security.SecureClassLoader::defineClass@12
                      ; - java.net.URLClassLoader::defineClass@220
  0x000001fe9f4898e4: 18c0 8fff 

  0x000001fe9f4898e8: ;   {other}
  0x000001fe9f4898e8: 0f1f 8400 | d80a 0008 | c5f8 7748 | 81c4 a000 

  0x000001fe9f4898f8: ;   {poll_return}
  0x000001fe9f4898f8: 0000 5d49 | 3ba7 5004 | 0000 0f87 | 4c0f 0000 | c34c 63c7 | 81ff 0000 | 1000 0f87 | e806 0000 
  0x000001fe9f489918: 498b b7b8 | 0100 004d | 8d50 1749 | 83e2 f848 | 8bd6 4903 | d249 3b97 | c801 0000 | 0f83 c606 
  0x000001fe9f489938: 0000 4989 | 97b8 0100 | 000f 0d8a | c000 0000 | 48c7 0601 | 0000 000f | 0d8a 0001 

  0x000001fe9f489954: ;   {metadata({type array byte})}
  0x000001fe9f489954: 0000 c746 | 08c8 0a04 | 0089 7e0c | 0f0d 8a40 | 0100 000f | 0d8a 8001 | 0000 488b | d648 83c2 
  0x000001fe9f489974: 1049 83c0 | 0749 c1e8 | 0349 8bc9 | c5f8 7749 | ba80 916b | 9dfe 0100 | 0041 ffd2 

  0x000001fe9f489990: ;   {other}
  0x000001fe9f489990: 0f1f 8400 | 0000 0000 | e9fc f9ff 

  0x000001fe9f48999c: ;   {metadata('java/lang/IllegalArgumentException')}
  0x000001fe9f48999c: ff48 bd00 | 1e02 0008 | 0000 004c | 8b54 2458 | 4d85 d20f | 84c2 0200 | 0048 8b54 | 2430 4c8b 
  0x000001fe9f4899bc: 4424 204c | 8b4c 2458 | 488b 7c24 | 5066 6690 

  0x000001fe9f4899cc: ;   {optimized virtual_call}
  0x000001fe9f4899cc: c5f8 77e8 

  0x000001fe9f4899d0: ; ImmutableOopMap {[32]=Oop [40]=Oop [48]=Oop [56]=Oop [72]=NarrowOop [80]=Oop [88]=Oop }
                      ;*invokevirtual definePackage {reexecute=0 rethrow=0 return_oop=1}
                      ; - java.net.URLClassLoader::defineClass@64
  0x000001fe9f4899d0: ccf3 a6ee 

  0x000001fe9f4899d4: ;   {other}
  0x000001fe9f4899d4: 0f1f 8400 | c40b 0009 | e974 faff | ff48 ff74 | 2428 488f | 4424 20e9 | f4f9 ffff 

  0x000001fe9f4899f0: ;   {metadata('jdk/internal/loader/URLClassPath$FileLoader$1')}
  0x000001fe9f4899f0: 4181 fae8 | c33f 000f | 85b9 0a00 | 0033 c0e9 | 8cfb ffff | 48ff 7424 | 3848 8f44 | 2420 488b 
  0x000001fe9f489a10: 6c24 2848 | 8b54 2438 | 6690 c5f8 | 7748 b8ff | ffff ffff 

  0x000001fe9f489a24: ;   {virtual_call}
  0x000001fe9f489a24: ffff ffe8 

  0x000001fe9f489a28: ; ImmutableOopMap {rbp=Oop [32]=Oop [48]=Oop [72]=NarrowOop }
                      ;*invokevirtual getBytes {reexecute=0 rethrow=0 return_oop=1}
                      ; - java.net.URLClassLoader::defineClass@179
  0x000001fe9f489a28: 5459 24fe 

  0x000001fe9f489a2c: ;   {other}
  0x000001fe9f489a2c: 0f1f 8400 | 1c0c 000a | 4889 4424 | 5048 896c | 2428 48ff | 7424 2048 | 8f44 2438 | e918 fbff 
  0x000001fe9f489a4c: ;   {metadata('jdk/internal/loader/URLClassPath$FileLoader$1')}
  0x000001fe9f489a4c: ff81 fbe8 | c33f 000f | 858b 0a00 | 0041 8b59 | 1c41 8b54 | dc0c 8954 | 2448 e9cf 

  0x000001fe9f489a68: ;   {oop(""{0x00000007ffe01340})}
  0x000001fe9f489a68: f7ff ff48 | bb40 13e0 | ff07 0000 | 00e9 65f9 

  0x000001fe9f489a78: ;   {metadata('jdk/internal/loader/URLClassPath$FileLoader$1')}
  0x000001fe9f489a78: ffff 4181 | fae8 c33f | 000f 8581 | 0a00 0045 | 33d2 4c89 | 5424 58e9 | 85f9 ffff | 448b 5d20 
  0x000001fe9f489a98: 4585 db0f | 8489 fbff | ff4d 8b57 | 2849 8bcb | 48c1 e103 | 4d85 d20f | 8437 0800 | 004d 8b5f 
  0x000001fe9f489ab8: 384b 894c | 13f8 4983 | c2f8 4d89 | 5728 e95f | fbff ff4d | 8b57 584d | 8b5f 48f0 | 8344 24c0 
  0x000001fe9f489ad8: 0080 3900 | 0f84 84fb | ffff 4488 | 214d 85db | 7520 498b | d7c5 f877 | 49ba e029 | 145e fa7f 
  0x000001fe9f489af8: 0000 41ff 

  0x000001fe9f489afc: ;   {other}
  0x000001fe9f489afc: d20f 1f84 | 0000 0000 | 00e9 5cfb | ffff 4b89 | 4c1a f849 | 83c3 f84d | 895f 48e9 | 4afb ffff 
  0x000001fe9f489b1c: 448b 5b14 | 4585 db0f | 847b f8ff | ff4d 8b57 | 2849 8bcb | 48c1 e103 | 4d85 d20f | 84d7 0800 
  0x000001fe9f489b3c: 004d 8b5f | 384b 894c | 13f8 4983 | c2f8 4d89 | 5728 e951 | f8ff ff4d | 8b57 484d | 8b5f 58f0 
  0x000001fe9f489b5c: 8344 24c0 | 0080 3900 | 0f84 71f8 | ffff 4488 | 214d 85d2 | 7520 498b | d7c5 f877 | 49ba e029 
  0x000001fe9f489b7c: 145e fa7f | 0000 41ff 

  0x000001fe9f489b84: ;   {other}
  0x000001fe9f489b84: d20f 1f84 | 0000 0000 | 00e9 49f8 | ffff 4b89 | 4c13 f849 | 83c2 f84d | 8957 48e9 | 37f8 ffff 
  0x000001fe9f489ba4: 4c63 c54d | 8d50 1049 | 8bca 4883 | e1f8 488b | fe48 03f9 | 49c1 ea03 | 492b c248 | 8bc8 4833 
  0x000001fe9f489bc4: c048 83f9 | 087f 1048 | ffc9 7856 | 4889 04cf | 48ff c97d | f7eb 4bc5 | fdef c0e9 | 0d00 0000 
  0x000001fe9f489be4: c5fe 7f07 | c5fe 7f47 | 2048 83c7 | 4048 83e9 | 087d ed48 | 83c1 047c | 0cc5 fe7f | 0748 83c7 
  0x000001fe9f489c04: 2048 83e9 | 0448 83c1 | 047e 1748 | c7c0 ffff | ffff c4e2 | f0f5 c0c4 | e1fb 92f8 | 62f1 fe2f 
  0x000001fe9f489c24: 7f07 4983 | f820 7728 | 4c63 d549 | b8ff ffff | ffff ffff | ffc4 42a8 | f5c0 c4c1 | fb92 f862 
  0x000001fe9f489c44: d17f af6f | 0162 d17f | 2f7f 03e9 | 45f7 ffff | 498b c949 | 8bd3 c5f8 | 7749 bac0 | 6e6b 9dfe 
  0x000001fe9f489c64: 0100 0041 

  0x000001fe9f489c68: ;   {other}
  0x000001fe9f489c68: ffd2 0f1f | 8400 0000 | 0000 e922 | f7ff ff48 | 8b54 2430 | 4c8b 4424 | 2045 33c9 | 33ff 33f6 
  0x000001fe9f489c88: 33c9 4533 | d24c 8914 | 244c 8954 | 2408 4c89 | 5424 1090 

  0x000001fe9f489c9c: ;   {optimized virtual_call}
  0x000001fe9f489c9c: c5f8 77e8 

  0x000001fe9f489ca0: ; ImmutableOopMap {[32]=Oop [40]=Oop [48]=Oop [56]=Oop [72]=NarrowOop [80]=Oop }
                      ;*invokevirtual definePackage {reexecute=0 rethrow=0 return_oop=1}
                      ; - java.net.URLClassLoader::defineClass@81
  0x000001fe9f489ca0: dc51 24fe 

  0x000001fe9f489ca4: ;   {other}
  0x000001fe9f489ca4: 0f1f 8400 | 940e 000b | e9a4 f7ff | ff41 8b48 | 0c4c 63c9 | 49c1 e102 | 81f9 0000 | 0400 0f87 
  0x000001fe9f489cc4: a807 0000 | 498b 9fb8 | 0100 004d | 8d51 1749 | 83e2 f84c | 8bdb 4d03 | da4d 3b9f | c801 0000 
  0x000001fe9f489ce4: 0f83 8607 | 0000 4d89 | 9fb8 0100 | 0041 0f0d | 8bc0 0000 | 0048 c703 | 0100 0000 | 410f 0d8b 
  0x000001fe9f489d04: 0001 0000 

  0x000001fe9f489d08: ;   {metadata('java/security/CodeSigner'[])}
  0x000001fe9f489d08: c743 08d0 | 253e 0089 | 4b0c 410f | 0d8b 4001 | 0000 410f | 0d8b 8001 | 0000 498b | c848 83c1 
  0x000001fe9f489d28: 1048 8bd3 | 4883 c210 | 4983 c107 | 49c1 e903 | 4d8b c1c5 | f877 49ba | 8091 6b9d | fe01 0000 
  0x000001fe9f489d48: ;   {other}
  0x000001fe9f489d48: 41ff d20f | 1f84 0000 | 0000 0041 | 807f 4000 | 0f85 d606 | 0000 4c8b | 5424 384c | 8bdb 49c1 
  0x000001fe9f489d68: eb03 4c8b | 4424 3845 | 8958 104c | 8bdb 4d33 | da49 c1eb | 154d 85db | 0f84 eef8 | ffff 49c1 
  0x000001fe9f489d88: ea09 49b8 | 0000 eaaa | fe01 0000 | 4d03 c241 | 8038 020f | 84d3 f8ff | ff4d 8b57 | 484d 8b5f 
  0x000001fe9f489da8: 58f0 8344 | 24c0 0041 | 8038 000f | 84bb f8ff | ff45 8820 | 4d85 d275 | 2349 8bc8 | 498b d7c5 
  0x000001fe9f489dc8: f877 49ba | e029 145e | fa7f 0000 

  0x000001fe9f489dd4: ;   {other}
  0x000001fe9f489dd4: 41ff d20f | 1f84 0000 | 0000 00e9 | 90f8 ffff | 4f89 4413 | f849 83c2 | f84d 8957 | 48e9 7ef8 
  0x000001fe9f489df4: ffff 4889 | 4424 3848 | 8944 24f8 | 8b44 2448 | 8944 2420 | 488b 4424 | f848 8b6c 

  0x000001fe9f489e10: ;   {metadata('java/security/CodeSource')}
  0x000001fe9f489e10: 2428 48ba | 185b 0500 | 0800 0000 

  0x000001fe9f489e1c: ;   {runtime_call _new_instance_Java}
  0x000001fe9f489e1c: c5f8 77e8 

  0x000001fe9f489e20: ; ImmutableOopMap {rbp=Oop [32]=NarrowOop [48]=Oop [56]=Oop [80]=Oop }
                      ;*new {reexecute=0 rethrow=0 return_oop=1}
                      ; - java.net.URLClassLoader::defineClass@190
  0x000001fe9f489e20: 5c30 31fe 

  0x000001fe9f489e24: ;   {other}
  0x000001fe9f489e24: 0f1f 8400 | 1410 000c | 4c8b d048 | 896c 2428 | 4889 4424 | f88b 4424 | 2089 4424 | 4848 8b44 
  0x000001fe9f489e44: 24f8 488b | 4424 384d | 8bc2 e996 

  0x000001fe9f489e50: ;   {metadata('java/security/SecureClassLoader$1')}
  0x000001fe9f489e50: f7ff ff48 | bae8 aa09 | 0008 0000 | 0044 8954 | 2444 4c89 | 4424 5890 

  0x000001fe9f489e68: ;   {runtime_call _new_instance_Java}
  0x000001fe9f489e68: c5f8 77e8 

  0x000001fe9f489e6c: ; ImmutableOopMap {rbp=NarrowOop [40]=Oop [48]=Oop [80]=Oop [88]=Oop }
                      ;*new {reexecute=0 rethrow=0 return_oop=1}
                      ; - java.security.SecureClassLoader::getProtectionDomain@20
                      ; - java.security.SecureClassLoader::defineClass@9
                      ; - java.net.URLClassLoader::defineClass@220
  0x000001fe9f489e6c: 1030 31fe 

  0x000001fe9f489e70: ;   {other}
  0x000001fe9f489e70: 0f1f 8400 | 6010 000d | 4c8b c844 | 8b54 2444 | 4c8b 4424 | 58e9 f1f9 

  0x000001fe9f489e88: ;   {metadata('java/security/SecureClassLoader$CodeSourceKey')}
  0x000001fe9f489e88: ffff 48ba | a8a8 0900 | 0800 0000 | 488b 6c24 | 3044 8954 | 244c 6690 

  0x000001fe9f489ea0: ;   {runtime_call _new_instance_Java}
  0x000001fe9f489ea0: c5f8 77e8 

  0x000001fe9f489ea4: ; ImmutableOopMap {rbp=Oop [40]=Oop [48]=Oop [56]=Oop [80]=Oop }
                      ;*new {reexecute=0 rethrow=0 return_oop=1}
                      ; - java.security.SecureClassLoader::getProtectionDomain@6
                      ; - java.security.SecureClassLoader::defineClass@9
                      ; - java.net.URLClassLoader::defineClass@220
  0x000001fe9f489ea4: d82f 31fe 

  0x000001fe9f489ea8: ;   {other}
  0x000001fe9f489ea8: 0f1f 8400 | 9810 000e | 448b 5424 | 4c4c 8bc0 | e96f f9ff | ff48 8944 | 24f8 8b44 | 2448 8944 
  0x000001fe9f489ec8: 2454 488b | 4424 f848 | 894c 2458 | 4489 5424 | 5089 7c24 | 4c44 895c | 2448 48ff | 7424 3848 
  0x000001fe9f489ee8: 8f44 2420 | 488b 6c24 

  0x000001fe9f489ef0: ;   {metadata('java/lang/String')}
  0x000001fe9f489ef0: 2848 ba90 | 2004 0008 | 0000 0090 

  0x000001fe9f489efc: ;   {runtime_call _new_instance_Java}
  0x000001fe9f489efc: c5f8 77e8 

  0x000001fe9f489f00: ; ImmutableOopMap {rbp=Oop [32]=Oop [48]=Oop [72]=NarrowOop [84]=NarrowOop [88]=Oop }
                      ;*new {reexecute=0 rethrow=0 return_oop=1}
                      ; - java.lang.StringLatin1::newString@7
                      ; - java.lang.String::substring@41
                      ; - java.net.URLClassLoader::defineClass@28
  0x000001fe9f489f00: 7c2f 31fe 

  0x000001fe9f489f04: ;   {other}
  0x000001fe9f489f04: 0f1f 8400 | f410 000f | 4889 6c24 | 2848 ff74 | 2420 488f | 4424 3844 | 8b5c 2448 | 8b7c 244c 
  0x000001fe9f489f24: 448b 5424 | 5048 8b4c | 2458 4889 | 4424 f88b | 4424 5489 | 4424 4848 | 8b44 24f8 | 488b d8e9 
  0x000001fe9f489f44: 6cf3 ffff | 4c89 4424 | 7048 8944 | 2468 4c89 | 4c24 6048 | 895c 2458 | 4889 4424 | f88b 4424 
  0x000001fe9f489f64: 4889 4424 | 4c48 8b44 | 24f8 4889 | 4c24 5044 | 8954 2448 | 48ff 7424 | 2848 8f44 

  0x000001fe9f489f80: ;   {metadata({type array byte})}
  0x000001fe9f489f80: 2420 48ba | c80a 0400 | 0800 0000 | 458b c290 

  0x000001fe9f489f90: ;   {runtime_call _new_array_nozero_Java}
  0x000001fe9f489f90: c5f8 77e8 

  0x000001fe9f489f94: ; ImmutableOopMap {[32]=Oop [48]=Oop [56]=Oop [76]=NarrowOop [80]=Oop [96]=Derived_oop_[80] [88]=Oop }
                      ;*newarray {reexecute=0 rethrow=0 return_oop=1}
                      ; - java.util.Arrays::copyOfRangeByte@10
                      ; - java.util.Arrays::copyOfRange@13
                      ; - java.lang.StringLatin1::newString@16
                      ; - java.lang.String::substring@41
                      ; - java.net.URLClassLoader::defineClass@28
  0x000001fe9f489f94: e852 31fe 

  0x000001fe9f489f98: ;   {other}
  0x000001fe9f489f98: 0f1f 8400 | 8811 0010 | 4c8b d848 | ff74 2420 | 488f 4424 | 2844 8b54 | 2448 4889 | 4424 f88b 
  0x000001fe9f489fb8: 4424 4c89 | 4424 4848 | 8b44 24f8 | 488b 5c24 | 584c 8b4c | 2460 488b | 4424 684c | 8b44 2470 
  0x000001fe9f489fd8: 498b f3e9 | 77f3 ffff | bae4 ffff | ff44 8954 | 2420 4489 | 5c24 4890 

  0x000001fe9f489ff0: ;   {runtime_call UncommonTrapBlob}
  0x000001fe9f489ff0: c5f8 77e8 

  0x000001fe9f489ff4: ; ImmutableOopMap {[40]=Oop [48]=Oop [56]=Oop [72]=NarrowOop }
                      ;*baload {reexecute=0 rethrow=0 return_oop=0}
                      ; - java.lang.StringLatin1::lastIndexOf@24
                      ; - java.lang.String::lastIndexOf@13
                      ; - java.lang.String::lastIndexOf@8
                      ; - java.net.URLClassLoader::defineClass@7
  0x000001fe9f489ff4: 08db 24fe 

  0x000001fe9f489ff8: ;   {other}
  0x000001fe9f489ff8: 0f1f 8400 | e811 0011 | 4c89 4424 | 684c 894c | 2460 4889 | 5c24 5848 | 8944 24f8 | 8b44 2448 
  0x000001fe9f48a018: 8944 244c | 488b 4424 | f848 894c | 2450 4489 | 5c24 4848 | ff74 2438 | 488f 4424 | 2048 8b6c 
  0x000001fe9f48a038: ;   {metadata({type array byte})}
  0x000001fe9f48a038: 2428 48ba | c80a 0400 | 0800 0000 | 448b c790 

  0x000001fe9f48a048: ;   {runtime_call _new_array_nozero_Java}
  0x000001fe9f48a048: c5f8 77e8 

  0x000001fe9f48a04c: ; ImmutableOopMap {rbp=Oop [32]=Oop [48]=Oop [72]=NarrowOop [76]=NarrowOop [80]=Oop [96]=Derived_oop_[80] [88]=Oop }
                      ;*invokevirtual clone {reexecute=1 rethrow=0 return_oop=1}
                      ; - (reexecute) java.util.Arrays::copyOfRange@18
                      ; - java.lang.StringLatin1::newString@16
                      ; - java.lang.String::substring@41
                      ; - java.net.URLClassLoader::defineClass@28
  0x000001fe9f48a04c: 3052 31fe 

  0x000001fe9f48a050: ;   {other}
  0x000001fe9f48a050: 0f1f 8400 | 4012 0012 | 4889 6c24 | 2848 ff74 | 2420 488f | 4424 3848 | 8944 24f8 | 8b44 244c 
  0x000001fe9f48a070: 8944 2448 | 488b 4424 | f848 8b5c | 2458 4c8b | 4c24 604c | 8b44 2468 | 488b f0e9 | def8 ffff 
  0x000001fe9f48a090: ba45 ffff | ff48 8b6c | 2430 48ff | 7424 2848 | 8f44 2420 | 48ff 7424 | 3848 8f44 | 2428 48ff 
  0x000001fe9f48a0b0: 7424 4048 | 8f44 2430 | 4c89 5424 | 4066 6690 

  0x000001fe9f48a0c0: ;   {runtime_call UncommonTrapBlob}
  0x000001fe9f48a0c0: c5f8 77e8 

  0x000001fe9f48a0c4: ; ImmutableOopMap {rbp=Oop [32]=Oop [40]=Oop [64]=Oop [72]=NarrowOop }
                      ;*ifeq {reexecute=1 rethrow=0 return_oop=0}
                      ; - (reexecute) jdk.internal.loader.Resource::getByteBuffer@9
                      ; - java.net.URLClassLoader::defineClass@132
  0x000001fe9f48a0c4: 38da 24fe 

  0x000001fe9f48a0c8: ;   {other}
  0x000001fe9f48a0c8: 0f1f 8400 | b812 0013 | bae4 ffff | ff48 ff74 | 2430 488f | 4424 204c | 8944 2440 | 4489 5c24 
  0x000001fe9f48a0e8: 4c66 6690 

  0x000001fe9f48a0ec: ;   {runtime_call UncommonTrapBlob}
  0x000001fe9f48a0ec: c5f8 77e8 

  0x000001fe9f48a0f0: ; ImmutableOopMap {[32]=Oop [40]=Oop [56]=Oop [76]=NarrowOop [80]=Oop }
                      ;*invokestatic checkIndex {reexecute=0 rethrow=0 return_oop=0}
                      ; - java.nio.Buffer::checkIndex@8
                      ; - java.nio.DirectLongBufferU::get@11
                      ; - jdk.internal.perf.PerfCounter::get@5
                      ; - jdk.internal.perf.PerfCounter::add@1
                      ; - jdk.internal.perf.PerfCounter::addElapsedTimeFrom@6
                      ; - java.net.URLClassLoader::defineClass@207
  0x000001fe9f48a0f0: 0cda 24fe 

  0x000001fe9f48a0f4: ;   {other}
  0x000001fe9f48a0f4: 0f1f 8400 | e412 0014 | 4c89 4424 | 2048 8b6c 

  0x000001fe9f48a104: ;   {oop(a 'jdk/internal/perf/PerfCounter'{0x00000007ffe06dd0})}
  0x000001fe9f48a104: 2438 48ba | d06d e0ff | 0700 0000 | 4c8d 8424 | 8000 0000 

  0x000001fe9f48a118: ;   {runtime_call _complete_monitor_locking_Java}
  0x000001fe9f48a118: c5f8 77e8 

  0x000001fe9f48a11c: ; ImmutableOopMap {rbp=Oop [40]=Oop [48]=Oop [80]=Oop }
                      ;*synchronization entry
                      ; - jdk.internal.perf.PerfCounter::add@-1
                      ; - jdk.internal.perf.PerfCounter::addElapsedTimeFrom@6
                      ; - java.net.URLClassLoader::defineClass@207
  0x000001fe9f48a11c: 606c 31fe 

  0x000001fe9f48a120: ;   {other}
  0x000001fe9f48a120: 0f1f 8400 | 1013 0015 | 4889 6c24 | 384c 8b44 | 2420 e9d2 | f5ff ffba | ccff ffff | 48ff 7424 
  0x000001fe9f48a140: 3048 8f44 | 2420 4c89 | 4424 4044 | 895c 244c 

  0x000001fe9f48a150: ;   {runtime_call UncommonTrapBlob}
  0x000001fe9f48a150: c5f8 77e8 

  0x000001fe9f48a154: ; ImmutableOopMap {[32]=Oop [40]=Oop [56]=Oop [76]=NarrowOop [80]=Oop }
                      ;*invokestatic checkIndex {reexecute=0 rethrow=0 return_oop=0}
                      ; - java.nio.Buffer::checkIndex@8
                      ; - java.nio.DirectLongBufferU::get@11
                      ; - jdk.internal.perf.PerfCounter::get@5
                      ; - jdk.internal.perf.PerfCounter::add@1
                      ; - jdk.internal.perf.PerfCounter::addElapsedTimeFrom@6
                      ; - java.net.URLClassLoader::defineClass@207
  0x000001fe9f48a154: a8d9 24fe 

  0x000001fe9f48a158: ;   {other}
  0x000001fe9f48a158: 0f1f 8400 | 4813 0016 

  0x000001fe9f48a160: ;   {oop(a 'jdk/internal/perf/PerfCounter'{0x00000007ffe06dd0})}
  0x000001fe9f48a160: 48b9 d06d | e0ff 0700 | 0000 488d | 9424 8000 | 0000 4d8b | c7c5 f877 | 49ba b0d7 | 555e fa7f 
  0x000001fe9f48a180: 0000 41ff 

  0x000001fe9f48a184: ;   {other}
  0x000001fe9f48a184: d20f 1f84 | 0000 0000 | 00e9 54f6 | ffff bade | ffff ff48 | ff74 2430 | 488f 4424 | 2044 8954 
  0x000001fe9f48a1a4: 2438 4c89 | 4424 404c | 894c 2448 

  0x000001fe9f48a1b0: ;   {runtime_call UncommonTrapBlob}
  0x000001fe9f48a1b0: c5f8 77e8 

  0x000001fe9f48a1b4: ; ImmutableOopMap {rbp=NarrowOop [32]=Oop [40]=Oop [64]=Oop [72]=Oop [80]=Oop }
                      ;*invokeinterface computeIfAbsent {reexecute=0 rethrow=0 return_oop=0}
                      ; - java.security.SecureClassLoader::getProtectionDomain@28
                      ; - java.security.SecureClassLoader::defineClass@9
                      ; - java.net.URLClassLoader::defineClass@220
  0x000001fe9f48a1b4: 48d9 24fe 

  0x000001fe9f48a1b8: ;   {other}
  0x000001fe9f48a1b8: 0f1f 8400 | a813 0017 | 4963 c2e9 | 0af1 ffff | 4883 c0fe | 488b c849 | 8bfb 4833 | c048 83f9 
  0x000001fe9f48a1d8: 087f 1048 | ffc9 7856 | 4889 04cf | 48ff c97d | f7eb 4bc5 | fdef c0e9 | 0d00 0000 | c5fe 7f07 
  0x000001fe9f48a1f8: c5fe 7f47 | 2048 83c7 | 4048 83e9 | 087d ed48 | 83c1 047c | 0cc5 fe7f | 0748 83c7 | 2048 83e9 
  0x000001fe9f48a218: 0448 83c1 | 047e 1748 | c7c0 ffff | ffff c4e2 | f0f5 c0c4 | e1fb 92f8 | 62f1 fe2f | 7f07 e95e 
  0x000001fe9f48a238: f1ff ffba | ccff ffff | 4489 5424 | 2048 8944 | 24f8 8b44 | 2448 8944 | 2424 488b | 4424 f848 
  0x000001fe9f48a258: 895c 2450 | 4489 5c24 | 5866 6690 

  0x000001fe9f48a264: ;   {runtime_call UncommonTrapBlob}
  0x000001fe9f48a264: c5f8 77e8 

  0x000001fe9f48a268: ; ImmutableOopMap {[36]=NarrowOop [40]=Oop [48]=Oop [56]=Oop [80]=Oop [88]=NarrowOop }
                      ;*newarray {reexecute=1 rethrow=0 return_oop=0}
                      ; - (reexecute) java.util.Arrays::copyOfRangeByte@10
                      ; - java.util.Arrays::copyOfRange@13
                      ; - java.lang.StringLatin1::newString@16
                      ; - java.lang.String::substring@41
                      ; - java.net.URLClassLoader::defineClass@28
  0x000001fe9f48a268: 94d8 24fe 

  0x000001fe9f48a26c: ;   {other}
  0x000001fe9f48a26c: 0f1f 8400 | 5c14 0018 | bae4 ffff | ff48 ff74 | 2440 488f | 4424 3848 | 8944 24f8 | 8b44 2448 
  0x000001fe9f48a28c: 8944 2440 | 488b 4424 | f848 8944 | 2458 4489 | 4424 6090 

  0x000001fe9f48a2a0: ;   {runtime_call UncommonTrapBlob}
  0x000001fe9f48a2a0: c5f8 77e8 

  0x000001fe9f48a2a4: ; ImmutableOopMap {[32]=Oop [40]=Oop [48]=Oop [64]=NarrowOop [88]=Oop }
                      ;*invokestatic checkIndex {reexecute=0 rethrow=0 return_oop=0}
                      ; - java.util.zip.CRC32::updateBytesCheck@30
                      ; - java.util.zip.CRC32::updateBytes@3
                      ; - java.util.zip.CRC32::update@31
                      ; - java.util.zip.Checksum::update@5
                      ; - jdk.internal.loader.URLClassPath$JarLoader$2::getBytes@15
                      ; - java.net.URLClassLoader::defineClass@179
  0x000001fe9f48a2a4: 58d8 24fe 

  0x000001fe9f48a2a8: ;   {other}
  0x000001fe9f48a2a8: 0f1f 8400 | 9814 0019 | 33ed 85db | 400f 94c5 | ba45 ffff | ff4c 8b54 | 2430 4c89 | 5424 2048 
  0x000001fe9f48a2c8: ff74 2438 | 488f 4424 | 3048 8944 | 2438 4489 | 4c24 4890 

  0x000001fe9f48a2dc: ;   {runtime_call UncommonTrapBlob}
  0x000001fe9f48a2dc: c5f8 77e8 

  0x000001fe9f48a2e0: ; ImmutableOopMap {[32]=Oop [40]=Oop [48]=Oop }
                      ;*ifeq {reexecute=1 rethrow=0 return_oop=0}
                      ; - (reexecute) java.lang.String::lastIndexOf@4
                      ; - java.lang.String::lastIndexOf@8
                      ; - java.net.URLClassLoader::defineClass@7
  0x000001fe9f48a2e0: 1cd8 24fe 

  0x000001fe9f48a2e4: ;   {other}
  0x000001fe9f48a2e4: 0f1f 8400 | d414 001a | 498b d7c5 | f877 49ba | 002a 145e | fa7f 0000 

  0x000001fe9f48a2fc: ;   {other}
  0x000001fe9f48a2fc: 41ff d20f | 1f84 0000 | 0000 00e9 | 1ef3 ffff | ba45 ffff | ff44 8954 | 2420 4489 | 5424 2444 
  0x000001fe9f48a31c: 8944 2458 

  0x000001fe9f48a320: ;   {runtime_call UncommonTrapBlob}
  0x000001fe9f48a320: c5f8 77e8 

  0x000001fe9f48a324: ; ImmutableOopMap {[40]=Oop [48]=Oop [56]=Oop [72]=NarrowOop }
                      ;*if_icmpgt {reexecute=1 rethrow=0 return_oop=0}
                      ; - (reexecute) jdk.internal.util.Preconditions::checkFromToIndex@6
                      ; - java.lang.String::checkBoundsBeginEnd@6
                      ; - java.lang.String::substring@8
                      ; - java.net.URLClassLoader::defineClass@28
  0x000001fe9f48a324: d8d7 24fe 

  0x000001fe9f48a328: ;   {other}
  0x000001fe9f48a328: 0f1f 8400 | 1815 001b | ba45 ffff | ff48 8b6c | 2430 48ff | 7424 2848 | 8f44 2420 | 4c8b 5424 
  0x000001fe9f48a348: 404c 8954 | 2428 4c8b | 5424 504c | 8954 2430 | 4c89 4424 | 4048 8944 | 2450 6690 

  0x000001fe9f48a364: ;   {runtime_call UncommonTrapBlob}
  0x000001fe9f48a364: c5f8 77e8 

  0x000001fe9f48a368: ; ImmutableOopMap {rbp=Oop [32]=Oop [48]=Oop [64]=Oop [72]=NarrowOop [80]=Oop }
                      ;*ifnull {reexecute=1 rethrow=0 return_oop=0}
                      ; - (reexecute) java.security.CodeSource::<init>@25
                      ; - java.net.URLClassLoader::defineClass@198
  0x000001fe9f48a368: 94d7 24fe 

  0x000001fe9f48a36c: ;   {other}
  0x000001fe9f48a36c: 0f1f 8400 | 5c15 001c | ba45 ffff | ff48 ff74 | 2430 488f | 4424 204c | 8944 2440 | 4489 5c24 
  0x000001fe9f48a38c: 4c66 6690 

  0x000001fe9f48a390: ;   {runtime_call UncommonTrapBlob}
  0x000001fe9f48a390: c5f8 77e8 

  0x000001fe9f48a394: ; ImmutableOopMap {rbp=NarrowOop [32]=Oop [40]=Oop [56]=Oop [76]=NarrowOop [80]=Oop }
                      ;*ifnull {reexecute=1 rethrow=0 return_oop=0}
                      ; - (reexecute) java.nio.Buffer::session@4
                      ; - java.nio.DirectLongBufferU::get@4
                      ; - jdk.internal.perf.PerfCounter::get@5
                      ; - jdk.internal.perf.PerfCounter::add@1
                      ; - jdk.internal.perf.PerfCounter::addElapsedTimeFrom@6
                      ; - java.net.URLClassLoader::defineClass@207
  0x000001fe9f48a394: 68d7 24fe 

  0x000001fe9f48a398: ;   {other}
  0x000001fe9f48a398: 0f1f 8400 | 8815 001d | ba45 ffff | ff44 8954 | 2420 4489 | 5424 2444 | 8944 2458 | 4489 4424 
  0x000001fe9f48a3b8: 5c66 6690 

  0x000001fe9f48a3bc: ;   {runtime_call UncommonTrapBlob}
  0x000001fe9f48a3bc: c5f8 77e8 

  0x000001fe9f48a3c0: ; ImmutableOopMap {[40]=Oop [48]=Oop [56]=Oop [72]=NarrowOop }
                      ;*if_icmple {reexecute=1 rethrow=0 return_oop=0}
                      ; - (reexecute) jdk.internal.util.Preconditions::checkFromToIndex@11
                      ; - java.lang.String::checkBoundsBeginEnd@6
                      ; - java.lang.String::substring@8
                      ; - java.net.URLClassLoader::defineClass@28
  0x000001fe9f48a3c0: 3cd7 24fe 

  0x000001fe9f48a3c4: ;   {other}
  0x000001fe9f48a3c4: 0f1f 8400 | b415 001e | 4d3b dabd | ffff ffff | 7c08 400f | 95c5 400f | b6ed ba45 | ffff ff48 
  0x000001fe9f48a3e4: ff74 2440 | 488f 4424 | 3848 8944 | 24f8 8b44 | 2448 8944 | 2440 488b | 4424 f848 | 895c 2450 
  0x000001fe9f48a404: ;   {runtime_call UncommonTrapBlob}
  0x000001fe9f48a404: c5f8 77e8 

  0x000001fe9f48a408: ; ImmutableOopMap {[32]=Oop [40]=Oop [48]=Oop [64]=NarrowOop [80]=Oop }
                      ;*ifeq {reexecute=1 rethrow=0 return_oop=0}
                      ; - (reexecute) jdk.internal.loader.URLClassPath$JarLoader$2::getBytes@30
                      ; - java.net.URLClassLoader::defineClass@179
  0x000001fe9f48a408: f4d6 24fe 

  0x000001fe9f48a40c: ;   {other}
  0x000001fe9f48a40c: 0f1f 8400 | fc15 001f | 498b d7c5 | f877 49ba | 002a 145e | fa7f 0000 

  0x000001fe9f48a424: ;   {other}
  0x000001fe9f48a424: 41ff d20f | 1f84 0000 | 0000 00e9 | 70ef ffff | 4c8b 5424 | 3845 8b5a | 1045 85db | 0f84 18f9 
  0x000001fe9f48a444: ffff 4d8b | 5728 498b | cb48 c1e1 | 034d 85d2 | 0f84 ca00 | 0000 4d8b | 5f38 4b89 | 4c13 f849 
  0x000001fe9f48a464: 83c2 f84d | 8957 28e9 | eef8 ffff | 4c89 4c24 | 4848 896c | 2420 498b 

  0x000001fe9f48a47c: ;   {metadata('java/security/CodeSigner'[])}
  0x000001fe9f48a47c: e848 bad0 | 253e 0008 | 0000 0044 | 8bc1 6690 

  0x000001fe9f48a48c: ;   {runtime_call _new_array_Java}
  0x000001fe9f48a48c: c5f8 77e8 

  0x000001fe9f48a490: ; ImmutableOopMap {rbp=Oop [32]=Oop [40]=Oop [48]=Oop [80]=Oop }
                      ;*invokevirtual clone {reexecute=1 rethrow=0 return_oop=1}
                      ; - (reexecute) java.security.CodeSource::<init>@42
                      ; - java.net.URLClassLoader::defineClass@198
  0x000001fe9f48a490: 6c80 31fe 

  0x000001fe9f48a494: ;   {other}
  0x000001fe9f48a494: 0f1f 8400 | 8416 0020 | 4c8b c548 | ff74 2420 | 488f 4424 | 384c 8b4c | 2448 488b | d8e9 6cf8 
  0x000001fe9f48a4b4: ffff bac6 | ffff ff48 | 8b6c 2430 | 48ff 7424 | 2848 8f44 | 2420 4c8b | 5424 404c | 8954 2428 
  0x000001fe9f48a4d4: ;   {runtime_call UncommonTrapBlob}
  0x000001fe9f48a4d4: c5f8 77e8 

  0x000001fe9f48a4d8: ; ImmutableOopMap {rbp=Oop [32]=Oop [56]=Oop [72]=NarrowOop [80]=Oop }
                      ;*invokevirtual getCodeSigners {reexecute=0 rethrow=0 return_oop=0}
                      ; - java.net.URLClassLoader::defineClass@185
  0x000001fe9f48a4d8: 24d6 24fe 

  0x000001fe9f48a4dc: ;   {other}
  0x000001fe9f48a4dc: 0f1f 8400 | cc16 0021 | bac6 ffff | ff41 8bea | 4c8b 5424 | 304c 8954 | 2420 6690 

  0x000001fe9f48a4f8: ;   {runtime_call UncommonTrapBlob}
  0x000001fe9f48a4f8: c5f8 77e8 

  0x000001fe9f48a4fc: ; ImmutableOopMap {[32]=Oop [40]=Oop [56]=Oop }
                      ;*invokevirtual getCodeSourceURL {reexecute=0 rethrow=0 return_oop=0}
                      ; - java.net.URLClassLoader::defineClass@13
  0x000001fe9f48a4fc: 00d6 24fe 

  0x000001fe9f48a500: ;   {other}
  0x000001fe9f48a500: 0f1f 8400 | f016 0022 | bac6 ffff | ff48 8b6c | 2430 6690 

  0x000001fe9f48a514: ;   {runtime_call UncommonTrapBlob}
  0x000001fe9f48a514: c5f8 77e8 

  0x000001fe9f48a518: ; ImmutableOopMap {rbp=Oop [32]=Oop [40]=Oop [56]=Oop [72]=NarrowOop }
                      ;*invokevirtual getManifest {reexecute=0 rethrow=0 return_oop=0}
                      ; - java.net.URLClassLoader::defineClass@34
  0x000001fe9f48a518: e4d5 24fe 

  0x000001fe9f48a51c: ;   {other}
  0x000001fe9f48a51c: 0f1f 8400 | 0c17 0023 | 498b d7c5 | f877 49ba | 002a 145e | fa7f 0000 

  0x000001fe9f48a534: ;   {other}
  0x000001fe9f48a534: 41ff d20f | 1f84 0000 | 0000 00e9 | 1af8 ffff | bade ffff | ff48 8b6c | 2430 48ff | 7424 2848 
  0x000001fe9f48a554: 8f44 2420 | 4889 4424 | f88b 4424 | 3889 4424 | 3048 8b44 | 24f8 4889 | 4424 3890 

  0x000001fe9f48a570: ;   {runtime_call UncommonTrapBlob}
  0x000001fe9f48a570: c5f8 77e8 

  0x000001fe9f48a574: ; ImmutableOopMap {rbp=Oop [32]=Oop [56]=Oop [80]=Oop }
                      ;*checkcast {reexecute=0 rethrow=0 return_oop=0}
                      ; - java.security.SecureClassLoader::getProtectionDomain@33
                      ; - java.security.SecureClassLoader::defineClass@9
                      ; - java.net.URLClassLoader::defineClass@220
  0x000001fe9f48a574: 88d5 24fe 

  0x000001fe9f48a578: ;   {other}
  0x000001fe9f48a578: 0f1f 8400 | 6817 0024 | baf6 ffff | ff48 8b6c | 2430 6690 

  0x000001fe9f48a58c: ;   {runtime_call UncommonTrapBlob}
  0x000001fe9f48a58c: c5f8 77e8 

  0x000001fe9f48a590: ; ImmutableOopMap {rbp=Oop [56]=Oop }
                      ;*invokevirtual lastIndexOf {reexecute=0 rethrow=0 return_oop=0}
                      ; - java.net.URLClassLoader::defineClass@7
  0x000001fe9f48a590: 6cd5 24fe 

  0x000001fe9f48a594: ;   {other}
  0x000001fe9f48a594: 0f1f 8400 | 8417 0025 | baf6 ffff | ff48 8b6c | 2430 4c89 | 5424 2090 

  0x000001fe9f48a5ac: ;   {runtime_call UncommonTrapBlob}
  0x000001fe9f48a5ac: c5f8 77e8 

  0x000001fe9f48a5b0: ; ImmutableOopMap {rbp=Oop [32]=Oop [56]=Oop }
                      ;*arraylength {reexecute=0 rethrow=0 return_oop=0}
                      ; - java.lang.String::length@4
                      ; - java.lang.String::lastIndexOf@3
                      ; - java.net.URLClassLoader::defineClass@7
  0x000001fe9f48a5b0: 4cd5 24fe 

  0x000001fe9f48a5b4: ;   {other}
  0x000001fe9f48a5b4: 0f1f 8400 | a417 0026 | baf6 ffff | ff41 8bea | 4c8b 5424 | 304c 8954 | 2420 6690 

  0x000001fe9f48a5d0: ;   {runtime_call UncommonTrapBlob}
  0x000001fe9f48a5d0: c5f8 77e8 

  0x000001fe9f48a5d4: ; ImmutableOopMap {[32]=Oop [40]=Oop }
                      ;*invokevirtual getCodeSourceURL {reexecute=0 rethrow=0 return_oop=0}
                      ; - java.net.URLClassLoader::defineClass@13
  0x000001fe9f48a5d4: 28d5 24fe 

  0x000001fe9f48a5d8: ;   {other}
  0x000001fe9f48a5d8: 0f1f 8400 | c817 0027 | baf4 ffff | ff48 8b6c | 2430 48ff | 7424 2848 | 8f44 2420 | 48ff 7424 
  0x000001fe9f48a5f8: 3848 8f44 | 2428 6690 

  0x000001fe9f48a600: ;   {runtime_call UncommonTrapBlob}
  0x000001fe9f48a600: c5f8 77e8 

  0x000001fe9f48a604: ; ImmutableOopMap {rbp=Oop [32]=Oop [40]=Oop [72]=NarrowOop }
                      ;*instanceof {reexecute=0 rethrow=0 return_oop=0}
                      ; - jdk.internal.loader.Resource::getByteBuffer@6
                      ; - java.net.URLClassLoader::defineClass@132
  0x000001fe9f48a604: f8d4 24fe 

  0x000001fe9f48a608: ;   {other}
  0x000001fe9f48a608: 0f1f 8400 | f817 0028 | baf6 ffff | ff48 8b6c | 2430 48ff | 7424 2848 | 8f44 2420 

  0x000001fe9f48a624: ;   {runtime_call UncommonTrapBlob}
  0x000001fe9f48a624: c5f8 77e8 

  0x000001fe9f48a628: ; ImmutableOopMap {rbp=Oop [32]=Oop [56]=Oop [80]=Oop }
                      ;*invokevirtual get {reexecute=0 rethrow=0 return_oop=0}
                      ; - jdk.internal.perf.PerfCounter::get@5
                      ; - jdk.internal.perf.PerfCounter::add@1
                      ; - jdk.internal.perf.PerfCounter::addElapsedTimeFrom@6
                      ; - java.net.URLClassLoader::defineClass@207
  0x000001fe9f48a628: d4d4 24fe 

  0x000001fe9f48a62c: ;   {other}
  0x000001fe9f48a62c: 0f1f 8400 | 1c18 0029 | baf6 ffff | ff66 6690 

  0x000001fe9f48a63c: ;   {runtime_call UncommonTrapBlob}
  0x000001fe9f48a63c: c5f8 77e8 

  0x000001fe9f48a640: ; ImmutableOopMap {[40]=Oop [48]=Oop [56]=Oop }
                      ;*arraylength {reexecute=0 rethrow=0 return_oop=0}
                      ; - java.net.URLClassLoader::defineClass@217
  0x000001fe9f48a640: bcd4 24fe 

  0x000001fe9f48a644: ;   {other}
  0x000001fe9f48a644: 0f1f 8400 | 3418 002a | baf6 ffff | ff49 8be8 | 4c89 4c24 | 2066 6690 

  0x000001fe9f48a65c: ;   {runtime_call UncommonTrapBlob}
  0x000001fe9f48a65c: c5f8 77e8 

  0x000001fe9f48a660: ; ImmutableOopMap {rbp=Oop [32]=Oop }
                      ;*invokeinterface computeIfAbsent {reexecute=0 rethrow=0 return_oop=0}
                      ; - java.security.SecureClassLoader::getProtectionDomain@28
                      ; - java.security.SecureClassLoader::defineClass@9
                      ; - java.net.URLClassLoader::defineClass@220
  0x000001fe9f48a660: 9cd4 24fe 

  0x000001fe9f48a664: ;   {other}
  0x000001fe9f48a664: 0f1f 8400 | 5418 002b | baf4 ffff | ff48 8b6c | 2430 48ff | 7424 2848 | 8f44 2420 

  0x000001fe9f48a680: ;   {runtime_call UncommonTrapBlob}
  0x000001fe9f48a680: c5f8 77e8 

  0x000001fe9f48a684: ; ImmutableOopMap {rbp=Oop [32]=Oop [80]=Oop }
                      ;*checkcast {reexecute=0 rethrow=0 return_oop=0}
                      ; - java.security.SecureClassLoader::getProtectionDomain@33
                      ; - java.security.SecureClassLoader::defineClass@9
                      ; - java.net.URLClassLoader::defineClass@220
  0x000001fe9f48a684: 78d4 24fe 

  0x000001fe9f48a688: ;   {other}
  0x000001fe9f48a688: 0f1f 8400 | 7818 002c | baf6 ffff | ff41 8bea | 4c8b 5424 | 304c 8954 | 2420 4c89 | 4c24 3090 
  0x000001fe9f48a6a8: ;   {runtime_call UncommonTrapBlob}
  0x000001fe9f48a6a8: c5f8 77e8 

  0x000001fe9f48a6ac: ; ImmutableOopMap {[32]=Oop [40]=Oop [48]=Oop }
                      ;*getfield csu {reexecute=1 rethrow=0 return_oop=0}
                      ; - (reexecute) jdk.internal.loader.URLClassPath$JarLoader$2::getCodeSourceURL@4
                      ; - java.net.URLClassLoader::defineClass@13
  0x000001fe9f48a6ac: 50d4 24fe 

  0x000001fe9f48a6b0: ;   {other}
  0x000001fe9f48a6b0: 0f1f 8400 | a018 002d | baf6 ffff | ff48 8b6c | 2430 6690 

  0x000001fe9f48a6c4: ;   {runtime_call UncommonTrapBlob}
  0x000001fe9f48a6c4: c5f8 77e8 

  0x000001fe9f48a6c8: ; ImmutableOopMap {rbp=Oop [32]=Oop [40]=Oop [72]=NarrowOop }
                      ;*arraylength {reexecute=0 rethrow=0 return_oop=0}
                      ; - java.util.zip.Checksum::update@4
                      ; - jdk.internal.loader.URLClassPath$JarLoader$2::getBytes@15
                      ; - java.net.URLClassLoader::defineClass@179
  0x000001fe9f48a6c8: 34d4 24fe 

  0x000001fe9f48a6cc: ;   {other}
  0x000001fe9f48a6cc: 0f1f 8400 | bc18 002e | baf6 ffff | ff48 8b6c | 2430 6690 

  0x000001fe9f48a6e0: ;   {runtime_call UncommonTrapBlob}
  0x000001fe9f48a6e0: c5f8 77e8 

  0x000001fe9f48a6e4: ; ImmutableOopMap {rbp=Oop [32]=Oop [40]=Oop [72]=NarrowOop }
                      ;*invokevirtual getCrc {reexecute=0 rethrow=0 return_oop=0}
                      ; - jdk.internal.loader.URLClassPath$JarLoader$2::getBytes@26
                      ; - java.net.URLClassLoader::defineClass@179
  0x000001fe9f48a6e4: 18d4 24fe 

  0x000001fe9f48a6e8: ;   {other}
  0x000001fe9f48a6e8: 0f1f 8400 | d818 002f | baf6 ffff | ff41 8bea | 4c8b 5424 | 304c 8954 | 2420 4c89 | 4c24 3090 
  0x000001fe9f48a708: ;   {runtime_call UncommonTrapBlob}
  0x000001fe9f48a708: c5f8 77e8 

  0x000001fe9f48a70c: ; ImmutableOopMap {[32]=Oop [40]=Oop [48]=Oop }
                      ;*invokevirtual getBaseURL {reexecute=0 rethrow=0 return_oop=0}
                      ; - jdk.internal.loader.URLClassPath$FileLoader$1::getCodeSourceURL@4
                      ; - java.net.URLClassLoader::defineClass@13
  0x000001fe9f48a70c: f0d3 24fe 

  0x000001fe9f48a710: ;   {other}
  0x000001fe9f48a710: 0f1f 8400 | 0019 0030 | ba97 ffff | ff48 ff74 | 2430 488f | 4424 2848 | ff74 2440 | 488f 4424 
  0x000001fe9f48a730: 304c 8b54 | 2458 4c89 | 5424 5090 

  0x000001fe9f48a73c: ;   {runtime_call UncommonTrapBlob}
  0x000001fe9f48a73c: c5f8 77e8 

  0x000001fe9f48a740: ; ImmutableOopMap {rbp=Oop [32]=Oop [40]=Oop [72]=NarrowOop [76]=NarrowOop [80]=Oop [88]=Oop }
                      ;*invokevirtual clone {reexecute=1 rethrow=0 return_oop=0}
                      ; - (reexecute) java.util.Arrays::copyOfRange@18
                      ; - java.lang.StringLatin1::newString@16
                      ; - java.lang.String::substring@41
                      ; - java.net.URLClassLoader::defineClass@28
  0x000001fe9f48a740: bcd3 24fe 

  0x000001fe9f48a744: ;   {other}
  0x000001fe9f48a744: 0f1f 8400 | 3419 0031 | 488b d0e9 | d000 0000 | 488b d0e9 | c800 0000 | e9c0 0000 | 00e9 bb00 
  0x000001fe9f48a764: 0000 488b | d0e9 b600 | 0000 eb00 | 488b d0e9 | ac00 0000 | 448b 5808 | 49ba 0000 | 0000 0800 
  0x000001fe9f48a784: 0000 4d03 | d34d 8b52 | 504c 3bd5 | 75c2 4533 | c9eb 21eb | 7c44 8b50 | 0849 bb00 | 0000 0008 
  0x000001fe9f48a7a4: 0000 004d | 03da 4d8b | 5350 4c3b | d575 494c | 8b4c 2458 | 488b 5424 | 304c 8b44 | 2420 488b 
  0x000001fe9f48a7c4: 7c24 5048 | 8bea 6690 

  0x000001fe9f48a7cc: ;   {optimized virtual_call}
  0x000001fe9f48a7cc: c5f8 77e8 

  0x000001fe9f48a7d0: ; ImmutableOopMap {rbp=Oop [32]=Oop [40]=Oop [48]=Oop [56]=Oop [72]=NarrowOop }
                      ;*invokevirtual getAndVerifyPackage {reexecute=0 rethrow=0 return_oop=1}
                      ; - java.net.URLClassLoader::defineClass@97
  0x000001fe9f48a7d0: ac46 24fe 

  0x000001fe9f48a7d4: ;   {other}
  0x000001fe9f48a7d4: 0f1f 8400 | c419 0032 | 4885 c00f | 8570 ecff | ffba fd00 | 0000 6690 

  0x000001fe9f48a7ec: ;   {runtime_call UncommonTrapBlob}
  0x000001fe9f48a7ec: c5f8 77e8 

  0x000001fe9f48a7f0: ; ImmutableOopMap {[32]=Oop }
                      ;*new {reexecute=0 rethrow=0 return_oop=0}
                      ; - java.net.URLClassLoader::defineClass@103
  0x000001fe9f48a7f0: 0cd3 24fe 

  0x000001fe9f48a7f4: ;   {other}
  0x000001fe9f48a7f4: 0f1f 8400 | e419 0033 | 488b d0eb | 2348 8bd0 | eb1e 488b | d0eb 1948 | 8bd0 eb14 | 488b d0eb 
  0x000001fe9f48a814: 0f48 8bd0 | eb0a 488b | d0eb 05eb | 0048 8bd0 | c5f8 7748 | 81c4 a000 

  0x000001fe9f48a82c: ;   {runtime_call _rethrow_Java}
  0x000001fe9f48a82c: 0000 5de9 | ccbf 31fe | ba97 ffff | ff48 ff74 | 2440 488f | 4424 3890 

  0x000001fe9f48a844: ;   {runtime_call UncommonTrapBlob}
  0x000001fe9f48a844: c5f8 77e8 

  0x000001fe9f48a848: ; ImmutableOopMap {rbp=Oop [32]=Oop [40]=Oop [48]=Oop [80]=Oop }
                      ;*invokevirtual clone {reexecute=1 rethrow=0 return_oop=0}
                      ; - (reexecute) java.security.CodeSource::<init>@42
                      ; - java.net.URLClassLoader::defineClass@198
  0x000001fe9f48a848: b4d2 24fe 

  0x000001fe9f48a84c: ;   {other}
  0x000001fe9f48a84c: 0f1f 8400 | 3c1a 0034 

  0x000001fe9f48a854: ;   {internal_word}
  0x000001fe9f48a854: 49ba fb98 | 489f fe01 | 0000 4d89 | 9768 0400 

  0x000001fe9f48a864: ;   {runtime_call SafepointBlob}
  0x000001fe9f48a864: 00e9 16c1 

  0x000001fe9f48a868: ;   {runtime_call StubRoutines (final stubs)}
  0x000001fe9f48a868: 24fe e871 | 2823 fee9 | 0ae9 ffff | f4f4 f4f4 
[Stub Code]
  0x000001fe9f48a878: ;   {no_reloc}
  0x000001fe9f48a878: 48bb 0000 | 0000 0000 

  0x000001fe9f48a880: ;   {runtime_call nmethod}
  0x000001fe9f48a880: 0000 e9fb 

  0x000001fe9f48a884: ;   {static_stub}
  0x000001fe9f48a884: ffff ff48 | bb00 0000 | 0000 0000 

  0x000001fe9f48a890: ;   {runtime_call nmethod}
  0x000001fe9f48a890: 00e9 fbff 

  0x000001fe9f48a894: ;   {static_stub}
  0x000001fe9f48a894: ffff 48bb | 0000 0000 | 0000 0000 

  0x000001fe9f48a8a0: ;   {runtime_call nmethod}
  0x000001fe9f48a8a0: e9fb ffff 

  0x000001fe9f48a8a4: ;   {static_stub}
  0x000001fe9f48a8a4: ff48 bb00 | 0000 0000 

  0x000001fe9f48a8ac: ;   {runtime_call nmethod}
  0x000001fe9f48a8ac: 0000 00e9 | fbff ffff 

  0x000001fe9f48a8b4: ;   {static_stub}
  0x000001fe9f48a8b4: 48bb 0000 | 0000 0000 

  0x000001fe9f48a8bc: ;   {runtime_call nmethod}
  0x000001fe9f48a8bc: 0000 e9fb 

  0x000001fe9f48a8c0: ;   {static_stub}
  0x000001fe9f48a8c0: ffff ff48 | bb00 0000 | 0000 0000 

  0x000001fe9f48a8cc: ;   {runtime_call nmethod}
  0x000001fe9f48a8cc: 00e9 fbff 

  0x000001fe9f48a8d0: ;   {static_stub}
  0x000001fe9f48a8d0: ffff 48bb | 0000 0000 | 0000 0000 

  0x000001fe9f48a8dc: ;   {runtime_call nmethod}
  0x000001fe9f48a8dc: e9fb ffff 

  0x000001fe9f48a8e0: ;   {static_stub}
  0x000001fe9f48a8e0: ff48 bbf0 | c454 b6fe 

  0x000001fe9f48a8e8: ;   {runtime_call I2C/C2I adapters}
  0x000001fe9f48a8e8: 0100 00e9 | 7395 24fe 

  0x000001fe9f48a8f0: ;   {static_stub}
  0x000001fe9f48a8f0: 48bb 0000 | 0000 0000 

  0x000001fe9f48a8f8: ;   {runtime_call nmethod}
  0x000001fe9f48a8f8: 0000 e9fb 

  0x000001fe9f48a8fc: ;   {static_stub}
  0x000001fe9f48a8fc: ffff ff48 | bb00 0000 | 0000 0000 

  0x000001fe9f48a908: ;   {runtime_call nmethod}
  0x000001fe9f48a908: 00e9 fbff 

  0x000001fe9f48a90c: ;   {runtime_call ExceptionBlob}
  0x000001fe9f48a90c: ffff e9ed | 2e31 fee8 | 0000 0000 | 4883 2c24 

  0x000001fe9f48a91c: ;   {runtime_call DeoptimizationBlob}
  0x000001fe9f48a91c: 05e9 fed4 | 24fe f4f4 | f4f4 f4f4 
[/MachCode]


---------------  P R O C E S S  ---------------

Threads class SMR info:
_java_thread_list=0x000001fecdf34830, length=153, elements={
0x000001fe8a7e63c0, 0x000001feb5ae3d00, 0x000001feb5ae7210, 0x000001feb5b11fe0,
0x000001feb5b1c0e0, 0x000001feb5b44ec0, 0x000001feb5b45530, 0x000001feb5b465a0,
0x000001feb5b47740, 0x000001feb5b481e0, 0x000001feb5e448b0, 0x000001febbdfbe90,
0x000001febc053a80, 0x000001febc2b9920, 0x000001febc530c20, 0x000001febc49b790,
0x000001febc6adf60, 0x000001febc6ad8d0, 0x000001febc6acbb0, 0x000001febc6af310,
0x000001febc6ad240, 0x000001febc6ae5f0, 0x000001febc6b0030, 0x000001febc6aec80,
0x000001febc81e8d0, 0x000001febc81a730, 0x000001febc81bae0, 0x000001febc820310,
0x000001febc821030, 0x000001febc81b450, 0x000001febc821d50, 0x000001febc81c170,
0x000001fed563dd00, 0x000001fed563f740, 0x000001fed5638e40, 0x000001fed563a880,
0x000001fed563af10, 0x000001fed563c2c0, 0x000001febf48e200, 0x000001febf48ad80,
0x000001febe7697d0, 0x000001febe769e60, 0x000001febe76b210, 0x000001febe767d90,
0x000001febe76d2e0, 0x000001febe768ab0, 0x000001febe76ab80, 0x000001febe76f3b0,
0x000001febe76cc50, 0x000001febe76b8a0, 0x000001febe76d970, 0x000001febe76e000,
0x000001febe76bf30, 0x000001febe769140, 0x000001febe76ed20, 0x000001febed8c700,
0x000001febed8d420, 0x000001febed90210, 0x000001febed8e140, 0x000001febed8f4f0,
0x000001febed8fb80, 0x000001febed908a0, 0x000001febed8a630, 0x000001febe76c5c0,
0x000001febe76e690, 0x000001fed5640460, 0x000001fec4106200, 0x000001fec4102d80,
0x000001fec41075b0, 0x000001fec41047c0, 0x000001fec4106890, 0x000001fec41082d0,
0x000001fec4106f20, 0x000001fec4103410, 0x000001fec4103aa0, 0x000001fec4108ff0,
0x000001fec4104130, 0x000001fec4104e50, 0x000001fec41054e0, 0x000001fec4102060,
0x000001fec4105b70, 0x000001fec4108960, 0x000001fec4107c40, 0x000001fec4109680,
0x000001fec41026f0, 0x000001febd20b250, 0x000001febd2107a0, 0x000001febd20ed60,
0x000001fec3d56b10, 0x000001fec3d53d20, 0x000001fec3d522e0, 0x000001fec3d52970,
0x000001fec3d53000, 0x000001fec3d56480, 0x000001fec3d543b0, 0x000001fec3d54a40,
0x000001fec3d571a0, 0x000001fec3d57830, 0x000001fec3d550d0, 0x000001fec3d50f30,
0x000001fec3d515c0, 0x000001fed50adae0, 0x000001fed50a9fd0, 0x000001fed50ac0a0,
0x000001fed50af520, 0x000001fed50aa660, 0x000001fed50ae800, 0x000001fed50ac730,
0x000001fed50acdc0, 0x000001fed50a8c20, 0x000001fed50aacf0, 0x000001fed50ae170,
0x000001fed50aee90, 0x000001febd20abc0, 0x000001fed50b4a70, 0x000001fed50b36c0,
0x000001fec6f90f50, 0x000001fec6f936b0, 0x000001fec6f8c720, 0x000001fec6f90230,
0x000001fec6f93d40, 0x000001fec6f8cdb0, 0x000001fec6f8f510, 0x000001fec6f8e160,
0x000001fec6f8d440, 0x000001fec6f908c0, 0x000001fec6f943d0, 0x000001fec6f915e0,
0x000001fec6f94a60, 0x000001fec6f8dad0, 0x000001fec6f950f0, 0x000001fec6f8e7f0,
0x000001fecff3b250, 0x000001fec6f92300, 0x000001fec6f96b30, 0x000001fec6f98c00,
0x000001fec387b330, 0x000001fec387ee40, 0x000001fec387b9c0, 0x000001fec387fb60,
0x000001fec387e7b0, 0x000001fec6d64b40, 0x000001fec6d616c0, 0x000001fec6d65ef0,
0x000001fec6d651d0, 0x000001fec3864a40, 0x000001fec3866b10, 0x000001fec3863000,
0x000001fec386a620, 0x000001fec386acb0, 0x000001fec386b340, 0x000001fec386b9d0,
0x000001fec386c060
}

Java Threads: ( => current thread )
  0x000001fe8a7e63c0 JavaThread "main"                              [_thread_blocked, id=15612, stack(0x0000002264800000,0x0000002264900000) (1024K)]
  0x000001feb5ae3d00 JavaThread "Common-Cleaner"             daemon [_thread_blocked, id=3600, stack(0x0000002265000000,0x0000002265100000) (1024K)]
  0x000001feb5ae7210 JavaThread "Reference Handler"          daemon [_thread_blocked, id=13108, stack(0x0000002265100000,0x0000002265200000) (1024K)]
  0x000001feb5b11fe0 JavaThread "Finalizer"                  daemon [_thread_blocked, id=25256, stack(0x0000002265200000,0x0000002265300000) (1024K)]
  0x000001feb5b1c0e0 JavaThread "Signal Dispatcher"          daemon [_thread_blocked, id=1584, stack(0x0000002265300000,0x0000002265400000) (1024K)]
  0x000001feb5b44ec0 JavaThread "Attach Listener"            daemon [_thread_blocked, id=3212, stack(0x0000002265400000,0x0000002265500000) (1024K)]
  0x000001feb5b45530 JavaThread "Service Thread"             daemon [_thread_blocked, id=31196, stack(0x0000002265500000,0x0000002265600000) (1024K)]
  0x000001feb5b465a0 JavaThread "Monitor Deflation Thread"   daemon [_thread_blocked, id=10904, stack(0x0000002265600000,0x0000002265700000) (1024K)]
  0x000001feb5b47740 JavaThread "C2 CompilerThread0"         daemon [_thread_blocked, id=32444, stack(0x0000002265700000,0x0000002265800000) (1024K)]
  0x000001feb5b481e0 JavaThread "C1 CompilerThread0"         daemon [_thread_blocked, id=29396, stack(0x0000002265800000,0x0000002265900000) (1024K)]
  0x000001feb5e448b0 JavaThread "Notification Thread"        daemon [_thread_blocked, id=15652, stack(0x0000002265900000,0x0000002265a00000) (1024K)]
  0x000001febbdfbe90 JavaThread "Daemon health stats"               [_thread_blocked, id=17900, stack(0x0000002266000000,0x0000002266100000) (1024K)]
  0x000001febc053a80 JavaThread "Incoming local TCP Connector on port 31920"        [_thread_in_native, id=27112, stack(0x0000002266200000,0x0000002266300000) (1024K)]
  0x000001febc2b9920 JavaThread "Daemon periodic checks"            [_thread_blocked, id=29500, stack(0x0000002266300000,0x0000002266400000) (1024K)]
  0x000001febc530c20 JavaThread "Daemon"                            [_thread_blocked, id=27560, stack(0x0000002266400000,0x0000002266500000) (1024K)]
  0x000001febc49b790 JavaThread "Handler for socket connection from /127.0.0.1:31920 to /127.0.0.1:31930"        [_thread_in_native, id=20020, stack(0x0000002266500000,0x0000002266600000) (1024K)]
  0x000001febc6adf60 JavaThread "Cancel handler"                    [_thread_blocked, id=28684, stack(0x0000002266600000,0x0000002266700000) (1024K)]
  0x000001febc6ad8d0 JavaThread "Daemon worker"                     [_thread_blocked, id=28844, stack(0x0000002266700000,0x0000002266800000) (1024K)]
  0x000001febc6acbb0 JavaThread "Asynchronous log dispatcher for DefaultDaemonConnection: socket connection from /127.0.0.1:31920 to /127.0.0.1:31930"        [_thread_blocked, id=5980, stack(0x0000002266b00000,0x0000002266c00000) (1024K)]
  0x000001febc6af310 JavaThread "Stdin handler"                     [_thread_blocked, id=19644, stack(0x0000002266c00000,0x0000002266d00000) (1024K)]
  0x000001febc6ad240 JavaThread "Daemon client event forwarder"        [_thread_blocked, id=19924, stack(0x0000002266d00000,0x0000002266e00000) (1024K)]
  0x000001febc6ae5f0 JavaThread "Cache worker for journal cache (C:\Users\BH2VSQ\.gradle\caches\journal-1)"        [_thread_blocked, id=9700, stack(0x0000002266e00000,0x0000002266f00000) (1024K)]
  0x000001febc6b0030 JavaThread "File lock request listener"        [_thread_in_native, id=29736, stack(0x0000002266f00000,0x0000002267000000) (1024K)]
  0x000001febc6aec80 JavaThread "Cache worker for file hash cache (C:\Users\BH2VSQ\.gradle\caches\9.3.1\fileHashes)"        [_thread_blocked, id=6656, stack(0x0000002266100000,0x0000002266200000) (1024K)]
  0x000001febc81e8d0 JavaThread "Cache worker for file hash cache (C:\Users\BH2VSQ\Downloads\qsl_manager_mobile\android\.gradle\9.3.1\fileHashes)"        [_thread_blocked, id=25980, stack(0x0000002267100000,0x0000002267200000) (1024K)]
  0x000001febc81a730 JavaThread "Cache worker for Build Output Cleanup Cache (C:\Users\BH2VSQ\Downloads\qsl_manager_mobile\android\.gradle\buildOutputCleanup)"        [_thread_blocked, id=32124, stack(0x0000002267200000,0x0000002267300000) (1024K)]
  0x000001febc81bae0 JavaThread "File watcher server"        daemon [_thread_in_native, id=31352, stack(0x0000002267000000,0x0000002267100000) (1024K)]
  0x000001febc820310 JavaThread "File watcher consumer"      daemon [_thread_blocked, id=18868, stack(0x0000002267300000,0x0000002267400000) (1024K)]
  0x000001febc821030 JavaThread "Cache worker for checksums cache (C:\Users\BH2VSQ\Downloads\qsl_manager_mobile\android\.gradle\9.3.1\checksums)"        [_thread_blocked, id=6044, stack(0x0000002265a00000,0x0000002265b00000) (1024K)]
  0x000001febc81b450 JavaThread "Cache worker for file content cache (C:\Users\BH2VSQ\.gradle\caches\9.3.1\fileContent)"        [_thread_blocked, id=27792, stack(0x0000002267400000,0x0000002267500000) (1024K)]
  0x000001febc821d50 JavaThread "Cache worker for cache directory md-supplier (C:\Users\BH2VSQ\.gradle\caches\9.3.1\md-supplier)"        [_thread_blocked, id=21076, stack(0x0000002267500000,0x0000002267600000) (1024K)]
  0x000001febc81c170 JavaThread "Cache worker for cache directory md-rule (C:\Users\BH2VSQ\.gradle\caches\9.3.1\md-rule)"        [_thread_blocked, id=16580, stack(0x0000002267600000,0x0000002267700000) (1024K)]
  0x000001fed563dd00 JavaThread "Cache worker for Build Output Cleanup Cache (D:\Flutter SDK\flutter\packages\flutter_tools\gradle\.gradle\buildOutputCleanup)"        [_thread_blocked, id=6460, stack(0x0000002267800000,0x0000002267900000) (1024K)]
  0x000001fed563f740 JavaThread "Unconstrained build operations"        [_thread_blocked, id=26856, stack(0x0000002267900000,0x0000002267a00000) (1024K)]
  0x000001fed5638e40 JavaThread "Unconstrained build operations Thread 2"        [_thread_blocked, id=28592, stack(0x0000002267a00000,0x0000002267b00000) (1024K)]
  0x000001fed563a880 JavaThread "Unconstrained build operations Thread 3"        [_thread_blocked, id=27360, stack(0x0000002267b00000,0x0000002267c00000) (1024K)]
  0x000001fed563af10 JavaThread "Unconstrained build operations Thread 4"        [_thread_blocked, id=32492, stack(0x0000002267c00000,0x0000002267d00000) (1024K)]
  0x000001fed563c2c0 JavaThread "Unconstrained build operations Thread 5"        [_thread_blocked, id=10960, stack(0x0000002267d00000,0x0000002267e00000) (1024K)]
  0x000001febf48e200 JavaThread "Unconstrained build operations Thread 6"        [_thread_blocked, id=26416, stack(0x0000002267e00000,0x0000002267f00000) (1024K)]
  0x000001febf48ad80 JavaThread "Unconstrained build operations Thread 7"        [_thread_blocked, id=20028, stack(0x0000002267f00000,0x0000002268000000) (1024K)]
  0x000001febe7697d0 JavaThread "Unconstrained build operations Thread 8"        [_thread_blocked, id=30128, stack(0x0000002268000000,0x0000002268100000) (1024K)]
  0x000001febe769e60 JavaThread "Unconstrained build operations Thread 9"        [_thread_blocked, id=4528, stack(0x0000002268100000,0x0000002268200000) (1024K)]
  0x000001febe76b210 JavaThread "Unconstrained build operations Thread 10"        [_thread_blocked, id=30364, stack(0x0000002268200000,0x0000002268300000) (1024K)]
  0x000001febe767d90 JavaThread "Unconstrained build operations Thread 11"        [_thread_blocked, id=3332, stack(0x0000002268300000,0x0000002268400000) (1024K)]
  0x000001febe76d2e0 JavaThread "Unconstrained build operations Thread 12"        [_thread_blocked, id=8916, stack(0x0000002268400000,0x0000002268500000) (1024K)]
  0x000001febe768ab0 JavaThread "Unconstrained build operations Thread 13"        [_thread_blocked, id=4380, stack(0x0000002268500000,0x0000002268600000) (1024K)]
  0x000001febe76ab80 JavaThread "Unconstrained build operations Thread 14"        [_thread_blocked, id=17808, stack(0x0000002268600000,0x0000002268700000) (1024K)]
  0x000001febe76f3b0 JavaThread "Unconstrained build operations Thread 15"        [_thread_blocked, id=30568, stack(0x0000002267700000,0x0000002267800000) (1024K)]
  0x000001febe76cc50 JavaThread "Unconstrained build operations Thread 16"        [_thread_blocked, id=30816, stack(0x0000002268700000,0x0000002268800000) (1024K)]
  0x000001febe76b8a0 JavaThread "Unconstrained build operations Thread 17"        [_thread_blocked, id=29872, stack(0x0000002268800000,0x0000002268900000) (1024K)]
  0x000001febe76d970 JavaThread "Unconstrained build operations Thread 18"        [_thread_blocked, id=30060, stack(0x0000002268900000,0x0000002268a00000) (1024K)]
  0x000001febe76e000 JavaThread "Unconstrained build operations Thread 19"        [_thread_blocked, id=27768, stack(0x0000002268a00000,0x0000002268b00000) (1024K)]
  0x000001febe76bf30 JavaThread "Unconstrained build operations Thread 20"        [_thread_blocked, id=28348, stack(0x0000002268b00000,0x0000002268c00000) (1024K)]
  0x000001febe769140 JavaThread "Unconstrained build operations Thread 21"        [_thread_blocked, id=3456, stack(0x0000002268c00000,0x0000002268d00000) (1024K)]
  0x000001febe76ed20 JavaThread "Memory manager"                    [_thread_blocked, id=2840, stack(0x0000002268d00000,0x0000002268e00000) (1024K)]
  0x000001febed8c700 JavaThread "build event listener"              [_thread_blocked, id=32144, stack(0x0000002268e00000,0x0000002268f00000) (1024K)]
  0x000001febed8d420 JavaThread "Execution worker"                  [_thread_blocked, id=28760, stack(0x0000002269200000,0x0000002269300000) (1024K)]
  0x000001febed90210 JavaThread "Execution worker Thread 2"         [_thread_blocked, id=26996, stack(0x0000002269300000,0x0000002269400000) (1024K)]
  0x000001febed8e140 JavaThread "Execution worker Thread 3"         [_thread_blocked, id=16712, stack(0x0000002269400000,0x0000002269500000) (1024K)]
  0x000001febed8f4f0 JavaThread "Execution worker Thread 4"         [_thread_blocked, id=25828, stack(0x0000002269500000,0x0000002269600000) (1024K)]
  0x000001febed8fb80 JavaThread "Execution worker Thread 5"         [_thread_blocked, id=32712, stack(0x0000002269600000,0x0000002269700000) (1024K)]
  0x000001febed908a0 JavaThread "Execution worker Thread 6"         [_thread_blocked, id=28484, stack(0x0000002269700000,0x0000002269800000) (1024K)]
  0x000001febed8a630 JavaThread "Execution worker Thread 7"         [_thread_blocked, id=14996, stack(0x0000002269800000,0x0000002269900000) (1024K)]
  0x000001febe76c5c0 JavaThread "Cache worker for execution history cache (D:\Flutter SDK\flutter\packages\flutter_tools\gradle\.gradle\9.3.1\executionHistory)"        [_thread_blocked, id=1580, stack(0x0000002269900000,0x0000002269a00000) (1024K)]
  0x000001febe76e690 JavaThread "Unconstrained build operations Thread 22"        [_thread_blocked, id=28376, stack(0x0000002269000000,0x0000002269100000) (1024K)]
  0x000001fed5640460 JavaThread "Unconstrained build operations Thread 23"        [_thread_blocked, id=17628, stack(0x0000002269a00000,0x0000002269b00000) (1024K)]
  0x000001fec4106200 JavaThread "Unconstrained build operations Thread 24"        [_thread_blocked, id=17096, stack(0x0000002269b00000,0x0000002269c00000) (1024K)]
  0x000001fec4102d80 JavaThread "Unconstrained build operations Thread 25"        [_thread_blocked, id=25492, stack(0x0000002269c00000,0x0000002269d00000) (1024K)]
  0x000001fec41075b0 JavaThread "Unconstrained build operations Thread 26"        [_thread_blocked, id=32084, stack(0x0000002269d00000,0x0000002269e00000) (1024K)]
  0x000001fec41047c0 JavaThread "Unconstrained build operations Thread 27"        [_thread_blocked, id=30332, stack(0x0000002269e00000,0x0000002269f00000) (1024K)]
  0x000001fec4106890 JavaThread "Unconstrained build operations Thread 28"        [_thread_blocked, id=27668, stack(0x0000002269f00000,0x000000226a000000) (1024K)]
  0x000001fec41082d0 JavaThread "Unconstrained build operations Thread 29"        [_thread_blocked, id=26688, stack(0x000000226a000000,0x000000226a100000) (1024K)]
  0x000001fec4106f20 JavaThread "Unconstrained build operations Thread 30"        [_thread_blocked, id=23012, stack(0x000000226a100000,0x000000226a200000) (1024K)]
  0x000001fec4103410 JavaThread "Unconstrained build operations Thread 31"        [_thread_blocked, id=10584, stack(0x000000226a200000,0x000000226a300000) (1024K)]
  0x000001fec4103aa0 JavaThread "Unconstrained build operations Thread 32"        [_thread_blocked, id=4256, stack(0x000000226a300000,0x000000226a400000) (1024K)]
  0x000001fec4108ff0 JavaThread "Unconstrained build operations Thread 33"        [_thread_blocked, id=32228, stack(0x000000226a400000,0x000000226a500000) (1024K)]
  0x000001fec4104130 JavaThread "Unconstrained build operations Thread 34"        [_thread_blocked, id=4344, stack(0x000000226a500000,0x000000226a600000) (1024K)]
  0x000001fec4104e50 JavaThread "Unconstrained build operations Thread 35"        [_thread_blocked, id=28472, stack(0x000000226a600000,0x000000226a700000) (1024K)]
  0x000001fec41054e0 JavaThread "Unconstrained build operations Thread 36"        [_thread_blocked, id=13088, stack(0x000000226a700000,0x000000226a800000) (1024K)]
  0x000001fec4102060 JavaThread "Unconstrained build operations Thread 37"        [_thread_blocked, id=18352, stack(0x000000226a800000,0x000000226a900000) (1024K)]
  0x000001fec4105b70 JavaThread "Unconstrained build operations Thread 38"        [_thread_blocked, id=17300, stack(0x000000226a900000,0x000000226aa00000) (1024K)]
  0x000001fec4108960 JavaThread "Unconstrained build operations Thread 39"        [_thread_blocked, id=27724, stack(0x000000226aa00000,0x000000226ab00000) (1024K)]
  0x000001fec4107c40 JavaThread "Unconstrained build operations Thread 40"        [_thread_blocked, id=30464, stack(0x000000226ab00000,0x000000226ac00000) (1024K)]
  0x000001fec4109680 JavaThread "Unconstrained build operations Thread 41"        [_thread_blocked, id=28820, stack(0x000000226ac00000,0x000000226ad00000) (1024K)]
  0x000001fec41026f0 JavaThread "Unconstrained build operations Thread 42"        [_thread_blocked, id=30964, stack(0x000000226ad00000,0x000000226ae00000) (1024K)]
  0x000001febd20b250 JavaThread "Unconstrained build operations Thread 43"        [_thread_blocked, id=15588, stack(0x0000002268f00000,0x0000002269000000) (1024K)]
  0x000001febd2107a0 JavaThread "Unconstrained build operations Thread 44"        [_thread_blocked, id=30056, stack(0x000000226ae00000,0x000000226af00000) (1024K)]
  0x000001febd20ed60 JavaThread "WorkerExecutor Queue"              [_thread_blocked, id=1592, stack(0x000000226b000000,0x000000226b100000) (1024K)]
  0x000001fec3d56b10 JavaThread "RMI Scheduler(0)"           daemon [_thread_blocked, id=12452, stack(0x000000226af00000,0x000000226b000000) (1024K)]
  0x000001fec3d53d20 JavaThread "RMI GC Daemon"              daemon [_thread_blocked, id=16432, stack(0x000000226b200000,0x000000226b300000) (1024K)]
  0x000001fec3d522e0 JavaThread "RMI TCP Accept-0"           daemon [_thread_in_native, id=28540, stack(0x000000226b300000,0x000000226b400000) (1024K)]
  0x000001fec3d52970 JavaThread "RMI Reaper"                        [_thread_blocked, id=26340, stack(0x000000226b400000,0x000000226b500000) (1024K)]
  0x000001fec3d53000 JavaThread "Unconstrained build operations Thread 45"        [_thread_blocked, id=17140, stack(0x000000226b500000,0x000000226b600000) (1024K)]
  0x000001fec3d56480 JavaThread "Unconstrained build operations Thread 46"        [_thread_blocked, id=31040, stack(0x000000226b700000,0x000000226b800000) (1024K)]
  0x000001fec3d543b0 JavaThread "Unconstrained build operations Thread 47"        [_thread_blocked, id=22452, stack(0x000000226b800000,0x000000226b900000) (1024K)]
  0x000001fec3d54a40 JavaThread "Unconstrained build operations Thread 48"        [_thread_blocked, id=11792, stack(0x000000226b900000,0x000000226ba00000) (1024K)]
  0x000001fec3d571a0 JavaThread "Unconstrained build operations Thread 49"        [_thread_blocked, id=31772, stack(0x000000226ba00000,0x000000226bb00000) (1024K)]
  0x000001fec3d57830 JavaThread "Unconstrained build operations Thread 50"        [_thread_blocked, id=29264, stack(0x000000226bb00000,0x000000226bc00000) (1024K)]
  0x000001fec3d550d0 JavaThread "Unconstrained build operations Thread 51"        [_thread_blocked, id=30032, stack(0x000000226bc00000,0x000000226bd00000) (1024K)]
  0x000001fec3d50f30 JavaThread "Unconstrained build operations Thread 52"        [_thread_blocked, id=19972, stack(0x000000226bd00000,0x000000226be00000) (1024K)]
  0x000001fec3d515c0 JavaThread "Unconstrained build operations Thread 53"        [_thread_blocked, id=16684, stack(0x000000226be00000,0x000000226bf00000) (1024K)]
  0x000001fed50adae0 JavaThread "Unconstrained build operations Thread 54"        [_thread_blocked, id=7384, stack(0x000000226bf00000,0x000000226c000000) (1024K)]
  0x000001fed50a9fd0 JavaThread "Unconstrained build operations Thread 55"        [_thread_blocked, id=26888, stack(0x000000226c000000,0x000000226c100000) (1024K)]
  0x000001fed50ac0a0 JavaThread "Unconstrained build operations Thread 56"        [_thread_blocked, id=1144, stack(0x000000226c100000,0x000000226c200000) (1024K)]
  0x000001fed50af520 JavaThread "Unconstrained build operations Thread 57"        [_thread_blocked, id=30732, stack(0x000000226c200000,0x000000226c300000) (1024K)]
  0x000001fed50aa660 JavaThread "Unconstrained build operations Thread 58"        [_thread_blocked, id=30104, stack(0x000000226c300000,0x000000226c400000) (1024K)]
  0x000001fed50ae800 JavaThread "Unconstrained build operations Thread 59"        [_thread_blocked, id=26196, stack(0x000000226b100000,0x000000226b200000) (1024K)]
  0x000001fed50ac730 JavaThread "Unconstrained build operations Thread 60"        [_thread_blocked, id=11696, stack(0x000000226c400000,0x000000226c500000) (1024K)]
  0x000001fed50acdc0 JavaThread "Unconstrained build operations Thread 61"        [_thread_blocked, id=4688, stack(0x000000226c500000,0x000000226c600000) (1024K)]
  0x000001fed50a8c20 JavaThread "Unconstrained build operations Thread 62"        [_thread_blocked, id=19548, stack(0x000000226c600000,0x000000226c700000) (1024K)]
  0x000001fed50aacf0 JavaThread "Unconstrained build operations Thread 63"        [_thread_blocked, id=27168, stack(0x000000226c700000,0x000000226c800000) (1024K)]
  0x000001fed50ae170 JavaThread "Unconstrained build operations Thread 64"        [_thread_blocked, id=28120, stack(0x000000226c800000,0x000000226c900000) (1024K)]
  0x000001fed50aee90 JavaThread "Unconstrained build operations Thread 65"        [_thread_blocked, id=28724, stack(0x000000226c900000,0x000000226ca00000) (1024K)]
  0x000001febd20abc0 JavaThread "Kotlin DSL Writer"                 [_thread_blocked, id=28488, stack(0x000000226ca00000,0x000000226cb00000) (1024K)]
  0x000001fed50b4a70 JavaThread "build event listener"              [_thread_blocked, id=26740, stack(0x0000002264600000,0x0000002264700000) (1024K)]
  0x000001fed50b36c0 JavaThread "build event listener"              [_thread_blocked, id=25028, stack(0x0000002264700000,0x0000002264800000) (1024K)]
  0x000001fec6f90f50 JavaThread "Problems report writer"            [_thread_blocked, id=17272, stack(0x000000226cb00000,0x000000226cc00000) (1024K)]
  0x000001fec6f936b0 JavaThread "Unconstrained build operations Thread 66"        [_thread_blocked, id=30236, stack(0x000000226cd00000,0x000000226ce00000) (1024K)]
  0x000001fec6f8c720 JavaThread "Unconstrained build operations Thread 67"        [_thread_blocked, id=13016, stack(0x000000226ce00000,0x000000226cf00000) (1024K)]
  0x000001fec6f90230 JavaThread "Unconstrained build operations Thread 68"        [_thread_blocked, id=15296, stack(0x000000226cf00000,0x000000226d000000) (1024K)]
  0x000001fec6f93d40 JavaThread "Unconstrained build operations Thread 69"        [_thread_blocked, id=29928, stack(0x000000226d000000,0x000000226d100000) (1024K)]
  0x000001fec6f8cdb0 JavaThread "Unconstrained build operations Thread 70"        [_thread_blocked, id=28964, stack(0x000000226d100000,0x000000226d200000) (1024K)]
  0x000001fec6f8f510 JavaThread "Unconstrained build operations Thread 71"        [_thread_blocked, id=29248, stack(0x000000226d200000,0x000000226d300000) (1024K)]
  0x000001fec6f8e160 JavaThread "Unconstrained build operations Thread 72"        [_thread_blocked, id=26872, stack(0x000000226d300000,0x000000226d400000) (1024K)]
  0x000001fec6f8d440 JavaThread "Unconstrained build operations Thread 73"        [_thread_blocked, id=19968, stack(0x0000002264500000,0x0000002264600000) (1024K)]
  0x000001fec6f908c0 JavaThread "Unconstrained build operations Thread 74"        [_thread_blocked, id=2980, stack(0x000000226cc00000,0x000000226cd00000) (1024K)]
  0x000001fec6f943d0 JavaThread "Unconstrained build operations Thread 75"        [_thread_blocked, id=31080, stack(0x000000226d400000,0x000000226d500000) (1024K)]
  0x000001fec6f915e0 JavaThread "Unconstrained build operations Thread 76"        [_thread_blocked, id=29800, stack(0x000000226d500000,0x000000226d600000) (1024K)]
  0x000001fec6f94a60 JavaThread "Unconstrained build operations Thread 77"        [_thread_blocked, id=15972, stack(0x000000226d600000,0x000000226d700000) (1024K)]
  0x000001fec6f8dad0 JavaThread "Unconstrained build operations Thread 78"        [_thread_blocked, id=9192, stack(0x000000226d700000,0x000000226d800000) (1024K)]
  0x000001fec6f950f0 JavaThread "Unconstrained build operations Thread 79"        [_thread_blocked, id=29360, stack(0x000000226d800000,0x000000226d900000) (1024K)]
  0x000001fec6f8e7f0 JavaThread "Unconstrained build operations Thread 80"        [_thread_blocked, id=32408, stack(0x000000226d900000,0x000000226da00000) (1024K)]
  0x000001fecff3b250 JavaThread "jar transforms"                    [_thread_blocked, id=28644, stack(0x000000226da00000,0x000000226db00000) (1024K)]
  0x000001fec6f92300 JavaThread "jar transforms Thread 2"           [_thread_blocked, id=32160, stack(0x000000226db00000,0x000000226dc00000) (1024K)]
  0x000001fec6f96b30 JavaThread "jar transforms Thread 3"           [_thread_blocked, id=17688, stack(0x000000226dd00000,0x000000226de00000) (1024K)]
  0x000001fec6f98c00 JavaThread "jar transforms Thread 4"           [_thread_blocked, id=22072, stack(0x000000226df00000,0x000000226e000000) (1024K)]
  0x000001fec387b330 JavaThread "included builds Thread 2"          [_thread_blocked, id=16300, stack(0x000000226b600000,0x000000226b700000) (1024K)]
  0x000001fec387ee40 JavaThread "Cache worker for execution history cache (C:\Users\BH2VSQ\Downloads\qsl_manager_mobile\android\.gradle\9.3.1\executionHistory)"        [_thread_blocked, id=24980, stack(0x000000226dc00000,0x000000226dd00000) (1024K)]
  0x000001fec387b9c0 JavaThread "WorkerExecutor Queue Thread 2"        [_thread_blocked, id=10224, stack(0x0000002269100000,0x0000002269200000) (1024K)]
  0x000001fec387fb60 JavaThread "WorkerExecutor Queue Thread 3"        [_thread_blocked, id=3496, stack(0x000000226e000000,0x000000226e100000) (1024K)]
  0x000001fec387e7b0 JavaThread "WorkerExecutor Queue Thread 4"        [_thread_blocked, id=26064, stack(0x000000226e100000,0x000000226e200000) (1024K)]
  0x000001fec6d64b40 JavaThread "WorkerExecutor Queue Thread 5"        [_thread_blocked, id=24176, stack(0x000000226e200000,0x000000226e300000) (1024K)]
  0x000001fec6d616c0 JavaThread "WorkerExecutor Queue Thread 6"        [_thread_blocked, id=28060, stack(0x000000226e300000,0x000000226e400000) (1024K)]
  0x000001fec6d65ef0 JavaThread "WorkerExecutor Queue Thread 7"        [_thread_blocked, id=5256, stack(0x000000226e400000,0x000000226e500000) (1024K)]
  0x000001fec6d651d0 JavaThread "WorkerExecutor Queue Thread 8"        [_thread_blocked, id=31588, stack(0x000000226e500000,0x000000226e600000) (1024K)]
  0x000001fec3864a40 JavaThread "pool-3-thread-3"                   [_thread_blocked, id=29744, stack(0x000000226e700000,0x000000226e800000) (1024K)]
  0x000001fec3866b10 JavaThread "pool-3-thread-1"                   [_thread_blocked, id=9656, stack(0x000000226e800000,0x000000226e900000) (1024K)]
  0x000001fec3863000 JavaThread "pool-3-thread-5"                   [_thread_blocked, id=17336, stack(0x000000226e900000,0x000000226ea00000) (1024K)]
=>0x000001fec386a620 JavaThread "pool-3-thread-7"                   [_thread_in_vm, id=27388, stack(0x000000226ea00000,0x000000226eb00000) (1024K)]
  0x000001fec386acb0 JavaThread "pool-3-thread-6"                   [_thread_blocked, id=32372, stack(0x000000226eb00000,0x000000226ec00000) (1024K)]
  0x000001fec386b340 JavaThread "pool-3-thread-4"                   [_thread_blocked, id=2100, stack(0x000000226ec00000,0x000000226ed00000) (1024K)]
  0x000001fec386b9d0 JavaThread "pool-3-thread-2"                   [_thread_blocked, id=31960, stack(0x000000226ed00000,0x000000226ee00000) (1024K)]
  0x000001fec386c060 JavaThread "pool-3-thread-8"                   [_thread_blocked, id=32216, stack(0x000000226ee00000,0x000000226ef00000) (1024K)]
Total: 153

Other Threads:
  0x000001feb5a6b090 VMThread "VM Thread"                           [id=30516, stack(0x0000002264f00000,0x0000002265000000) (1024K)]
  0x000001feb58dbf40 WatcherThread "VM Periodic Task Thread"        [id=20728, stack(0x0000002264e00000,0x0000002264f00000) (1024K)]
  0x000001fe8a84e6f0 WorkerThread "GC Thread#0"                     [id=32544, stack(0x0000002264900000,0x0000002264a00000) (1024K)]
  0x000001feba2f8880 WorkerThread "GC Thread#1"                     [id=29540, stack(0x0000002265b00000,0x0000002265c00000) (1024K)]
  0x000001feba2f8c30 WorkerThread "GC Thread#2"                     [id=24264, stack(0x0000002265c00000,0x0000002265d00000) (1024K)]
  0x000001feba2f8fe0 WorkerThread "GC Thread#3"                     [id=31540, stack(0x0000002265d00000,0x0000002265e00000) (1024K)]
  0x000001feba691d50 WorkerThread "GC Thread#4"                     [id=29104, stack(0x0000002265e00000,0x0000002265f00000) (1024K)]
  0x000001feba692100 WorkerThread "GC Thread#5"                     [id=21012, stack(0x0000002265f00000,0x0000002266000000) (1024K)]
  0x000001febc43fa50 WorkerThread "GC Thread#6"                     [id=3932, stack(0x0000002266800000,0x0000002266900000) (1024K)]
  0x000001febc43e7e0 WorkerThread "GC Thread#7"                     [id=11048, stack(0x0000002266900000,0x0000002266a00000) (1024K)]
  0x000001fe8a85f600 ConcurrentGCThread "G1 Main Marker"            [id=4020, stack(0x0000002264a00000,0x0000002264b00000) (1024K)]
  0x000001fe8a85fec0 WorkerThread "G1 Conc#0"                       [id=27160, stack(0x0000002264b00000,0x0000002264c00000) (1024K)]
  0x000001febc43e080 WorkerThread "G1 Conc#1"                       [id=14792, stack(0x0000002266a00000,0x0000002266b00000) (1024K)]
  0x000001feb57a3920 ConcurrentGCThread "G1 Refine#0"               [id=31884, stack(0x0000002264c00000,0x0000002264d00000) (1024K)]
  0x000001feb57a4150 ConcurrentGCThread "G1 Service"                [id=17196, stack(0x0000002264d00000,0x0000002264e00000) (1024K)]
Total: 15

Threads with active compile tasks:
Total: 0

VM state: not at safepoint (normal execution)

VM Mutex/Monitor currently owned by a thread:  ([mutex/lock_event])
[0x00007ffa5e9d64d0] Metaspace_lock - owner thread: 0x000001fec386a620

Heap address: 0x0000000700000000, size: 4096 MB, Compressed Oops mode: Zero based, Oop shift amount: 3

CDS archive(s) not mapped
Compressed class space mapped at: 0x0000000800000000-0x0000000840000000, reserved size: 1073741824
Narrow klass base: 0x0000000800000000, Narrow klass shift: 0, Narrow klass range: 0x40000000

GC Precious Log:
 CardTable entry size: 512
 Card Set container configuration: InlinePtr #cards 4 size 8 Array Of Cards #cards 16 size 48 Howl #buckets 8 coarsen threshold 3686 Howl Bitmap #cards 512 size 80 coarsen threshold 460 Card regions per heap region 1 cards per card region 4096
 CPUs: 8 total, 8 available
 Memory: 16167M
 Large Page Support: Disabled
 NUMA Support: Disabled
 Compressed Oops: Enabled (Zero based)
 Heap Region Size: 2M
 Heap Min Capacity: 8M
 Heap Initial Capacity: 254M
 Heap Max Capacity: 4G
 Pre-touch: Disabled
 Parallel Workers: 8
 Concurrent Workers: 2
 Concurrent Refinement Workers: 8
 Periodic GC: Disabled

Heap:
 garbage-first heap   total 940032K, used 439789K [0x0000000700000000, 0x0000000800000000)
  region size 2048K, 34 young (69632K), 5 survivors (10240K)
 Metaspace       used 249373K, committed 252096K, reserved 1310720K
  class space    used 32172K, committed 33472K, reserved 1048576K

Heap Regions: E=young(eden), S=young(survivor), O=old, HS=humongous(starts), HC=humongous(continues), CS=collection set, F=free, TAMS=top-at-mark-start, PB=parsable bottom
|   0|0x0000000700000000, 0x0000000700200000, 0x0000000700200000|100%|HS|  |TAMS 0x0000000700000000| PB 0x0000000700000000| Complete 
|   1|0x0000000700200000, 0x0000000700400000, 0x0000000700400000|100%|HC|  |TAMS 0x0000000700200000| PB 0x0000000700200000| Complete 
|   2|0x0000000700400000, 0x0000000700600000, 0x0000000700600000|100%| O|  |TAMS 0x0000000700400000| PB 0x0000000700400000| Untracked 
|   3|0x0000000700600000, 0x0000000700800000, 0x0000000700800000|100%| O|  |TAMS 0x0000000700600000| PB 0x0000000700600000| Untracked 
|   4|0x0000000700800000, 0x0000000700a00000, 0x0000000700a00000|100%| O|  |TAMS 0x0000000700800000| PB 0x0000000700800000| Untracked 
|   5|0x0000000700a00000, 0x0000000700c00000, 0x0000000700c00000|100%| O|  |TAMS 0x0000000700a00000| PB 0x0000000700a00000| Untracked 
|   6|0x0000000700c00000, 0x0000000700e00000, 0x0000000700e00000|100%| O|  |TAMS 0x0000000700c00000| PB 0x0000000700c00000| Untracked 
|   7|0x0000000700e00000, 0x0000000701000000, 0x0000000701000000|100%| O|  |TAMS 0x0000000700e00000| PB 0x0000000700e00000| Untracked 
|   8|0x0000000701000000, 0x0000000701200000, 0x0000000701200000|100%| O|  |TAMS 0x0000000701000000| PB 0x0000000701000000| Untracked 
|   9|0x0000000701200000, 0x0000000701400000, 0x0000000701400000|100%| O|  |TAMS 0x0000000701200000| PB 0x0000000701200000| Untracked 
|  10|0x0000000701400000, 0x0000000701600000, 0x0000000701600000|100%| O|  |TAMS 0x0000000701400000| PB 0x0000000701400000| Untracked 
|  11|0x0000000701600000, 0x0000000701800000, 0x0000000701800000|100%| O|  |TAMS 0x0000000701600000| PB 0x0000000701600000| Untracked 
|  12|0x0000000701800000, 0x0000000701a00000, 0x0000000701a00000|100%| O|  |TAMS 0x0000000701800000| PB 0x0000000701800000| Untracked 
|  13|0x0000000701a00000, 0x0000000701c00000, 0x0000000701c00000|100%| O|  |TAMS 0x0000000701a00000| PB 0x0000000701a00000| Untracked 
|  14|0x0000000701c00000, 0x0000000701e00000, 0x0000000701e00000|100%| O|  |TAMS 0x0000000701c00000| PB 0x0000000701c00000| Untracked 
|  15|0x0000000701e00000, 0x0000000702000000, 0x0000000702000000|100%| O|  |TAMS 0x0000000701e00000| PB 0x0000000701e00000| Untracked 
|  16|0x0000000702000000, 0x0000000702200000, 0x0000000702200000|100%| O|  |TAMS 0x0000000702000000| PB 0x0000000702000000| Untracked 
|  17|0x0000000702200000, 0x0000000702400000, 0x0000000702400000|100%| O|  |TAMS 0x0000000702200000| PB 0x0000000702200000| Untracked 
|  18|0x0000000702400000, 0x0000000702600000, 0x0000000702600000|100%| O|  |TAMS 0x0000000702400000| PB 0x0000000702400000| Untracked 
|  19|0x0000000702600000, 0x0000000702800000, 0x0000000702800000|100%| O|  |TAMS 0x0000000702600000| PB 0x0000000702600000| Untracked 
|  20|0x0000000702800000, 0x0000000702a00000, 0x0000000702a00000|100%| O|  |TAMS 0x0000000702800000| PB 0x0000000702800000| Untracked 
|  21|0x0000000702a00000, 0x0000000702c00000, 0x0000000702c00000|100%| O|  |TAMS 0x0000000702a00000| PB 0x0000000702a00000| Untracked 
|  22|0x0000000702c00000, 0x0000000702e00000, 0x0000000702e00000|100%| O|  |TAMS 0x0000000702c00000| PB 0x0000000702c00000| Untracked 
|  23|0x0000000702e00000, 0x0000000703000000, 0x0000000703000000|100%|HS|  |TAMS 0x0000000702e00000| PB 0x0000000702e00000| Complete 
|  24|0x0000000703000000, 0x0000000703200000, 0x0000000703200000|100%| O|  |TAMS 0x0000000703000000| PB 0x0000000703000000| Untracked 
|  25|0x0000000703200000, 0x0000000703400000, 0x0000000703400000|100%| O|  |TAMS 0x0000000703200000| PB 0x0000000703200000| Untracked 
|  26|0x0000000703400000, 0x0000000703600000, 0x0000000703600000|100%| O|  |TAMS 0x0000000703400000| PB 0x0000000703400000| Untracked 
|  27|0x0000000703600000, 0x0000000703800000, 0x0000000703800000|100%| O|  |TAMS 0x0000000703600000| PB 0x0000000703600000| Untracked 
|  28|0x0000000703800000, 0x0000000703a00000, 0x0000000703a00000|100%|HS|  |TAMS 0x0000000703800000| PB 0x0000000703800000| Complete 
|  29|0x0000000703a00000, 0x0000000703c00000, 0x0000000703c00000|100%|HS|  |TAMS 0x0000000703a00000| PB 0x0000000703a00000| Complete 
|  30|0x0000000703c00000, 0x0000000703e00000, 0x0000000703e00000|100%| O|  |TAMS 0x0000000703c00000| PB 0x0000000703c00000| Untracked 
|  31|0x0000000703e00000, 0x0000000704000000, 0x0000000704000000|100%| O|  |TAMS 0x0000000703e00000| PB 0x0000000703e00000| Untracked 
|  32|0x0000000704000000, 0x0000000704200000, 0x0000000704200000|100%| O|  |TAMS 0x0000000704000000| PB 0x0000000704000000| Untracked 
|  33|0x0000000704200000, 0x0000000704400000, 0x0000000704400000|100%| O|  |TAMS 0x0000000704200000| PB 0x0000000704200000| Untracked 
|  34|0x0000000704400000, 0x0000000704600000, 0x0000000704600000|100%| O|  |TAMS 0x0000000704400000| PB 0x0000000704400000| Untracked 
|  35|0x0000000704600000, 0x0000000704800000, 0x0000000704800000|100%| O|  |TAMS 0x0000000704600000| PB 0x0000000704600000| Untracked 
|  36|0x0000000704800000, 0x0000000704a00000, 0x0000000704a00000|100%| O|  |TAMS 0x0000000704800000| PB 0x0000000704800000| Untracked 
|  37|0x0000000704a00000, 0x0000000704c00000, 0x0000000704c00000|100%|HS|  |TAMS 0x0000000704a00000| PB 0x0000000704a00000| Complete 
|  38|0x0000000704c00000, 0x0000000704e00000, 0x0000000704e00000|100%| O|  |TAMS 0x0000000704c00000| PB 0x0000000704c00000| Untracked 
|  39|0x0000000704e00000, 0x0000000705000000, 0x0000000705000000|100%| O|  |TAMS 0x0000000704e00000| PB 0x0000000704e00000| Untracked 
|  40|0x0000000705000000, 0x0000000705200000, 0x0000000705200000|100%| O|  |TAMS 0x0000000705000000| PB 0x0000000705000000| Untracked 
|  41|0x0000000705200000, 0x0000000705400000, 0x0000000705400000|100%| O|  |TAMS 0x0000000705200000| PB 0x0000000705200000| Untracked 
|  42|0x0000000705400000, 0x0000000705600000, 0x0000000705600000|100%| O|  |TAMS 0x0000000705400000| PB 0x0000000705400000| Untracked 
|  43|0x0000000705600000, 0x0000000705800000, 0x0000000705800000|100%| O|  |TAMS 0x0000000705600000| PB 0x0000000705600000| Untracked 
|  44|0x0000000705800000, 0x0000000705a00000, 0x0000000705a00000|100%| O|  |TAMS 0x0000000705800000| PB 0x0000000705800000| Untracked 
|  45|0x0000000705a00000, 0x0000000705c00000, 0x0000000705c00000|100%| O|  |TAMS 0x0000000705a00000| PB 0x0000000705a00000| Untracked 
|  46|0x0000000705c00000, 0x0000000705e00000, 0x0000000705e00000|100%| O|  |TAMS 0x0000000705c00000| PB 0x0000000705c00000| Untracked 
|  47|0x0000000705e00000, 0x0000000706000000, 0x0000000706000000|100%| O|  |TAMS 0x0000000705e00000| PB 0x0000000705e00000| Untracked 
|  48|0x0000000706000000, 0x0000000706200000, 0x0000000706200000|100%| O|  |TAMS 0x0000000706000000| PB 0x0000000706000000| Untracked 
|  49|0x0000000706200000, 0x0000000706400000, 0x0000000706400000|100%| O|  |TAMS 0x0000000706200000| PB 0x0000000706200000| Untracked 
|  50|0x0000000706400000, 0x0000000706600000, 0x0000000706600000|100%| O|  |TAMS 0x0000000706400000| PB 0x0000000706400000| Untracked 
|  51|0x0000000706600000, 0x0000000706800000, 0x0000000706800000|100%|HS|  |TAMS 0x0000000706600000| PB 0x0000000706600000| Complete 
|  52|0x0000000706800000, 0x0000000706a00000, 0x0000000706a00000|100%| O|  |TAMS 0x0000000706800000| PB 0x0000000706800000| Untracked 
|  53|0x0000000706a00000, 0x0000000706c00000, 0x0000000706c00000|100%| O|  |TAMS 0x0000000706a00000| PB 0x0000000706a00000| Untracked 
|  54|0x0000000706c00000, 0x0000000706e00000, 0x0000000706e00000|100%| O|  |TAMS 0x0000000706c00000| PB 0x0000000706c00000| Untracked 
|  55|0x0000000706e00000, 0x0000000707000000, 0x0000000707000000|100%| O|  |TAMS 0x0000000706e00000| PB 0x0000000706e00000| Untracked 
|  56|0x0000000707000000, 0x0000000707200000, 0x0000000707200000|100%| O|  |TAMS 0x0000000707000000| PB 0x0000000707000000| Untracked 
|  57|0x0000000707200000, 0x0000000707400000, 0x0000000707400000|100%| O|  |TAMS 0x0000000707200000| PB 0x0000000707200000| Untracked 
|  58|0x0000000707400000, 0x0000000707600000, 0x0000000707600000|100%| O|  |TAMS 0x0000000707400000| PB 0x0000000707400000| Untracked 
|  59|0x0000000707600000, 0x0000000707800000, 0x0000000707800000|100%| O|  |TAMS 0x0000000707600000| PB 0x0000000707600000| Untracked 
|  60|0x0000000707800000, 0x0000000707a00000, 0x0000000707a00000|100%| O|  |TAMS 0x0000000707800000| PB 0x0000000707800000| Untracked 
|  61|0x0000000707a00000, 0x0000000707c00000, 0x0000000707c00000|100%| O|  |TAMS 0x0000000707a00000| PB 0x0000000707a00000| Untracked 
|  62|0x0000000707c00000, 0x0000000707e00000, 0x0000000707e00000|100%| O|  |TAMS 0x0000000707c00000| PB 0x0000000707c00000| Untracked 
|  63|0x0000000707e00000, 0x0000000708000000, 0x0000000708000000|100%|HS|  |TAMS 0x0000000707e00000| PB 0x0000000707e00000| Complete 
|  64|0x0000000708000000, 0x0000000708200000, 0x0000000708200000|100%| O|  |TAMS 0x0000000708000000| PB 0x0000000708000000| Untracked 
|  65|0x0000000708200000, 0x0000000708400000, 0x0000000708400000|100%|HS|  |TAMS 0x0000000708200000| PB 0x0000000708200000| Complete 
|  66|0x0000000708400000, 0x0000000708600000, 0x0000000708600000|100%| O|  |TAMS 0x0000000708400000| PB 0x0000000708400000| Untracked 
|  67|0x0000000708600000, 0x0000000708800000, 0x0000000708800000|100%|HS|  |TAMS 0x0000000708600000| PB 0x0000000708600000| Complete 
|  68|0x0000000708800000, 0x0000000708a00000, 0x0000000708a00000|100%| O|  |TAMS 0x0000000708800000| PB 0x0000000708800000| Untracked 
|  69|0x0000000708a00000, 0x0000000708c00000, 0x0000000708c00000|100%| O|  |TAMS 0x0000000708a00000| PB 0x0000000708a00000| Untracked 
|  70|0x0000000708c00000, 0x0000000708e00000, 0x0000000708e00000|100%| O|  |TAMS 0x0000000708c00000| PB 0x0000000708c00000| Untracked 
|  71|0x0000000708e00000, 0x0000000709000000, 0x0000000709000000|100%| O|  |TAMS 0x0000000708e00000| PB 0x0000000708e00000| Untracked 
|  72|0x0000000709000000, 0x0000000709200000, 0x0000000709200000|100%| O|  |TAMS 0x0000000709000000| PB 0x0000000709000000| Untracked 
|  73|0x0000000709200000, 0x0000000709400000, 0x0000000709400000|100%| O|  |TAMS 0x0000000709200000| PB 0x0000000709200000| Untracked 
|  74|0x0000000709400000, 0x0000000709600000, 0x0000000709600000|100%| O|  |TAMS 0x0000000709400000| PB 0x0000000709400000| Untracked 
|  75|0x0000000709600000, 0x0000000709600000, 0x0000000709800000|  0%| F|  |TAMS 0x0000000709600000| PB 0x0000000709600000| Untracked 
|  76|0x0000000709800000, 0x0000000709a00000, 0x0000000709a00000|100%| O|  |TAMS 0x0000000709800000| PB 0x0000000709800000| Untracked 
|  77|0x0000000709a00000, 0x0000000709c00000, 0x0000000709c00000|100%|HS|  |TAMS 0x0000000709a00000| PB 0x0000000709a00000| Complete 
|  78|0x0000000709c00000, 0x0000000709e00000, 0x0000000709e00000|100%|HC|  |TAMS 0x0000000709c00000| PB 0x0000000709c00000| Complete 
|  79|0x0000000709e00000, 0x000000070a000000, 0x000000070a000000|100%| O|  |TAMS 0x0000000709e00000| PB 0x0000000709e00000| Untracked 
|  80|0x000000070a000000, 0x000000070a200000, 0x000000070a200000|100%| O|  |TAMS 0x000000070a000000| PB 0x000000070a000000| Untracked 
|  81|0x000000070a200000, 0x000000070a400000, 0x000000070a400000|100%| O|  |TAMS 0x000000070a200000| PB 0x000000070a200000| Untracked 
|  82|0x000000070a400000, 0x000000070a600000, 0x000000070a600000|100%| O|  |TAMS 0x000000070a400000| PB 0x000000070a400000| Untracked 
|  83|0x000000070a600000, 0x000000070a800000, 0x000000070a800000|100%| O|  |TAMS 0x000000070a600000| PB 0x000000070a600000| Untracked 
|  84|0x000000070a800000, 0x000000070aa00000, 0x000000070aa00000|100%| O|  |TAMS 0x000000070a800000| PB 0x000000070a800000| Untracked 
|  85|0x000000070aa00000, 0x000000070ac00000, 0x000000070ac00000|100%| O|  |TAMS 0x000000070aa00000| PB 0x000000070aa00000| Untracked 
|  86|0x000000070ac00000, 0x000000070ae00000, 0x000000070ae00000|100%| O|  |TAMS 0x000000070ac00000| PB 0x000000070ac00000| Untracked 
|  87|0x000000070ae00000, 0x000000070b000000, 0x000000070b000000|100%| O|  |TAMS 0x000000070ae00000| PB 0x000000070ae00000| Untracked 
|  88|0x000000070b000000, 0x000000070b200000, 0x000000070b200000|100%| O|  |TAMS 0x000000070b000000| PB 0x000000070b000000| Untracked 
|  89|0x000000070b200000, 0x000000070b200000, 0x000000070b400000|  0%| F|  |TAMS 0x000000070b200000| PB 0x000000070b200000| Untracked 
|  90|0x000000070b400000, 0x000000070b600000, 0x000000070b600000|100%| O|  |TAMS 0x000000070b400000| PB 0x000000070b400000| Untracked 
|  91|0x000000070b600000, 0x000000070b800000, 0x000000070b800000|100%| O|  |TAMS 0x000000070b600000| PB 0x000000070b600000| Untracked 
|  92|0x000000070b800000, 0x000000070ba00000, 0x000000070ba00000|100%| O|  |TAMS 0x000000070b800000| PB 0x000000070b800000| Untracked 
|  93|0x000000070ba00000, 0x000000070bc00000, 0x000000070bc00000|100%| O|  |TAMS 0x000000070ba00000| PB 0x000000070ba00000| Untracked 
|  94|0x000000070bc00000, 0x000000070be00000, 0x000000070be00000|100%| O|  |TAMS 0x000000070bc00000| PB 0x000000070bc00000| Untracked 
|  95|0x000000070be00000, 0x000000070c000000, 0x000000070c000000|100%| O|  |TAMS 0x000000070be00000| PB 0x000000070be00000| Untracked 
|  96|0x000000070c000000, 0x000000070c200000, 0x000000070c200000|100%| O|  |TAMS 0x000000070c000000| PB 0x000000070c000000| Untracked 
|  97|0x000000070c200000, 0x000000070c400000, 0x000000070c400000|100%| O|  |TAMS 0x000000070c200000| PB 0x000000070c200000| Untracked 
|  98|0x000000070c400000, 0x000000070c600000, 0x000000070c600000|100%| O|  |TAMS 0x000000070c400000| PB 0x000000070c400000| Untracked 
|  99|0x000000070c600000, 0x000000070c800000, 0x000000070c800000|100%| O|  |TAMS 0x000000070c600000| PB 0x000000070c600000| Untracked 
| 100|0x000000070c800000, 0x000000070ca00000, 0x000000070ca00000|100%| O|  |TAMS 0x000000070c800000| PB 0x000000070c800000| Untracked 
| 101|0x000000070ca00000, 0x000000070cc00000, 0x000000070cc00000|100%| O|  |TAMS 0x000000070ca00000| PB 0x000000070ca00000| Untracked 
| 102|0x000000070cc00000, 0x000000070ce00000, 0x000000070ce00000|100%| O|  |TAMS 0x000000070cc00000| PB 0x000000070cc00000| Untracked 
| 103|0x000000070ce00000, 0x000000070d000000, 0x000000070d000000|100%| O|  |TAMS 0x000000070ce00000| PB 0x000000070ce00000| Untracked 
| 104|0x000000070d000000, 0x000000070d200000, 0x000000070d200000|100%| O|  |TAMS 0x000000070d000000| PB 0x000000070d000000| Untracked 
| 105|0x000000070d200000, 0x000000070d400000, 0x000000070d400000|100%| O|  |TAMS 0x000000070d200000| PB 0x000000070d200000| Untracked 
| 106|0x000000070d400000, 0x000000070d400000, 0x000000070d600000|  0%| F|  |TAMS 0x000000070d400000| PB 0x000000070d400000| Untracked 
| 107|0x000000070d600000, 0x000000070d800000, 0x000000070d800000|100%| O|  |TAMS 0x000000070d600000| PB 0x000000070d600000| Untracked 
| 108|0x000000070d800000, 0x000000070da00000, 0x000000070da00000|100%| O|  |TAMS 0x000000070d800000| PB 0x000000070d800000| Untracked 
| 109|0x000000070da00000, 0x000000070dc00000, 0x000000070dc00000|100%| O|  |TAMS 0x000000070da00000| PB 0x000000070da00000| Untracked 
| 110|0x000000070dc00000, 0x000000070de00000, 0x000000070de00000|100%| O|  |TAMS 0x000000070dc00000| PB 0x000000070dc00000| Untracked 
| 111|0x000000070de00000, 0x000000070e000000, 0x000000070e000000|100%| O|  |TAMS 0x000000070de00000| PB 0x000000070de00000| Untracked 
| 112|0x000000070e000000, 0x000000070e200000, 0x000000070e200000|100%| O|  |TAMS 0x000000070e000000| PB 0x000000070e000000| Untracked 
| 113|0x000000070e200000, 0x000000070e400000, 0x000000070e400000|100%| O|  |TAMS 0x000000070e200000| PB 0x000000070e200000| Untracked 
| 114|0x000000070e400000, 0x000000070e600000, 0x000000070e600000|100%| O|  |TAMS 0x000000070e400000| PB 0x000000070e400000| Untracked 
| 115|0x000000070e600000, 0x000000070e800000, 0x000000070e800000|100%| O|  |TAMS 0x000000070e600000| PB 0x000000070e600000| Untracked 
| 116|0x000000070e800000, 0x000000070ea00000, 0x000000070ea00000|100%| O|  |TAMS 0x000000070e800000| PB 0x000000070e800000| Untracked 
| 117|0x000000070ea00000, 0x000000070ec00000, 0x000000070ec00000|100%| O|  |TAMS 0x000000070ea00000| PB 0x000000070ea00000| Untracked 
| 118|0x000000070ec00000, 0x000000070ee00000, 0x000000070ee00000|100%| O|  |TAMS 0x000000070ec00000| PB 0x000000070ec00000| Untracked 
| 119|0x000000070ee00000, 0x000000070f000000, 0x000000070f000000|100%| O|  |TAMS 0x000000070ee00000| PB 0x000000070ee00000| Untracked 
| 120|0x000000070f000000, 0x000000070f200000, 0x000000070f200000|100%| O|  |TAMS 0x000000070f000000| PB 0x000000070f000000| Untracked 
| 121|0x000000070f200000, 0x000000070f400000, 0x000000070f400000|100%| O|  |TAMS 0x000000070f200000| PB 0x000000070f200000| Untracked 
| 122|0x000000070f400000, 0x000000070f600000, 0x000000070f600000|100%| O|  |TAMS 0x000000070f400000| PB 0x000000070f400000| Untracked 
| 123|0x000000070f600000, 0x000000070f800000, 0x000000070f800000|100%| O|  |TAMS 0x000000070f600000| PB 0x000000070f600000| Untracked 
| 124|0x000000070f800000, 0x000000070fa00000, 0x000000070fa00000|100%| O|  |TAMS 0x000000070f800000| PB 0x000000070f800000| Untracked 
| 125|0x000000070fa00000, 0x000000070fc00000, 0x000000070fc00000|100%| O|  |TAMS 0x000000070fa00000| PB 0x000000070fa00000| Untracked 
| 126|0x000000070fc00000, 0x000000070fe00000, 0x000000070fe00000|100%| O|  |TAMS 0x000000070fc00000| PB 0x000000070fc00000| Untracked 
| 127|0x000000070fe00000, 0x0000000710000000, 0x0000000710000000|100%| O|  |TAMS 0x000000070fe00000| PB 0x000000070fe00000| Untracked 
| 128|0x0000000710000000, 0x0000000710200000, 0x0000000710200000|100%| O|  |TAMS 0x0000000710000000| PB 0x0000000710000000| Untracked 
| 129|0x0000000710200000, 0x0000000710400000, 0x0000000710400000|100%| O|Cm|TAMS 0x0000000710200000| PB 0x0000000710200000| Complete 
| 130|0x0000000710400000, 0x0000000710600000, 0x0000000710600000|100%| O|  |TAMS 0x0000000710400000| PB 0x0000000710400000| Untracked 
| 131|0x0000000710600000, 0x0000000710800000, 0x0000000710800000|100%| O|  |TAMS 0x0000000710600000| PB 0x0000000710600000| Untracked 
| 132|0x0000000710800000, 0x0000000710a00000, 0x0000000710a00000|100%| O|  |TAMS 0x0000000710800000| PB 0x0000000710800000| Untracked 
| 133|0x0000000710a00000, 0x0000000710c00000, 0x0000000710c00000|100%| O|  |TAMS 0x0000000710a00000| PB 0x0000000710a00000| Untracked 
| 134|0x0000000710c00000, 0x0000000710c00000, 0x0000000710e00000|  0%| F|  |TAMS 0x0000000710c00000| PB 0x0000000710c00000| Untracked 
| 135|0x0000000710e00000, 0x0000000711000000, 0x0000000711000000|100%| O|  |TAMS 0x0000000710e00000| PB 0x0000000710e00000| Untracked 
| 136|0x0000000711000000, 0x0000000711200000, 0x0000000711200000|100%| O|  |TAMS 0x0000000711000000| PB 0x0000000711000000| Untracked 
| 137|0x0000000711200000, 0x0000000711400000, 0x0000000711400000|100%| O|  |TAMS 0x0000000711200000| PB 0x0000000711200000| Untracked 
| 138|0x0000000711400000, 0x0000000711600000, 0x0000000711600000|100%| O|  |TAMS 0x0000000711400000| PB 0x0000000711400000| Untracked 
| 139|0x0000000711600000, 0x0000000711800000, 0x0000000711800000|100%| O|  |TAMS 0x0000000711600000| PB 0x0000000711600000| Untracked 
| 140|0x0000000711800000, 0x0000000711a00000, 0x0000000711a00000|100%| O|  |TAMS 0x0000000711800000| PB 0x0000000711800000| Untracked 
| 141|0x0000000711a00000, 0x0000000711c00000, 0x0000000711c00000|100%| O|  |TAMS 0x0000000711a00000| PB 0x0000000711a00000| Untracked 
| 142|0x0000000711c00000, 0x0000000711e00000, 0x0000000711e00000|100%| O|  |TAMS 0x0000000711c00000| PB 0x0000000711c00000| Untracked 
| 143|0x0000000711e00000, 0x0000000712000000, 0x0000000712000000|100%| O|  |TAMS 0x0000000711e00000| PB 0x0000000711e00000| Untracked 
| 144|0x0000000712000000, 0x0000000712200000, 0x0000000712200000|100%| O|  |TAMS 0x0000000712000000| PB 0x0000000712000000| Untracked 
| 145|0x0000000712200000, 0x0000000712400000, 0x0000000712400000|100%| O|  |TAMS 0x0000000712200000| PB 0x0000000712200000| Untracked 
| 146|0x0000000712400000, 0x0000000712600000, 0x0000000712600000|100%| O|  |TAMS 0x0000000712400000| PB 0x0000000712400000| Untracked 
| 147|0x0000000712600000, 0x0000000712800000, 0x0000000712800000|100%| O|  |TAMS 0x0000000712600000| PB 0x0000000712600000| Untracked 
| 148|0x0000000712800000, 0x0000000712a00000, 0x0000000712a00000|100%| O|  |TAMS 0x0000000712800000| PB 0x0000000712800000| Untracked 
| 149|0x0000000712a00000, 0x0000000712c00000, 0x0000000712c00000|100%| O|  |TAMS 0x0000000712a00000| PB 0x0000000712a00000| Untracked 
| 150|0x0000000712c00000, 0x0000000712e00000, 0x0000000712e00000|100%| O|  |TAMS 0x0000000712c00000| PB 0x0000000712c00000| Untracked 
| 151|0x0000000712e00000, 0x0000000713000000, 0x0000000713000000|100%| O|  |TAMS 0x0000000712e00000| PB 0x0000000712e00000| Untracked 
| 152|0x0000000713000000, 0x0000000713200000, 0x0000000713200000|100%| O|Cm|TAMS 0x0000000713000000| PB 0x0000000713000000| Complete 
| 153|0x0000000713200000, 0x0000000713400000, 0x0000000713400000|100%| O|  |TAMS 0x0000000713200000| PB 0x0000000713200000| Untracked 
| 154|0x0000000713400000, 0x0000000713400000, 0x0000000713600000|  0%| F|  |TAMS 0x0000000713400000| PB 0x0000000713400000| Untracked 
| 155|0x0000000713600000, 0x0000000713800000, 0x0000000713800000|100%| O|  |TAMS 0x0000000713600000| PB 0x0000000713600000| Untracked 
| 156|0x0000000713800000, 0x0000000713800000, 0x0000000713a00000|  0%| F|  |TAMS 0x0000000713800000| PB 0x0000000713800000| Untracked 
| 157|0x0000000713a00000, 0x0000000713c00000, 0x0000000713c00000|100%| O|Cm|TAMS 0x0000000713a00000| PB 0x0000000713a00000| Complete 
| 158|0x0000000713c00000, 0x0000000713e00000, 0x0000000713e00000|100%|HS|  |TAMS 0x0000000713c00000| PB 0x0000000713c00000| Complete 
| 159|0x0000000713e00000, 0x0000000714000000, 0x0000000714000000|100%|HC|  |TAMS 0x0000000713e00000| PB 0x0000000713e00000| Complete 
| 160|0x0000000714000000, 0x0000000714200000, 0x0000000714200000|100%| O|  |TAMS 0x0000000714000000| PB 0x0000000714000000| Untracked 
| 161|0x0000000714200000, 0x0000000714400000, 0x0000000714400000|100%| O|  |TAMS 0x0000000714200000| PB 0x0000000714200000| Untracked 
| 162|0x0000000714400000, 0x0000000714400000, 0x0000000714600000|  0%| F|  |TAMS 0x0000000714400000| PB 0x0000000714400000| Untracked 
| 163|0x0000000714600000, 0x0000000714800000, 0x0000000714800000|100%| O|  |TAMS 0x0000000714600000| PB 0x0000000714600000| Untracked 
| 164|0x0000000714800000, 0x0000000714a00000, 0x0000000714a00000|100%| O|  |TAMS 0x0000000714800000| PB 0x0000000714800000| Untracked 
| 165|0x0000000714a00000, 0x0000000714a00000, 0x0000000714c00000|  0%| F|  |TAMS 0x0000000714a00000| PB 0x0000000714a00000| Untracked 
| 166|0x0000000714c00000, 0x0000000714c00000, 0x0000000714e00000|  0%| F|  |TAMS 0x0000000714c00000| PB 0x0000000714c00000| Untracked 
| 167|0x0000000714e00000, 0x0000000715000000, 0x0000000715000000|100%| O|  |TAMS 0x0000000714e00000| PB 0x0000000714e00000| Untracked 
| 168|0x0000000715000000, 0x0000000715200000, 0x0000000715200000|100%| O|Cm|TAMS 0x0000000715000000| PB 0x0000000715000000| Complete 
| 169|0x0000000715200000, 0x0000000715400000, 0x0000000715400000|100%| O|Cm|TAMS 0x0000000715200000| PB 0x0000000715200000| Complete 
| 170|0x0000000715400000, 0x0000000715400000, 0x0000000715600000|  0%| F|  |TAMS 0x0000000715400000| PB 0x0000000715400000| Untracked 
| 171|0x0000000715600000, 0x0000000715600000, 0x0000000715800000|  0%| F|  |TAMS 0x0000000715600000| PB 0x0000000715600000| Untracked 
| 172|0x0000000715800000, 0x0000000715800000, 0x0000000715a00000|  0%| F|  |TAMS 0x0000000715800000| PB 0x0000000715800000| Untracked 
| 173|0x0000000715a00000, 0x0000000715c00000, 0x0000000715c00000|100%| O|  |TAMS 0x0000000715a00000| PB 0x0000000715a00000| Untracked 
| 174|0x0000000715c00000, 0x0000000715e00000, 0x0000000715e00000|100%| O|  |TAMS 0x0000000715c00000| PB 0x0000000715c00000| Untracked 
| 175|0x0000000715e00000, 0x0000000716000000, 0x0000000716000000|100%| O|  |TAMS 0x0000000715e00000| PB 0x0000000715e00000| Untracked 
| 176|0x0000000716000000, 0x0000000716000000, 0x0000000716200000|  0%| F|  |TAMS 0x0000000716000000| PB 0x0000000716000000| Untracked 
| 177|0x0000000716200000, 0x0000000716400000, 0x0000000716400000|100%| O|Cm|TAMS 0x0000000716200000| PB 0x0000000716200000| Complete 
| 178|0x0000000716400000, 0x0000000716400000, 0x0000000716600000|  0%| F|  |TAMS 0x0000000716400000| PB 0x0000000716400000| Untracked 
| 179|0x0000000716600000, 0x0000000716800000, 0x0000000716800000|100%| O|Cm|TAMS 0x0000000716600000| PB 0x0000000716600000| Complete 
| 180|0x0000000716800000, 0x0000000716800000, 0x0000000716a00000|  0%| F|  |TAMS 0x0000000716800000| PB 0x0000000716800000| Untracked 
| 181|0x0000000716a00000, 0x0000000716a00000, 0x0000000716c00000|  0%| F|  |TAMS 0x0000000716a00000| PB 0x0000000716a00000| Untracked 
| 182|0x0000000716c00000, 0x0000000716c00000, 0x0000000716e00000|  0%| F|  |TAMS 0x0000000716c00000| PB 0x0000000716c00000| Untracked 
| 183|0x0000000716e00000, 0x0000000716e00000, 0x0000000717000000|  0%| F|  |TAMS 0x0000000716e00000| PB 0x0000000716e00000| Untracked 
| 184|0x0000000717000000, 0x0000000717200000, 0x0000000717200000|100%| O|Cm|TAMS 0x0000000717000000| PB 0x0000000717000000| Complete 
| 185|0x0000000717200000, 0x0000000717200000, 0x0000000717400000|  0%| F|  |TAMS 0x0000000717200000| PB 0x0000000717200000| Untracked 
| 186|0x0000000717400000, 0x0000000717600000, 0x0000000717600000|100%| O|  |TAMS 0x0000000717400000| PB 0x0000000717400000| Untracked 
| 187|0x0000000717600000, 0x0000000717800000, 0x0000000717800000|100%| O|Cm|TAMS 0x0000000717600000| PB 0x0000000717600000| Complete 
| 188|0x0000000717800000, 0x000000071797b500, 0x0000000717a00000| 74%| O|  |TAMS 0x0000000717800000| PB 0x0000000717800000| Untracked 
| 189|0x0000000717a00000, 0x0000000717a00000, 0x0000000717c00000|  0%| F|  |TAMS 0x0000000717a00000| PB 0x0000000717a00000| Untracked 
| 190|0x0000000717c00000, 0x0000000717c00000, 0x0000000717e00000|  0%| F|  |TAMS 0x0000000717c00000| PB 0x0000000717c00000| Untracked 
| 191|0x0000000717e00000, 0x0000000717e00000, 0x0000000718000000|  0%| F|  |TAMS 0x0000000717e00000| PB 0x0000000717e00000| Untracked 
| 192|0x0000000718000000, 0x0000000718000000, 0x0000000718200000|  0%| F|  |TAMS 0x0000000718000000| PB 0x0000000718000000| Untracked 
| 193|0x0000000718200000, 0x0000000718200000, 0x0000000718400000|  0%| F|  |TAMS 0x0000000718200000| PB 0x0000000718200000| Untracked 
| 194|0x0000000718400000, 0x0000000718400000, 0x0000000718600000|  0%| F|  |TAMS 0x0000000718400000| PB 0x0000000718400000| Untracked 
| 195|0x0000000718600000, 0x0000000718600000, 0x0000000718800000|  0%| F|  |TAMS 0x0000000718600000| PB 0x0000000718600000| Untracked 
| 196|0x0000000718800000, 0x0000000718800000, 0x0000000718a00000|  0%| F|  |TAMS 0x0000000718800000| PB 0x0000000718800000| Untracked 
| 197|0x0000000718a00000, 0x0000000718a00000, 0x0000000718c00000|  0%| F|  |TAMS 0x0000000718a00000| PB 0x0000000718a00000| Untracked 
| 198|0x0000000718c00000, 0x0000000718c00000, 0x0000000718e00000|  0%| F|  |TAMS 0x0000000718c00000| PB 0x0000000718c00000| Untracked 
| 199|0x0000000718e00000, 0x0000000718e00000, 0x0000000719000000|  0%| F|  |TAMS 0x0000000718e00000| PB 0x0000000718e00000| Untracked 
| 200|0x0000000719000000, 0x0000000719000000, 0x0000000719200000|  0%| F|  |TAMS 0x0000000719000000| PB 0x0000000719000000| Untracked 
| 201|0x0000000719200000, 0x0000000719200000, 0x0000000719400000|  0%| F|  |TAMS 0x0000000719200000| PB 0x0000000719200000| Untracked 
| 202|0x0000000719400000, 0x0000000719400000, 0x0000000719600000|  0%| F|  |TAMS 0x0000000719400000| PB 0x0000000719400000| Untracked 
| 203|0x0000000719600000, 0x0000000719600000, 0x0000000719800000|  0%| F|  |TAMS 0x0000000719600000| PB 0x0000000719600000| Untracked 
| 204|0x0000000719800000, 0x0000000719800000, 0x0000000719a00000|  0%| F|  |TAMS 0x0000000719800000| PB 0x0000000719800000| Untracked 
| 205|0x0000000719a00000, 0x0000000719a00000, 0x0000000719c00000|  0%| F|  |TAMS 0x0000000719a00000| PB 0x0000000719a00000| Untracked 
| 206|0x0000000719c00000, 0x0000000719c00000, 0x0000000719e00000|  0%| F|  |TAMS 0x0000000719c00000| PB 0x0000000719c00000| Untracked 
| 207|0x0000000719e00000, 0x0000000719e00000, 0x000000071a000000|  0%| F|  |TAMS 0x0000000719e00000| PB 0x0000000719e00000| Untracked 
| 208|0x000000071a000000, 0x000000071a000000, 0x000000071a200000|  0%| F|  |TAMS 0x000000071a000000| PB 0x000000071a000000| Untracked 
| 209|0x000000071a200000, 0x000000071a200000, 0x000000071a400000|  0%| F|  |TAMS 0x000000071a200000| PB 0x000000071a200000| Untracked 
| 210|0x000000071a400000, 0x000000071a400000, 0x000000071a600000|  0%| F|  |TAMS 0x000000071a400000| PB 0x000000071a400000| Untracked 
| 211|0x000000071a600000, 0x000000071a600000, 0x000000071a800000|  0%| F|  |TAMS 0x000000071a600000| PB 0x000000071a600000| Untracked 
| 212|0x000000071a800000, 0x000000071a800000, 0x000000071aa00000|  0%| F|  |TAMS 0x000000071a800000| PB 0x000000071a800000| Untracked 
| 213|0x000000071aa00000, 0x000000071aa00000, 0x000000071ac00000|  0%| F|  |TAMS 0x000000071aa00000| PB 0x000000071aa00000| Untracked 
| 214|0x000000071ac00000, 0x000000071ac00000, 0x000000071ae00000|  0%| F|  |TAMS 0x000000071ac00000| PB 0x000000071ac00000| Untracked 
| 215|0x000000071ae00000, 0x000000071ae00000, 0x000000071b000000|  0%| F|  |TAMS 0x000000071ae00000| PB 0x000000071ae00000| Untracked 
| 216|0x000000071b000000, 0x000000071b200000, 0x000000071b200000|100%| S|CS|TAMS 0x000000071b000000| PB 0x000000071b000000| Complete 
| 217|0x000000071b200000, 0x000000071b200000, 0x000000071b400000|  0%| F|  |TAMS 0x000000071b200000| PB 0x000000071b200000| Untracked 
| 218|0x000000071b400000, 0x000000071b400000, 0x000000071b600000|  0%| F|  |TAMS 0x000000071b400000| PB 0x000000071b400000| Untracked 
| 219|0x000000071b600000, 0x000000071b600000, 0x000000071b800000|  0%| F|  |TAMS 0x000000071b600000| PB 0x000000071b600000| Untracked 
| 220|0x000000071b800000, 0x000000071b800000, 0x000000071ba00000|  0%| F|  |TAMS 0x000000071b800000| PB 0x000000071b800000| Untracked 
| 221|0x000000071ba00000, 0x000000071ba00000, 0x000000071bc00000|  0%| F|  |TAMS 0x000000071ba00000| PB 0x000000071ba00000| Untracked 
| 222|0x000000071bc00000, 0x000000071be00000, 0x000000071be00000|100%| S|CS|TAMS 0x000000071bc00000| PB 0x000000071bc00000| Complete 
| 223|0x000000071be00000, 0x000000071c000000, 0x000000071c000000|100%| S|CS|TAMS 0x000000071be00000| PB 0x000000071be00000| Complete 
| 224|0x000000071c000000, 0x000000071c200000, 0x000000071c200000|100%| S|CS|TAMS 0x000000071c000000| PB 0x000000071c000000| Complete 
| 225|0x000000071c200000, 0x000000071c400000, 0x000000071c400000|100%| S|CS|TAMS 0x000000071c200000| PB 0x000000071c200000| Complete 
| 226|0x000000071c400000, 0x000000071c400000, 0x000000071c600000|  0%| F|  |TAMS 0x000000071c400000| PB 0x000000071c400000| Untracked 
| 227|0x000000071c600000, 0x000000071c600000, 0x000000071c800000|  0%| F|  |TAMS 0x000000071c600000| PB 0x000000071c600000| Untracked 
| 228|0x000000071c800000, 0x000000071c800000, 0x000000071ca00000|  0%| F|  |TAMS 0x000000071c800000| PB 0x000000071c800000| Untracked 
| 229|0x000000071ca00000, 0x000000071ca00000, 0x000000071cc00000|  0%| F|  |TAMS 0x000000071ca00000| PB 0x000000071ca00000| Untracked 
| 230|0x000000071cc00000, 0x000000071cc00000, 0x000000071ce00000|  0%| F|  |TAMS 0x000000071cc00000| PB 0x000000071cc00000| Untracked 
| 231|0x000000071ce00000, 0x000000071ce00000, 0x000000071d000000|  0%| F|  |TAMS 0x000000071ce00000| PB 0x000000071ce00000| Untracked 
| 232|0x000000071d000000, 0x000000071d000000, 0x000000071d200000|  0%| F|  |TAMS 0x000000071d000000| PB 0x000000071d000000| Untracked 
| 233|0x000000071d200000, 0x000000071d200000, 0x000000071d400000|  0%| F|  |TAMS 0x000000071d200000| PB 0x000000071d200000| Untracked 
| 234|0x000000071d400000, 0x000000071d400000, 0x000000071d600000|  0%| F|  |TAMS 0x000000071d400000| PB 0x000000071d400000| Untracked 
| 235|0x000000071d600000, 0x000000071d600000, 0x000000071d800000|  0%| F|  |TAMS 0x000000071d600000| PB 0x000000071d600000| Untracked 
| 236|0x000000071d800000, 0x000000071d800000, 0x000000071da00000|  0%| F|  |TAMS 0x000000071d800000| PB 0x000000071d800000| Untracked 
| 237|0x000000071da00000, 0x000000071da00000, 0x000000071dc00000|  0%| F|  |TAMS 0x000000071da00000| PB 0x000000071da00000| Untracked 
| 238|0x000000071dc00000, 0x000000071dc00000, 0x000000071de00000|  0%| F|  |TAMS 0x000000071dc00000| PB 0x000000071dc00000| Untracked 
| 239|0x000000071de00000, 0x000000071de00000, 0x000000071e000000|  0%| F|  |TAMS 0x000000071de00000| PB 0x000000071de00000| Untracked 
| 240|0x000000071e000000, 0x000000071e000000, 0x000000071e200000|  0%| F|  |TAMS 0x000000071e000000| PB 0x000000071e000000| Untracked 
| 241|0x000000071e200000, 0x000000071e200000, 0x000000071e400000|  0%| F|  |TAMS 0x000000071e200000| PB 0x000000071e200000| Untracked 
| 242|0x000000071e400000, 0x000000071e400000, 0x000000071e600000|  0%| F|  |TAMS 0x000000071e400000| PB 0x000000071e400000| Untracked 
| 243|0x000000071e600000, 0x000000071e600000, 0x000000071e800000|  0%| F|  |TAMS 0x000000071e600000| PB 0x000000071e600000| Untracked 
| 244|0x000000071e800000, 0x000000071e800000, 0x000000071ea00000|  0%| F|  |TAMS 0x000000071e800000| PB 0x000000071e800000| Untracked 
| 245|0x000000071ea00000, 0x000000071ea00000, 0x000000071ec00000|  0%| F|  |TAMS 0x000000071ea00000| PB 0x000000071ea00000| Untracked 
| 246|0x000000071ec00000, 0x000000071ec00000, 0x000000071ee00000|  0%| F|  |TAMS 0x000000071ec00000| PB 0x000000071ec00000| Untracked 
| 247|0x000000071ee00000, 0x000000071ee00000, 0x000000071f000000|  0%| F|  |TAMS 0x000000071ee00000| PB 0x000000071ee00000| Untracked 
| 248|0x000000071f000000, 0x000000071f000000, 0x000000071f200000|  0%| F|  |TAMS 0x000000071f000000| PB 0x000000071f000000| Untracked 
| 249|0x000000071f200000, 0x000000071f200000, 0x000000071f400000|  0%| F|  |TAMS 0x000000071f200000| PB 0x000000071f200000| Untracked 
| 250|0x000000071f400000, 0x000000071f400000, 0x000000071f600000|  0%| F|  |TAMS 0x000000071f400000| PB 0x000000071f400000| Untracked 
| 251|0x000000071f600000, 0x000000071f600000, 0x000000071f800000|  0%| F|  |TAMS 0x000000071f600000| PB 0x000000071f600000| Untracked 
| 252|0x000000071f800000, 0x000000071f800000, 0x000000071fa00000|  0%| F|  |TAMS 0x000000071f800000| PB 0x000000071f800000| Untracked 
| 253|0x000000071fa00000, 0x000000071fa00000, 0x000000071fc00000|  0%| F|  |TAMS 0x000000071fa00000| PB 0x000000071fa00000| Untracked 
| 254|0x000000071fc00000, 0x000000071fc00000, 0x000000071fe00000|  0%| F|  |TAMS 0x000000071fc00000| PB 0x000000071fc00000| Untracked 
| 255|0x000000071fe00000, 0x000000071fe00000, 0x0000000720000000|  0%| F|  |TAMS 0x000000071fe00000| PB 0x000000071fe00000| Untracked 
| 256|0x0000000720000000, 0x0000000720000000, 0x0000000720200000|  0%| F|  |TAMS 0x0000000720000000| PB 0x0000000720000000| Untracked 
| 257|0x0000000720200000, 0x0000000720200000, 0x0000000720400000|  0%| F|  |TAMS 0x0000000720200000| PB 0x0000000720200000| Untracked 
| 258|0x0000000720400000, 0x0000000720400000, 0x0000000720600000|  0%| F|  |TAMS 0x0000000720400000| PB 0x0000000720400000| Untracked 
| 259|0x0000000720600000, 0x0000000720600000, 0x0000000720800000|  0%| F|  |TAMS 0x0000000720600000| PB 0x0000000720600000| Untracked 
| 260|0x0000000720800000, 0x0000000720800000, 0x0000000720a00000|  0%| F|  |TAMS 0x0000000720800000| PB 0x0000000720800000| Untracked 
| 261|0x0000000720a00000, 0x0000000720a00000, 0x0000000720c00000|  0%| F|  |TAMS 0x0000000720a00000| PB 0x0000000720a00000| Untracked 
| 262|0x0000000720c00000, 0x0000000720c00000, 0x0000000720e00000|  0%| F|  |TAMS 0x0000000720c00000| PB 0x0000000720c00000| Untracked 
| 263|0x0000000720e00000, 0x0000000720e00000, 0x0000000721000000|  0%| F|  |TAMS 0x0000000720e00000| PB 0x0000000720e00000| Untracked 
| 264|0x0000000721000000, 0x0000000721000000, 0x0000000721200000|  0%| F|  |TAMS 0x0000000721000000| PB 0x0000000721000000| Untracked 
| 265|0x0000000721200000, 0x0000000721200000, 0x0000000721400000|  0%| F|  |TAMS 0x0000000721200000| PB 0x0000000721200000| Untracked 
| 266|0x0000000721400000, 0x0000000721400000, 0x0000000721600000|  0%| F|  |TAMS 0x0000000721400000| PB 0x0000000721400000| Untracked 
| 267|0x0000000721600000, 0x0000000721600000, 0x0000000721800000|  0%| F|  |TAMS 0x0000000721600000| PB 0x0000000721600000| Untracked 
| 268|0x0000000721800000, 0x0000000721800000, 0x0000000721a00000|  0%| F|  |TAMS 0x0000000721800000| PB 0x0000000721800000| Untracked 
| 269|0x0000000721a00000, 0x0000000721a00000, 0x0000000721c00000|  0%| F|  |TAMS 0x0000000721a00000| PB 0x0000000721a00000| Untracked 
| 270|0x0000000721c00000, 0x0000000721c00000, 0x0000000721e00000|  0%| F|  |TAMS 0x0000000721c00000| PB 0x0000000721c00000| Untracked 
| 271|0x0000000721e00000, 0x0000000721e00000, 0x0000000722000000|  0%| F|  |TAMS 0x0000000721e00000| PB 0x0000000721e00000| Untracked 
| 272|0x0000000722000000, 0x0000000722000000, 0x0000000722200000|  0%| F|  |TAMS 0x0000000722000000| PB 0x0000000722000000| Untracked 
| 273|0x0000000722200000, 0x0000000722200000, 0x0000000722400000|  0%| F|  |TAMS 0x0000000722200000| PB 0x0000000722200000| Untracked 
| 274|0x0000000722400000, 0x0000000722400000, 0x0000000722600000|  0%| F|  |TAMS 0x0000000722400000| PB 0x0000000722400000| Untracked 
| 275|0x0000000722600000, 0x0000000722600000, 0x0000000722800000|  0%| F|  |TAMS 0x0000000722600000| PB 0x0000000722600000| Untracked 
| 276|0x0000000722800000, 0x0000000722800000, 0x0000000722a00000|  0%| F|  |TAMS 0x0000000722800000| PB 0x0000000722800000| Untracked 
| 277|0x0000000722a00000, 0x0000000722a00000, 0x0000000722c00000|  0%| F|  |TAMS 0x0000000722a00000| PB 0x0000000722a00000| Untracked 
| 278|0x0000000722c00000, 0x0000000722c00000, 0x0000000722e00000|  0%| F|  |TAMS 0x0000000722c00000| PB 0x0000000722c00000| Untracked 
| 279|0x0000000722e00000, 0x0000000722e00000, 0x0000000723000000|  0%| F|  |TAMS 0x0000000722e00000| PB 0x0000000722e00000| Untracked 
| 280|0x0000000723000000, 0x0000000723000000, 0x0000000723200000|  0%| F|  |TAMS 0x0000000723000000| PB 0x0000000723000000| Untracked 
| 281|0x0000000723200000, 0x0000000723200000, 0x0000000723400000|  0%| F|  |TAMS 0x0000000723200000| PB 0x0000000723200000| Untracked 
| 282|0x0000000723400000, 0x0000000723400000, 0x0000000723600000|  0%| F|  |TAMS 0x0000000723400000| PB 0x0000000723400000| Untracked 
| 283|0x0000000723600000, 0x0000000723600000, 0x0000000723800000|  0%| F|  |TAMS 0x0000000723600000| PB 0x0000000723600000| Untracked 
| 284|0x0000000723800000, 0x0000000723800000, 0x0000000723a00000|  0%| F|  |TAMS 0x0000000723800000| PB 0x0000000723800000| Untracked 
| 285|0x0000000723a00000, 0x0000000723a00000, 0x0000000723c00000|  0%| F|  |TAMS 0x0000000723a00000| PB 0x0000000723a00000| Untracked 
| 286|0x0000000723c00000, 0x0000000723c00000, 0x0000000723e00000|  0%| F|  |TAMS 0x0000000723c00000| PB 0x0000000723c00000| Untracked 
| 287|0x0000000723e00000, 0x0000000723e00000, 0x0000000724000000|  0%| F|  |TAMS 0x0000000723e00000| PB 0x0000000723e00000| Untracked 
| 288|0x0000000724000000, 0x0000000724000000, 0x0000000724200000|  0%| F|  |TAMS 0x0000000724000000| PB 0x0000000724000000| Untracked 
| 289|0x0000000724200000, 0x0000000724200000, 0x0000000724400000|  0%| F|  |TAMS 0x0000000724200000| PB 0x0000000724200000| Untracked 
| 290|0x0000000724400000, 0x0000000724400000, 0x0000000724600000|  0%| F|  |TAMS 0x0000000724400000| PB 0x0000000724400000| Untracked 
| 291|0x0000000724600000, 0x0000000724600000, 0x0000000724800000|  0%| F|  |TAMS 0x0000000724600000| PB 0x0000000724600000| Untracked 
| 292|0x0000000724800000, 0x0000000724800000, 0x0000000724a00000|  0%| F|  |TAMS 0x0000000724800000| PB 0x0000000724800000| Untracked 
| 293|0x0000000724a00000, 0x0000000724a00000, 0x0000000724c00000|  0%| F|  |TAMS 0x0000000724a00000| PB 0x0000000724a00000| Untracked 
| 294|0x0000000724c00000, 0x0000000724c00000, 0x0000000724e00000|  0%| F|  |TAMS 0x0000000724c00000| PB 0x0000000724c00000| Untracked 
| 295|0x0000000724e00000, 0x0000000724e00000, 0x0000000725000000|  0%| F|  |TAMS 0x0000000724e00000| PB 0x0000000724e00000| Untracked 
| 296|0x0000000725000000, 0x0000000725000000, 0x0000000725200000|  0%| F|  |TAMS 0x0000000725000000| PB 0x0000000725000000| Untracked 
| 297|0x0000000725200000, 0x0000000725200000, 0x0000000725400000|  0%| F|  |TAMS 0x0000000725200000| PB 0x0000000725200000| Untracked 
| 298|0x0000000725400000, 0x0000000725400000, 0x0000000725600000|  0%| F|  |TAMS 0x0000000725400000| PB 0x0000000725400000| Untracked 
| 299|0x0000000725600000, 0x0000000725600000, 0x0000000725800000|  0%| F|  |TAMS 0x0000000725600000| PB 0x0000000725600000| Untracked 
| 300|0x0000000725800000, 0x0000000725800000, 0x0000000725a00000|  0%| F|  |TAMS 0x0000000725800000| PB 0x0000000725800000| Untracked 
| 301|0x0000000725a00000, 0x0000000725a00000, 0x0000000725c00000|  0%| F|  |TAMS 0x0000000725a00000| PB 0x0000000725a00000| Untracked 
| 302|0x0000000725c00000, 0x0000000725c00000, 0x0000000725e00000|  0%| F|  |TAMS 0x0000000725c00000| PB 0x0000000725c00000| Untracked 
| 303|0x0000000725e00000, 0x0000000725e00000, 0x0000000726000000|  0%| F|  |TAMS 0x0000000725e00000| PB 0x0000000725e00000| Untracked 
| 304|0x0000000726000000, 0x0000000726000000, 0x0000000726200000|  0%| F|  |TAMS 0x0000000726000000| PB 0x0000000726000000| Untracked 
| 305|0x0000000726200000, 0x0000000726200000, 0x0000000726400000|  0%| F|  |TAMS 0x0000000726200000| PB 0x0000000726200000| Untracked 
| 306|0x0000000726400000, 0x0000000726400000, 0x0000000726600000|  0%| F|  |TAMS 0x0000000726400000| PB 0x0000000726400000| Untracked 
| 307|0x0000000726600000, 0x0000000726600000, 0x0000000726800000|  0%| F|  |TAMS 0x0000000726600000| PB 0x0000000726600000| Untracked 
| 308|0x0000000726800000, 0x0000000726800000, 0x0000000726a00000|  0%| F|  |TAMS 0x0000000726800000| PB 0x0000000726800000| Untracked 
| 309|0x0000000726a00000, 0x0000000726a00000, 0x0000000726c00000|  0%| F|  |TAMS 0x0000000726a00000| PB 0x0000000726a00000| Untracked 
| 310|0x0000000726c00000, 0x0000000726c00000, 0x0000000726e00000|  0%| F|  |TAMS 0x0000000726c00000| PB 0x0000000726c00000| Untracked 
| 311|0x0000000726e00000, 0x0000000726e00000, 0x0000000727000000|  0%| F|  |TAMS 0x0000000726e00000| PB 0x0000000726e00000| Untracked 
| 312|0x0000000727000000, 0x0000000727000000, 0x0000000727200000|  0%| F|  |TAMS 0x0000000727000000| PB 0x0000000727000000| Untracked 
| 313|0x0000000727200000, 0x0000000727200000, 0x0000000727400000|  0%| F|  |TAMS 0x0000000727200000| PB 0x0000000727200000| Untracked 
| 314|0x0000000727400000, 0x0000000727400000, 0x0000000727600000|  0%| F|  |TAMS 0x0000000727400000| PB 0x0000000727400000| Untracked 
| 315|0x0000000727600000, 0x0000000727600000, 0x0000000727800000|  0%| F|  |TAMS 0x0000000727600000| PB 0x0000000727600000| Untracked 
| 316|0x0000000727800000, 0x0000000727800000, 0x0000000727a00000|  0%| F|  |TAMS 0x0000000727800000| PB 0x0000000727800000| Untracked 
| 317|0x0000000727a00000, 0x0000000727a00000, 0x0000000727c00000|  0%| F|  |TAMS 0x0000000727a00000| PB 0x0000000727a00000| Untracked 
| 318|0x0000000727c00000, 0x0000000727c00000, 0x0000000727e00000|  0%| F|  |TAMS 0x0000000727c00000| PB 0x0000000727c00000| Untracked 
| 319|0x0000000727e00000, 0x0000000727e00000, 0x0000000728000000|  0%| F|  |TAMS 0x0000000727e00000| PB 0x0000000727e00000| Untracked 
| 320|0x0000000728000000, 0x0000000728000000, 0x0000000728200000|  0%| F|  |TAMS 0x0000000728000000| PB 0x0000000728000000| Untracked 
| 321|0x0000000728200000, 0x0000000728200000, 0x0000000728400000|  0%| F|  |TAMS 0x0000000728200000| PB 0x0000000728200000| Untracked 
| 322|0x0000000728400000, 0x0000000728400000, 0x0000000728600000|  0%| F|  |TAMS 0x0000000728400000| PB 0x0000000728400000| Untracked 
| 323|0x0000000728600000, 0x0000000728600000, 0x0000000728800000|  0%| F|  |TAMS 0x0000000728600000| PB 0x0000000728600000| Untracked 
| 324|0x0000000728800000, 0x0000000728800000, 0x0000000728a00000|  0%| F|  |TAMS 0x0000000728800000| PB 0x0000000728800000| Untracked 
| 325|0x0000000728a00000, 0x0000000728a00000, 0x0000000728c00000|  0%| F|  |TAMS 0x0000000728a00000| PB 0x0000000728a00000| Untracked 
| 326|0x0000000728c00000, 0x0000000728c00000, 0x0000000728e00000|  0%| F|  |TAMS 0x0000000728c00000| PB 0x0000000728c00000| Untracked 
| 327|0x0000000728e00000, 0x0000000728e00000, 0x0000000729000000|  0%| F|  |TAMS 0x0000000728e00000| PB 0x0000000728e00000| Untracked 
| 328|0x0000000729000000, 0x0000000729000000, 0x0000000729200000|  0%| F|  |TAMS 0x0000000729000000| PB 0x0000000729000000| Untracked 
| 329|0x0000000729200000, 0x0000000729200000, 0x0000000729400000|  0%| F|  |TAMS 0x0000000729200000| PB 0x0000000729200000| Untracked 
| 330|0x0000000729400000, 0x0000000729400000, 0x0000000729600000|  0%| F|  |TAMS 0x0000000729400000| PB 0x0000000729400000| Untracked 
| 331|0x0000000729600000, 0x0000000729600000, 0x0000000729800000|  0%| F|  |TAMS 0x0000000729600000| PB 0x0000000729600000| Untracked 
| 332|0x0000000729800000, 0x0000000729800000, 0x0000000729a00000|  0%| F|  |TAMS 0x0000000729800000| PB 0x0000000729800000| Untracked 
| 333|0x0000000729a00000, 0x0000000729a00000, 0x0000000729c00000|  0%| F|  |TAMS 0x0000000729a00000| PB 0x0000000729a00000| Untracked 
| 334|0x0000000729c00000, 0x0000000729c00000, 0x0000000729e00000|  0%| F|  |TAMS 0x0000000729c00000| PB 0x0000000729c00000| Untracked 
| 335|0x0000000729e00000, 0x0000000729e00000, 0x000000072a000000|  0%| F|  |TAMS 0x0000000729e00000| PB 0x0000000729e00000| Untracked 
| 336|0x000000072a000000, 0x000000072a000000, 0x000000072a200000|  0%| F|  |TAMS 0x000000072a000000| PB 0x000000072a000000| Untracked 
| 337|0x000000072a200000, 0x000000072a200000, 0x000000072a400000|  0%| F|  |TAMS 0x000000072a200000| PB 0x000000072a200000| Untracked 
| 338|0x000000072a400000, 0x000000072a400000, 0x000000072a600000|  0%| F|  |TAMS 0x000000072a400000| PB 0x000000072a400000| Untracked 
| 339|0x000000072a600000, 0x000000072a600000, 0x000000072a800000|  0%| F|  |TAMS 0x000000072a600000| PB 0x000000072a600000| Untracked 
| 340|0x000000072a800000, 0x000000072a800000, 0x000000072aa00000|  0%| F|  |TAMS 0x000000072a800000| PB 0x000000072a800000| Untracked 
| 341|0x000000072aa00000, 0x000000072aa00000, 0x000000072ac00000|  0%| F|  |TAMS 0x000000072aa00000| PB 0x000000072aa00000| Untracked 
| 342|0x000000072ac00000, 0x000000072ac00000, 0x000000072ae00000|  0%| F|  |TAMS 0x000000072ac00000| PB 0x000000072ac00000| Untracked 
| 343|0x000000072ae00000, 0x000000072ae00000, 0x000000072b000000|  0%| F|  |TAMS 0x000000072ae00000| PB 0x000000072ae00000| Untracked 
| 344|0x000000072b000000, 0x000000072b000000, 0x000000072b200000|  0%| F|  |TAMS 0x000000072b000000| PB 0x000000072b000000| Untracked 
| 345|0x000000072b200000, 0x000000072b200000, 0x000000072b400000|  0%| F|  |TAMS 0x000000072b200000| PB 0x000000072b200000| Untracked 
| 346|0x000000072b400000, 0x000000072b400000, 0x000000072b600000|  0%| F|  |TAMS 0x000000072b400000| PB 0x000000072b400000| Untracked 
| 347|0x000000072b600000, 0x000000072b600000, 0x000000072b800000|  0%| F|  |TAMS 0x000000072b600000| PB 0x000000072b600000| Untracked 
| 348|0x000000072b800000, 0x000000072b800000, 0x000000072ba00000|  0%| F|  |TAMS 0x000000072b800000| PB 0x000000072b800000| Untracked 
| 349|0x000000072ba00000, 0x000000072ba00000, 0x000000072bc00000|  0%| F|  |TAMS 0x000000072ba00000| PB 0x000000072ba00000| Untracked 
| 350|0x000000072bc00000, 0x000000072bc00000, 0x000000072be00000|  0%| F|  |TAMS 0x000000072bc00000| PB 0x000000072bc00000| Untracked 
| 351|0x000000072be00000, 0x000000072be00000, 0x000000072c000000|  0%| F|  |TAMS 0x000000072be00000| PB 0x000000072be00000| Untracked 
| 352|0x000000072c000000, 0x000000072c000000, 0x000000072c200000|  0%| F|  |TAMS 0x000000072c000000| PB 0x000000072c000000| Untracked 
| 353|0x000000072c200000, 0x000000072c200000, 0x000000072c400000|  0%| F|  |TAMS 0x000000072c200000| PB 0x000000072c200000| Untracked 
| 354|0x000000072c400000, 0x000000072c400000, 0x000000072c600000|  0%| F|  |TAMS 0x000000072c400000| PB 0x000000072c400000| Untracked 
| 355|0x000000072c600000, 0x000000072c600000, 0x000000072c800000|  0%| F|  |TAMS 0x000000072c600000| PB 0x000000072c600000| Untracked 
| 356|0x000000072c800000, 0x000000072c800000, 0x000000072ca00000|  0%| F|  |TAMS 0x000000072c800000| PB 0x000000072c800000| Untracked 
| 357|0x000000072ca00000, 0x000000072ca00000, 0x000000072cc00000|  0%| F|  |TAMS 0x000000072ca00000| PB 0x000000072ca00000| Untracked 
| 358|0x000000072cc00000, 0x000000072cc00000, 0x000000072ce00000|  0%| F|  |TAMS 0x000000072cc00000| PB 0x000000072cc00000| Untracked 
| 359|0x000000072ce00000, 0x000000072ce00000, 0x000000072d000000|  0%| F|  |TAMS 0x000000072ce00000| PB 0x000000072ce00000| Untracked 
| 360|0x000000072d000000, 0x000000072d000000, 0x000000072d200000|  0%| F|  |TAMS 0x000000072d000000| PB 0x000000072d000000| Untracked 
| 361|0x000000072d200000, 0x000000072d200000, 0x000000072d400000|  0%| F|  |TAMS 0x000000072d200000| PB 0x000000072d200000| Untracked 
| 362|0x000000072d400000, 0x000000072d400000, 0x000000072d600000|  0%| F|  |TAMS 0x000000072d400000| PB 0x000000072d400000| Untracked 
| 363|0x000000072d600000, 0x000000072d600000, 0x000000072d800000|  0%| F|  |TAMS 0x000000072d600000| PB 0x000000072d600000| Untracked 
| 364|0x000000072d800000, 0x000000072d800000, 0x000000072da00000|  0%| F|  |TAMS 0x000000072d800000| PB 0x000000072d800000| Untracked 
| 365|0x000000072da00000, 0x000000072da00000, 0x000000072dc00000|  0%| F|  |TAMS 0x000000072da00000| PB 0x000000072da00000| Untracked 
| 366|0x000000072dc00000, 0x000000072dc00000, 0x000000072de00000|  0%| F|  |TAMS 0x000000072dc00000| PB 0x000000072dc00000| Untracked 
| 367|0x000000072de00000, 0x000000072de00000, 0x000000072e000000|  0%| F|  |TAMS 0x000000072de00000| PB 0x000000072de00000| Untracked 
| 368|0x000000072e000000, 0x000000072e000000, 0x000000072e200000|  0%| F|  |TAMS 0x000000072e000000| PB 0x000000072e000000| Untracked 
| 369|0x000000072e200000, 0x000000072e200000, 0x000000072e400000|  0%| F|  |TAMS 0x000000072e200000| PB 0x000000072e200000| Untracked 
| 370|0x000000072e400000, 0x000000072e400000, 0x000000072e600000|  0%| F|  |TAMS 0x000000072e400000| PB 0x000000072e400000| Untracked 
| 371|0x000000072e600000, 0x000000072e600000, 0x000000072e800000|  0%| F|  |TAMS 0x000000072e600000| PB 0x000000072e600000| Untracked 
| 372|0x000000072e800000, 0x000000072e800000, 0x000000072ea00000|  0%| F|  |TAMS 0x000000072e800000| PB 0x000000072e800000| Untracked 
| 373|0x000000072ea00000, 0x000000072ea00000, 0x000000072ec00000|  0%| F|  |TAMS 0x000000072ea00000| PB 0x000000072ea00000| Untracked 
| 374|0x000000072ec00000, 0x000000072ec00000, 0x000000072ee00000|  0%| F|  |TAMS 0x000000072ec00000| PB 0x000000072ec00000| Untracked 
| 375|0x000000072ee00000, 0x000000072ee00000, 0x000000072f000000|  0%| F|  |TAMS 0x000000072ee00000| PB 0x000000072ee00000| Untracked 
|1965|0x00000007f5a00000, 0x00000007f5a00000, 0x00000007f5c00000|  0%| F|  |TAMS 0x00000007f5a00000| PB 0x00000007f5a00000| Untracked 
|1966|0x00000007f5c00000, 0x00000007f5e00000, 0x00000007f5e00000|100%| O|  |TAMS 0x00000007f5c00000| PB 0x00000007f5c00000| Untracked 
|1967|0x00000007f5e00000, 0x00000007f5e00000, 0x00000007f6000000|  0%| F|  |TAMS 0x00000007f5e00000| PB 0x00000007f5e00000| Untracked 
|1968|0x00000007f6000000, 0x00000007f6000000, 0x00000007f6200000|  0%| F|  |TAMS 0x00000007f6000000| PB 0x00000007f6000000| Untracked 
|1969|0x00000007f6200000, 0x00000007f6200000, 0x00000007f6400000|  0%| F|  |TAMS 0x00000007f6200000| PB 0x00000007f6200000| Untracked 
|1970|0x00000007f6400000, 0x00000007f6400000, 0x00000007f6600000|  0%| F|  |TAMS 0x00000007f6400000| PB 0x00000007f6400000| Untracked 
|1971|0x00000007f6600000, 0x00000007f6600000, 0x00000007f6800000|  0%| F|  |TAMS 0x00000007f6600000| PB 0x00000007f6600000| Untracked 
|1972|0x00000007f6800000, 0x00000007f6a00000, 0x00000007f6a00000|100%| O|Cm|TAMS 0x00000007f6800000| PB 0x00000007f6800000| Complete 
|1973|0x00000007f6a00000, 0x00000007f6a00000, 0x00000007f6c00000|  0%| F|  |TAMS 0x00000007f6a00000| PB 0x00000007f6a00000| Untracked 
|1974|0x00000007f6c00000, 0x00000007f6c00000, 0x00000007f6e00000|  0%| F|  |TAMS 0x00000007f6c00000| PB 0x00000007f6c00000| Untracked 
|1975|0x00000007f6e00000, 0x00000007f7000000, 0x00000007f7000000|100%| O|Cm|TAMS 0x00000007f6e00000| PB 0x00000007f6e00000| Complete 
|1976|0x00000007f7000000, 0x00000007f7200000, 0x00000007f7200000|100%| O|Cm|TAMS 0x00000007f7000000| PB 0x00000007f7000000| Complete 
|1977|0x00000007f7200000, 0x00000007f7400000, 0x00000007f7400000|100%| O|Cm|TAMS 0x00000007f7200000| PB 0x00000007f7200000| Complete 
|1978|0x00000007f7400000, 0x00000007f7600000, 0x00000007f7600000|100%| O|Cm|TAMS 0x00000007f7400000| PB 0x00000007f7400000| Complete 
|1979|0x00000007f7600000, 0x00000007f7600000, 0x00000007f7800000|  0%| F|  |TAMS 0x00000007f7600000| PB 0x00000007f7600000| Untracked 
|1980|0x00000007f7800000, 0x00000007f7800000, 0x00000007f7a00000|  0%| F|  |TAMS 0x00000007f7800000| PB 0x00000007f7800000| Untracked 
|1981|0x00000007f7a00000, 0x00000007f7a00000, 0x00000007f7c00000|  0%| F|  |TAMS 0x00000007f7a00000| PB 0x00000007f7a00000| Untracked 
|1982|0x00000007f7c00000, 0x00000007f7c00000, 0x00000007f7e00000|  0%| F|  |TAMS 0x00000007f7c00000| PB 0x00000007f7c00000| Untracked 
|1983|0x00000007f7e00000, 0x00000007f7e00000, 0x00000007f8000000|  0%| F|  |TAMS 0x00000007f7e00000| PB 0x00000007f7e00000| Untracked 
|1984|0x00000007f8000000, 0x00000007f8000000, 0x00000007f8200000|  0%| F|  |TAMS 0x00000007f8000000| PB 0x00000007f8000000| Untracked 
|1985|0x00000007f8200000, 0x00000007f8200000, 0x00000007f8400000|  0%| F|  |TAMS 0x00000007f8200000| PB 0x00000007f8200000| Untracked 
|1986|0x00000007f8400000, 0x00000007f8400000, 0x00000007f8600000|  0%| F|  |TAMS 0x00000007f8400000| PB 0x00000007f8400000| Untracked 
|1987|0x00000007f8600000, 0x00000007f8600000, 0x00000007f8800000|  0%| F|  |TAMS 0x00000007f8600000| PB 0x00000007f8600000| Untracked 
|1988|0x00000007f8800000, 0x00000007f8800000, 0x00000007f8a00000|  0%| F|  |TAMS 0x00000007f8800000| PB 0x00000007f8800000| Untracked 
|1989|0x00000007f8a00000, 0x00000007f8a00000, 0x00000007f8c00000|  0%| F|  |TAMS 0x00000007f8a00000| PB 0x00000007f8a00000| Untracked 
|1990|0x00000007f8c00000, 0x00000007f8c00000, 0x00000007f8e00000|  0%| F|  |TAMS 0x00000007f8c00000| PB 0x00000007f8c00000| Untracked 
|1991|0x00000007f8e00000, 0x00000007f8e00000, 0x00000007f9000000|  0%| F|  |TAMS 0x00000007f8e00000| PB 0x00000007f8e00000| Untracked 
|1992|0x00000007f9000000, 0x00000007f9000000, 0x00000007f9200000|  0%| F|  |TAMS 0x00000007f9000000| PB 0x00000007f9000000| Untracked 
|1993|0x00000007f9200000, 0x00000007f9200000, 0x00000007f9400000|  0%| F|  |TAMS 0x00000007f9200000| PB 0x00000007f9200000| Untracked 
|1994|0x00000007f9400000, 0x00000007f9400000, 0x00000007f9600000|  0%| F|  |TAMS 0x00000007f9400000| PB 0x00000007f9400000| Untracked 
|1995|0x00000007f9600000, 0x00000007f9600000, 0x00000007f9800000|  0%| F|  |TAMS 0x00000007f9600000| PB 0x00000007f9600000| Untracked 
|1996|0x00000007f9800000, 0x00000007f9800000, 0x00000007f9a00000|  0%| F|  |TAMS 0x00000007f9800000| PB 0x00000007f9800000| Untracked 
|1997|0x00000007f9a00000, 0x00000007f9a00000, 0x00000007f9c00000|  0%| F|  |TAMS 0x00000007f9a00000| PB 0x00000007f9a00000| Untracked 
|1998|0x00000007f9c00000, 0x00000007f9c00000, 0x00000007f9e00000|  0%| F|  |TAMS 0x00000007f9c00000| PB 0x00000007f9c00000| Untracked 
|1999|0x00000007f9e00000, 0x00000007f9e00000, 0x00000007fa000000|  0%| F|  |TAMS 0x00000007f9e00000| PB 0x00000007f9e00000| Untracked 
|2000|0x00000007fa000000, 0x00000007fa000000, 0x00000007fa200000|  0%| F|  |TAMS 0x00000007fa000000| PB 0x00000007fa000000| Untracked 
|2001|0x00000007fa200000, 0x00000007fa200000, 0x00000007fa400000|  0%| F|  |TAMS 0x00000007fa200000| PB 0x00000007fa200000| Untracked 
|2002|0x00000007fa400000, 0x00000007fa400000, 0x00000007fa600000|  0%| F|  |TAMS 0x00000007fa400000| PB 0x00000007fa400000| Untracked 
|2003|0x00000007fa600000, 0x00000007fa600000, 0x00000007fa800000|  0%| F|  |TAMS 0x00000007fa600000| PB 0x00000007fa600000| Untracked 
|2004|0x00000007fa800000, 0x00000007fa800000, 0x00000007faa00000|  0%| F|  |TAMS 0x00000007fa800000| PB 0x00000007fa800000| Untracked 
|2005|0x00000007faa00000, 0x00000007faa00000, 0x00000007fac00000|  0%| F|  |TAMS 0x00000007faa00000| PB 0x00000007faa00000| Untracked 
|2006|0x00000007fac00000, 0x00000007fac00000, 0x00000007fae00000|  0%| F|  |TAMS 0x00000007fac00000| PB 0x00000007fac00000| Untracked 
|2007|0x00000007fae00000, 0x00000007fae00000, 0x00000007fb000000|  0%| F|  |TAMS 0x00000007fae00000| PB 0x00000007fae00000| Untracked 
|2008|0x00000007fb000000, 0x00000007fb000000, 0x00000007fb200000|  0%| F|  |TAMS 0x00000007fb000000| PB 0x00000007fb000000| Untracked 
|2009|0x00000007fb200000, 0x00000007fb200000, 0x00000007fb400000|  0%| F|  |TAMS 0x00000007fb200000| PB 0x00000007fb200000| Untracked 
|2010|0x00000007fb400000, 0x00000007fb400000, 0x00000007fb600000|  0%| F|  |TAMS 0x00000007fb400000| PB 0x00000007fb400000| Untracked 
|2011|0x00000007fb600000, 0x00000007fb600000, 0x00000007fb800000|  0%| F|  |TAMS 0x00000007fb600000| PB 0x00000007fb600000| Untracked 
|2012|0x00000007fb800000, 0x00000007fb957fc8, 0x00000007fba00000| 67%| E|  |TAMS 0x00000007fb800000| PB 0x00000007fb800000| Complete 
|2013|0x00000007fba00000, 0x00000007fbc00000, 0x00000007fbc00000|100%| E|CS|TAMS 0x00000007fba00000| PB 0x00000007fba00000| Complete 
|2014|0x00000007fbc00000, 0x00000007fbe00000, 0x00000007fbe00000|100%| E|CS|TAMS 0x00000007fbc00000| PB 0x00000007fbc00000| Complete 
|2015|0x00000007fbe00000, 0x00000007fc000000, 0x00000007fc000000|100%| E|CS|TAMS 0x00000007fbe00000| PB 0x00000007fbe00000| Complete 
|2016|0x00000007fc000000, 0x00000007fc200000, 0x00000007fc200000|100%| E|CS|TAMS 0x00000007fc000000| PB 0x00000007fc000000| Complete 
|2017|0x00000007fc200000, 0x00000007fc400000, 0x00000007fc400000|100%| E|CS|TAMS 0x00000007fc200000| PB 0x00000007fc200000| Complete 
|2018|0x00000007fc400000, 0x00000007fc600000, 0x00000007fc600000|100%| E|CS|TAMS 0x00000007fc400000| PB 0x00000007fc400000| Complete 
|2019|0x00000007fc600000, 0x00000007fc800000, 0x00000007fc800000|100%| E|CS|TAMS 0x00000007fc600000| PB 0x00000007fc600000| Complete 
|2020|0x00000007fc800000, 0x00000007fca00000, 0x00000007fca00000|100%| E|  |TAMS 0x00000007fc800000| PB 0x00000007fc800000| Complete 
|2021|0x00000007fca00000, 0x00000007fcc00000, 0x00000007fcc00000|100%| E|CS|TAMS 0x00000007fca00000| PB 0x00000007fca00000| Complete 
|2022|0x00000007fcc00000, 0x00000007fce00000, 0x00000007fce00000|100%| E|CS|TAMS 0x00000007fcc00000| PB 0x00000007fcc00000| Complete 
|2023|0x00000007fce00000, 0x00000007fd000000, 0x00000007fd000000|100%| E|CS|TAMS 0x00000007fce00000| PB 0x00000007fce00000| Complete 
|2024|0x00000007fd000000, 0x00000007fd200000, 0x00000007fd200000|100%| E|CS|TAMS 0x00000007fd000000| PB 0x00000007fd000000| Complete 
|2025|0x00000007fd200000, 0x00000007fd400000, 0x00000007fd400000|100%| E|CS|TAMS 0x00000007fd200000| PB 0x00000007fd200000| Complete 
|2026|0x00000007fd400000, 0x00000007fd600000, 0x00000007fd600000|100%| E|CS|TAMS 0x00000007fd400000| PB 0x00000007fd400000| Complete 
|2027|0x00000007fd600000, 0x00000007fd800000, 0x00000007fd800000|100%| E|CS|TAMS 0x00000007fd600000| PB 0x00000007fd600000| Complete 
|2028|0x00000007fd800000, 0x00000007fda00000, 0x00000007fda00000|100%| E|CS|TAMS 0x00000007fd800000| PB 0x00000007fd800000| Complete 
|2029|0x00000007fda00000, 0x00000007fdc00000, 0x00000007fdc00000|100%| E|CS|TAMS 0x00000007fda00000| PB 0x00000007fda00000| Complete 
|2030|0x00000007fdc00000, 0x00000007fde00000, 0x00000007fde00000|100%| E|CS|TAMS 0x00000007fdc00000| PB 0x00000007fdc00000| Complete 
|2031|0x00000007fde00000, 0x00000007fe000000, 0x00000007fe000000|100%| E|CS|TAMS 0x00000007fde00000| PB 0x00000007fde00000| Complete 
|2032|0x00000007fe000000, 0x00000007fe200000, 0x00000007fe200000|100%| E|CS|TAMS 0x00000007fe000000| PB 0x00000007fe000000| Complete 
|2033|0x00000007fe200000, 0x00000007fe400000, 0x00000007fe400000|100%| E|CS|TAMS 0x00000007fe200000| PB 0x00000007fe200000| Complete 
|2034|0x00000007fe400000, 0x00000007fe600000, 0x00000007fe600000|100%| E|CS|TAMS 0x00000007fe400000| PB 0x00000007fe400000| Complete 
|2035|0x00000007fe600000, 0x00000007fe800000, 0x00000007fe800000|100%| E|CS|TAMS 0x00000007fe600000| PB 0x00000007fe600000| Complete 
|2036|0x00000007fe800000, 0x00000007fea00000, 0x00000007fea00000|100%| E|CS|TAMS 0x00000007fe800000| PB 0x00000007fe800000| Complete 
|2037|0x00000007fea00000, 0x00000007fec00000, 0x00000007fec00000|100%| O|  |TAMS 0x00000007fea00000| PB 0x00000007fea00000| Untracked 
|2038|0x00000007fec00000, 0x00000007fee00000, 0x00000007fee00000|100%| O|  |TAMS 0x00000007fec00000| PB 0x00000007fec00000| Untracked 
|2039|0x00000007fee00000, 0x00000007ff000000, 0x00000007ff000000|100%| O|  |TAMS 0x00000007fee00000| PB 0x00000007fee00000| Untracked 
|2040|0x00000007ff000000, 0x00000007ff200000, 0x00000007ff200000|100%| E|CS|TAMS 0x00000007ff000000| PB 0x00000007ff000000| Complete 
|2041|0x00000007ff200000, 0x00000007ff400000, 0x00000007ff400000|100%| E|CS|TAMS 0x00000007ff200000| PB 0x00000007ff200000| Complete 
|2042|0x00000007ff400000, 0x00000007ff600000, 0x00000007ff600000|100%| E|CS|TAMS 0x00000007ff400000| PB 0x00000007ff400000| Complete 
|2043|0x00000007ff600000, 0x00000007ff800000, 0x00000007ff800000|100%| E|CS|TAMS 0x00000007ff600000| PB 0x00000007ff600000| Complete 
|2044|0x00000007ff800000, 0x00000007ffa00000, 0x00000007ffa00000|100%| O|  |TAMS 0x00000007ff800000| PB 0x00000007ff800000| Untracked 
|2045|0x00000007ffa00000, 0x00000007ffc00000, 0x00000007ffc00000|100%| O|  |TAMS 0x00000007ffa00000| PB 0x00000007ffa00000| Untracked 
|2046|0x00000007ffc00000, 0x00000007ffe00000, 0x00000007ffe00000|100%| O|  |TAMS 0x00000007ffc00000| PB 0x00000007ffc00000| Untracked 
|2047|0x00000007ffe00000, 0x0000000800000000, 0x0000000800000000|100%| O|  |TAMS 0x00000007ffe00000| PB 0x00000007ffe00000| Untracked 

Card table byte_map: [0x000001feae6a0000,0x000001feaeea0000] _byte_map_base: 0x000001feaaea0000

Marking Bits: (CMBitMap*) 0x000001fe8a84ebb0
 Bits: [0x000001feaeea0000, 0x000001feb2ea0000)

Polling page: 0x000001fe89fb0000

Metaspace:

Usage:
  Non-class:    212.11 MB used.
      Class:     31.42 MB used.
       Both:    243.53 MB used.

Virtual space:
  Non-class space:      256.00 MB reserved,     213.50 MB ( 83%) committed,  4 nodes.
      Class space:        1.00 GB reserved,      32.69 MB (  3%) committed,  1 nodes.
             Both:        1.25 GB reserved,     246.19 MB ( 19%) committed. 

Chunk freelists:
   Non-Class:  9.92 MB
       Class:  15.31 MB
        Both:  25.23 MB

MaxMetaspaceSize: 2.00 GB
CompressedClassSpaceSize: 1.00 GB
Initial GC threshold: 21.00 MB
Current GC threshold: 405.31 MB
CDS: off
 - commit_granule_bytes: 65536.
 - commit_granule_words: 8192.
 - virtual_space_node_default_size: 8388608.
 - enlarge_chunks_in_place: 1.
 - use_allocation_guard: 0.


Internal statistics:

num_allocs_failed_limit: 15.
num_arena_births: 5310.
num_arena_deaths: 8.
num_vsnodes_births: 5.
num_vsnodes_deaths: 0.
num_space_committed: 3936.
num_space_uncommitted: 0.
num_chunks_returned_to_freelist: 35.
num_chunks_taken_from_freelist: 15305.
num_chunk_merges: 15.
num_chunk_splits: 10734.
num_chunks_enlarged: 7702.
num_inconsistent_stats: 0.

CodeHeap 'non-profiled nmethods': size=259264Kb used=26419Kb max_used=28037Kb free=232844Kb
 bounds [0x000001fe9dc20000, 0x000001fe9f790000, 0x000001fead950000]
CodeHeap 'profiled nmethods': size=259264Kb used=74550Kb max_used=78948Kb free=184713Kb
 bounds [0x000001fe8d950000, 0x000001fe92670000, 0x000001fe9d680000]
CodeHeap 'non-nmethods': size=5760Kb used=2808Kb max_used=2851Kb free=2951Kb
 bounds [0x000001fe9d680000, 0x000001fe9d970000, 0x000001fe9dc20000]
CodeCache: size=524288Kb, used=103777Kb, max_used=109836Kb, free=420508Kb
 total_blobs=30788, nmethods=29490, adapters=1198, full_count=0
Compilation: enabled, stopped_count=0, restarted_count=0

Compilation events (20 events):
Event: 143.363 Thread 0x000001feb5b481e0 40122       3       kotlin.text.StringsKt___StringsKt::dropLast (72 bytes)
Event: 143.364 Thread 0x000001feb5b481e0 nmethod 40122 0x000001fe8f7f8d90 code [0x000001fe8f7f90a0, 0x000001fe8f7f9e70]
Event: 143.364 Thread 0x000001feb5b481e0 40127       3       org.jetbrains.kotlin.resolve.jvm.JvmClassName::byInternalName (17 bytes)
Event: 143.364 Thread 0x000001feb5b481e0 nmethod 40127 0x000001fe8dcfbe90 code [0x000001fe8dcfc060, 0x000001fe8dcfc3a0]
Event: 143.364 Thread 0x000001feb5b481e0 40128       3       org.jetbrains.kotlin.resolve.jvm.JvmClassName::<init> (19 bytes)
Event: 143.364 Thread 0x000001feb5b481e0 nmethod 40128 0x000001fe8da36390 code [0x000001fe8da36540, 0x000001fe8da36778]
Event: 143.364 Thread 0x000001feb5b481e0 40126       3       org.jetbrains.kotlin.resolve.jvm.JvmClassName::hashCode (8 bytes)
Event: 143.364 Thread 0x000001feb5b481e0 nmethod 40126 0x000001fe8dd9cc90 code [0x000001fe8dd9ce40, 0x000001fe8dd9cf88]
Event: 143.364 Thread 0x000001feb5b481e0 40125       3       kotlin.text.StringsKt___StringsKt::take (85 bytes)
Event: 143.365 Thread 0x000001feb5b481e0 nmethod 40125 0x000001fe8dcf0110 code [0x000001fe8dcf0420, 0x000001fe8dcf1250]
Event: 143.366 Thread 0x000001feb5b481e0 40129       3       org.jetbrains.kotlin.incremental.classpathDiff.impl.ClassListSnapshotterWithInlinedClassSupport$ClassDescriptorForProcessing::<init> (23 bytes)
Event: 143.366 Thread 0x000001feb5b481e0 nmethod 40129 0x000001fe8de7ec90 code [0x000001fe8de7ee40, 0x000001fe8de7f148]
Event: 143.368 Thread 0x000001feb5b481e0 40130       3       org.jetbrains.kotlin.resolve.jvm.JvmClassName::getInternalName (14 bytes)
Event: 143.368 Thread 0x000001feb5b481e0 nmethod 40130 0x000001fe8de91a10 code [0x000001fe8de91bc0, 0x000001fe8de91d40]
Event: 143.368 Thread 0x000001feb5b481e0 40131       3       org.jetbrains.kotlin.incremental.classpathDiff.impl.PrefixBasedSnapshotter$special$$inlined$sortedBy$1::compare (39 bytes)
Event: 143.368 Thread 0x000001feb5b47740 nmethod 40114 0x000001fe9e322490 code [0x000001fe9e322660, 0x000001fe9e322a58]
Event: 143.368 Thread 0x000001feb5b47740 40117       4       kotlin.text.StringsKt__StringsJVMKt::endsWith (44 bytes)
Event: 143.369 Thread 0x000001feb5b481e0 nmethod 40131 0x000001fe8db24a90 code [0x000001fe8db24ca0, 0x000001fe8db252f0]
Event: 143.369 Thread 0x000001feb5b481e0 40132       3       kotlin.comparisons.ComparisonsKt__ComparisonsKt::compareValues (27 bytes)
Event: 143.369 Thread 0x000001feb5b481e0 nmethod 40132 0x000001fe8d9bc810 code [0x000001fe8d9bc9e0, 0x000001fe8d9bcca8]

GC Heap History (20 events):
Event: 119.042 GC heap before
{Heap before GC invocations=135 (full 0):
 garbage-first heap   total 880640K, used 799886K [0x0000000700000000, 0x0000000800000000)
  region size 2048K, 258 young (528384K), 12 survivors (24576K)
 Metaspace       used 217622K, committed 220224K, reserved 1245184K
  class space    used 28388K, committed 29632K, reserved 1048576K
}
Event: 119.067 GC heap after
{Heap after GC invocations=136 (full 0):
 garbage-first heap   total 880640K, used 297292K [0x0000000700000000, 0x0000000800000000)
  region size 2048K, 12 young (24576K), 12 survivors (24576K)
 Metaspace       used 217622K, committed 220224K, reserved 1245184K
  class space    used 28388K, committed 29632K, reserved 1048576K
}
Event: 120.224 GC heap before
{Heap before GC invocations=136 (full 0):
 garbage-first heap   total 880640K, used 799052K [0x0000000700000000, 0x0000000800000000)
  region size 2048K, 258 young (528384K), 12 survivors (24576K)
 Metaspace       used 217622K, committed 220224K, reserved 1245184K
  class space    used 28388K, committed 29632K, reserved 1048576K
}
Event: 120.248 GC heap after
{Heap after GC invocations=137 (full 0):
 garbage-first heap   total 880640K, used 299340K [0x0000000700000000, 0x0000000800000000)
  region size 2048K, 13 young (26624K), 13 survivors (26624K)
 Metaspace       used 217622K, committed 220224K, reserved 1245184K
  class space    used 28388K, committed 29632K, reserved 1048576K
}
Event: 120.934 GC heap before
{Heap before GC invocations=138 (full 0):
 garbage-first heap   total 880640K, used 799052K [0x0000000700000000, 0x0000000800000000)
  region size 2048K, 258 young (528384K), 13 survivors (26624K)
 Metaspace       used 217622K, committed 220224K, reserved 1245184K
  class space    used 28388K, committed 29632K, reserved 1048576K
}
Event: 120.945 GC heap after
{Heap after GC invocations=139 (full 0):
 garbage-first heap   total 880640K, used 298840K [0x0000000700000000, 0x0000000800000000)
  region size 2048K, 12 young (24576K), 12 survivors (24576K)
 Metaspace       used 217622K, committed 220224K, reserved 1245184K
  class space    used 28388K, committed 29632K, reserved 1048576K
}
Event: 123.310 GC heap before
{Heap before GC invocations=139 (full 0):
 garbage-first heap   total 880640K, used 810840K [0x0000000700000000, 0x0000000800000000)
  region size 2048K, 258 young (528384K), 12 survivors (24576K)
 Metaspace       used 217832K, committed 220480K, reserved 1245184K
  class space    used 28394K, committed 29632K, reserved 1048576K
}
Event: 123.375 GC heap after
{Heap after GC invocations=140 (full 0):
 garbage-first heap   total 931840K, used 376073K [0x0000000700000000, 0x0000000800000000)
  region size 2048K, 33 young (67584K), 33 survivors (67584K)
 Metaspace       used 217832K, committed 220480K, reserved 1245184K
  class space    used 28394K, committed 29632K, reserved 1048576K
}
Event: 126.647 GC heap before
{Heap before GC invocations=140 (full 0):
 garbage-first heap   total 931840K, used 824585K [0x0000000700000000, 0x0000000800000000)
  region size 2048K, 252 young (516096K), 33 survivors (67584K)
 Metaspace       used 233628K, committed 236352K, reserved 1310720K
  class space    used 30435K, committed 31744K, reserved 1048576K
}
Event: 126.690 GC heap after
{Heap after GC invocations=141 (full 0):
 garbage-first heap   total 940032K, used 422912K [0x0000000700000000, 0x0000000800000000)
  region size 2048K, 21 young (43008K), 21 survivors (43008K)
 Metaspace       used 233628K, committed 236352K, reserved 1310720K
  class space    used 30435K, committed 31744K, reserved 1048576K
}
Event: 129.234 GC heap before
{Heap before GC invocations=141 (full 0):
 garbage-first heap   total 940032K, used 832512K [0x0000000700000000, 0x0000000800000000)
  region size 2048K, 221 young (452608K), 21 survivors (43008K)
 Metaspace       used 235991K, committed 238720K, reserved 1310720K
  class space    used 30601K, committed 31936K, reserved 1048576K
}
Event: 129.250 GC heap after
{Heap after GC invocations=142 (full 0):
 garbage-first heap   total 940032K, used 434118K [0x0000000700000000, 0x0000000800000000)
  region size 2048K, 4 young (8192K), 4 survivors (8192K)
 Metaspace       used 235991K, committed 238720K, reserved 1310720K
  class space    used 30601K, committed 31936K, reserved 1048576K
}
Event: 132.033 GC heap before
{Heap before GC invocations=143 (full 0):
 garbage-first heap   total 940032K, used 853958K [0x0000000700000000, 0x0000000800000000)
  region size 2048K, 208 young (425984K), 4 survivors (8192K)
 Metaspace       used 239593K, committed 242368K, reserved 1310720K
  class space    used 31029K, committed 32384K, reserved 1048576K
}
Event: 132.039 GC heap after
{Heap after GC invocations=144 (full 0):
 garbage-first heap   total 940032K, used 431915K [0x0000000700000000, 0x0000000800000000)
  region size 2048K, 4 young (8192K), 4 survivors (8192K)
 Metaspace       used 239593K, committed 242368K, reserved 1310720K
  class space    used 31029K, committed 32384K, reserved 1048576K
}
Event: 132.541 GC heap before
{Heap before GC invocations=144 (full 0):
 garbage-first heap   total 940032K, used 868139K [0x0000000700000000, 0x0000000800000000)
  region size 2048K, 215 young (440320K), 4 survivors (8192K)
 Metaspace       used 240122K, committed 242880K, reserved 1310720K
  class space    used 31079K, committed 32448K, reserved 1048576K
}
Event: 132.554 GC heap after
{Heap after GC invocations=145 (full 0):
 garbage-first heap   total 940032K, used 435899K [0x0000000700000000, 0x0000000800000000)
  region size 2048K, 10 young (20480K), 10 survivors (20480K)
 Metaspace       used 240122K, committed 242880K, reserved 1310720K
  class space    used 31079K, committed 32448K, reserved 1048576K
}
Event: 138.174 GC heap before
{Heap before GC invocations=145 (full 0):
 garbage-first heap   total 940032K, used 868027K [0x0000000700000000, 0x0000000800000000)
  region size 2048K, 222 young (454656K), 10 survivors (20480K)
 Metaspace       used 246215K, committed 249024K, reserved 1310720K
  class space    used 31878K, committed 33216K, reserved 1048576K
}
Event: 138.180 GC heap after
{Heap after GC invocations=146 (full 0):
 garbage-first heap   total 940032K, used 428156K [0x0000000700000000, 0x0000000800000000)
  region size 2048K, 6 young (12288K), 6 survivors (12288K)
 Metaspace       used 246215K, committed 249024K, reserved 1310720K
  class space    used 31878K, committed 33216K, reserved 1048576K
}
Event: 142.804 GC heap before
{Heap before GC invocations=147 (full 0):
 garbage-first heap   total 940032K, used 833660K [0x0000000700000000, 0x0000000800000000)
  region size 2048K, 226 young (462848K), 6 survivors (12288K)
 Metaspace       used 246235K, committed 249024K, reserved 1310720K
  class space    used 31881K, committed 33216K, reserved 1048576K
}
Event: 142.810 GC heap after
{Heap after GC invocations=148 (full 0):
 garbage-first heap   total 940032K, used 378349K [0x0000000700000000, 0x0000000800000000)
  region size 2048K, 5 young (10240K), 5 survivors (10240K)
 Metaspace       used 246235K, committed 249024K, reserved 1310720K
  class space    used 31881K, committed 33216K, reserved 1048576K
}

Dll operation events (3 events):
Event: 0.011 Loaded shared library D:\Android\Android Studio\jbr\bin\java.dll
Event: 0.017 Loaded shared library D:\Android\Android Studio\jbr\bin\zip.dll
Event: 0.777 Loaded shared library D:\Android\Android Studio\jbr\bin\verify.dll

Deoptimization events (20 events):
Event: 142.831 Thread 0x000001febe767d90 Uncommon trap: trap_request=0xffffffde fr.pc=0x000001fe9e33d5e0 relative=0x0000000000000300
Event: 142.831 Thread 0x000001febe767d90 Uncommon trap: reason=class_check action=maybe_recompile pc=0x000001fe9e33d5e0 method=java.util.Collections$SetFromMap.contains(Ljava/lang/Object;)Z @ 5 c2
Event: 142.831 Thread 0x000001febe767d90 DEOPT PACKING pc=0x000001fe9e33d5e0 sp=0x00000022683fa580
Event: 142.831 Thread 0x000001febe767d90 DEOPT UNPACKING pc=0x000001fe9d6d7ba2 sp=0x00000022683fa538 mode 2
Event: 143.081 Thread 0x000001fed563c2c0 Uncommon trap: trap_request=0xffffffde fr.pc=0x000001fe9e33d5e0 relative=0x0000000000000300
Event: 143.081 Thread 0x000001fed563c2c0 Uncommon trap: reason=class_check action=maybe_recompile pc=0x000001fe9e33d5e0 method=java.util.Collections$SetFromMap.contains(Ljava/lang/Object;)Z @ 5 c2
Event: 143.081 Thread 0x000001fed563c2c0 DEOPT PACKING pc=0x000001fe9e33d5e0 sp=0x0000002267dfab90
Event: 143.081 Thread 0x000001fed563c2c0 DEOPT UNPACKING pc=0x000001fe9d6d7ba2 sp=0x0000002267dfab48 mode 2
Event: 143.334 Thread 0x000001fec386b340 Uncommon trap: trap_request=0xffffffde fr.pc=0x000001fe9e2e48c0 relative=0x0000000000000900
Event: 143.334 Thread 0x000001fec386b9d0 Uncommon trap: trap_request=0xffffffde fr.pc=0x000001fe9e2e48c0 relative=0x0000000000000900
Event: 143.334 Thread 0x000001fec386a620 Uncommon trap: trap_request=0xffffffde fr.pc=0x000001fe9e2e48c0 relative=0x0000000000000900
Event: 143.334 Thread 0x000001fec386b9d0 Uncommon trap: reason=class_check action=maybe_recompile pc=0x000001fe9e2e48c0 method=java.lang.ThreadLocal.setInitialValue(Ljava/lang/Thread;)Ljava/lang/Object; @ 27 c2
Event: 143.334 Thread 0x000001fec386a620 Uncommon trap: reason=class_check action=maybe_recompile pc=0x000001fe9e2e48c0 method=java.lang.ThreadLocal.setInitialValue(Ljava/lang/Thread;)Ljava/lang/Object; @ 27 c2
Event: 143.334 Thread 0x000001fec386b9d0 DEOPT PACKING pc=0x000001fe9e2e48c0 sp=0x000000226edfe8b0
Event: 143.334 Thread 0x000001fec386a620 DEOPT PACKING pc=0x000001fe9e2e48c0 sp=0x000000226eafeda0
Event: 143.334 Thread 0x000001fec386b9d0 DEOPT UNPACKING pc=0x000001fe9d6d7ba2 sp=0x000000226edfe870 mode 2
Event: 143.334 Thread 0x000001fec386b340 Uncommon trap: reason=class_check action=maybe_recompile pc=0x000001fe9e2e48c0 method=java.lang.ThreadLocal.setInitialValue(Ljava/lang/Thread;)Ljava/lang/Object; @ 27 c2
Event: 143.334 Thread 0x000001fec386b340 DEOPT PACKING pc=0x000001fe9e2e48c0 sp=0x000000226ecfea60
Event: 143.334 Thread 0x000001fec386b340 DEOPT UNPACKING pc=0x000001fe9d6d7ba2 sp=0x000000226ecfea20 mode 2
Event: 143.334 Thread 0x000001fec386a620 DEOPT UNPACKING pc=0x000001fe9d6d7ba2 sp=0x000000226eafed60 mode 2

Classes loaded (20 events):
Event: 135.224 Loading class com/sun/org/apache/xerces/internal/dom/DeferredAttrImpl
Event: 135.224 Loading class com/sun/org/apache/xerces/internal/dom/DeferredAttrImpl done
Event: 135.229 Loading class com/sun/org/apache/xerces/internal/dom/DeferredTextImpl
Event: 135.229 Loading class com/sun/org/apache/xerces/internal/dom/DeferredTextImpl done
Event: 136.157 Loading class sun/security/ssl/PreSharedKeyExtension$PskIdentity
Event: 136.157 Loading class sun/security/ssl/PreSharedKeyExtension$PskIdentity done
Event: 136.157 Loading class sun/security/ssl/PreSharedKeyExtension$CHPreSharedKeySpec
Event: 136.157 Loading class sun/security/ssl/PreSharedKeyExtension$CHPreSharedKeySpec done
Event: 136.157 Loading class sun/security/ssl/PreSharedKeyExtension$PartialClientHelloMessage
Event: 136.157 Loading class sun/security/ssl/PreSharedKeyExtension$PartialClientHelloMessage done
Event: 136.157 Loading class sun/security/ssl/SSLEngineOutputRecord
Event: 136.158 Loading class sun/security/ssl/SSLEngineOutputRecord done
Event: 136.158 Loading class sun/security/ssl/SSLEngineOutputRecord$HandshakeFragment
Event: 136.159 Loading class sun/security/ssl/SSLEngineOutputRecord$HandshakeFragment done
Event: 136.159 Loading class sun/security/ssl/SSLEngineOutputRecord$HandshakeMemo
Event: 136.159 Loading class sun/security/ssl/SSLEngineOutputRecord$RecordMemo
Event: 136.159 Loading class sun/security/ssl/SSLEngineOutputRecord$RecordMemo done
Event: 136.159 Loading class sun/security/ssl/SSLEngineOutputRecord$HandshakeMemo done
Event: 136.486 Loading class sun/security/ssl/PreSharedKeyExtension$SHPreSharedKeySpec
Event: 136.486 Loading class sun/security/ssl/PreSharedKeyExtension$SHPreSharedKeySpec done

Classes unloaded (20 events):
Event: 101.429 Thread 0x000001feb5a6b090 Unloading class 0x0000000801cdd950 '_BuildScript_$_run_closure1$_closure2'
Event: 101.429 Thread 0x000001feb5a6b090 Unloading class 0x0000000801cdd530 '_BuildScript_$_run_closure1'
Event: 101.429 Thread 0x000001feb5a6b090 Unloading class 0x0000000801cdd000 '_BuildScript_'
Event: 101.429 Thread 0x000001feb5a6b090 Unloading class 0x0000000801ca74a0 '_BuildScript_$_run_closure2$_closure9'
Event: 101.429 Thread 0x000001feb5a6b090 Unloading class 0x0000000801ca7080 '_BuildScript_$_run_closure2$_closure8'
Event: 101.429 Thread 0x000001feb5a6b090 Unloading class 0x0000000801ca6c60 '_BuildScript_$_run_closure2$_closure7$_closure13'
Event: 101.429 Thread 0x000001feb5a6b090 Unloading class 0x0000000801ca6840 '_BuildScript_$_run_closure2$_closure7'
Event: 101.429 Thread 0x000001feb5a6b090 Unloading class 0x0000000801ca6420 '_BuildScript_$_run_closure2$_closure6$_closure11$_closure12'
Event: 101.429 Thread 0x000001feb5a6b090 Unloading class 0x0000000801ca6000 '_BuildScript_$_run_closure2$_closure6$_closure11'
Event: 101.429 Thread 0x000001feb5a6b090 Unloading class 0x0000000801ca58c0 '_BuildScript_$_run_closure2$_closure6'
Event: 101.429 Thread 0x000001feb5a6b090 Unloading class 0x0000000801ca54a0 '_BuildScript_$_run_closure2$_closure5$_closure10'
Event: 101.429 Thread 0x000001feb5a6b090 Unloading class 0x0000000801ca5080 '_BuildScript_$_run_closure2$_closure5'
Event: 101.429 Thread 0x000001feb5a6b090 Unloading class 0x0000000801ca4c60 '_BuildScript_$_run_closure2$_closure4'
Event: 101.429 Thread 0x000001feb5a6b090 Unloading class 0x0000000801ca4840 '_BuildScript_$_run_closure2'
Event: 101.429 Thread 0x000001feb5a6b090 Unloading class 0x0000000801ca4420 '_BuildScript_$_run_closure1$_closure3'
Event: 101.429 Thread 0x000001feb5a6b090 Unloading class 0x0000000801ca4000 '_BuildScript_$_run_closure1'
Event: 101.429 Thread 0x000001feb5a6b090 Unloading class 0x0000000801c9e800 '_BuildScript_'
Event: 101.429 Thread 0x000001feb5a6b090 Unloading class 0x0000000801c7c950 '_BuildScript_$_run_closure1$_closure2'
Event: 101.429 Thread 0x000001feb5a6b090 Unloading class 0x0000000801c7c530 '_BuildScript_$_run_closure1'
Event: 101.429 Thread 0x000001feb5a6b090 Unloading class 0x0000000801c7c000 '_BuildScript_'

Classes redefined (0 events):
No events

Internal exceptions (20 events):
Event: 142.829 Thread 0x000001febe769e60 Exception <a 'sun/nio/fs/WindowsException'{0x00000007fddb9f10}> (0x00000007fddb9f10) 
thrown [s\src\hotspot\share\prims\jni.cpp, line 537]
Event: 142.829 Thread 0x000001fed563a880 Exception <a 'sun/nio/fs/WindowsException'{0x00000007fd4502e0}> (0x00000007fd4502e0) 
thrown [s\src\hotspot\share\prims\jni.cpp, line 537]
Event: 142.829 Thread 0x000001febe769e60 Exception <a 'sun/nio/fs/WindowsException'{0x00000007fddbb198}> (0x00000007fddbb198) 
thrown [s\src\hotspot\share\prims\jni.cpp, line 537]
Event: 142.829 Thread 0x000001fed5638e40 Exception <a 'sun/nio/fs/WindowsException'{0x00000007fd99ab20}> (0x00000007fd99ab20) 
thrown [s\src\hotspot\share\prims\jni.cpp, line 537]
Event: 142.829 Thread 0x000001fed563a880 Exception <a 'sun/nio/fs/WindowsException'{0x00000007fd451108}> (0x00000007fd451108) 
thrown [s\src\hotspot\share\prims\jni.cpp, line 537]
Event: 142.829 Thread 0x000001fed5638e40 Exception <a 'sun/nio/fs/WindowsException'{0x00000007fd9a3d70}> (0x00000007fd9a3d70) 
thrown [s\src\hotspot\share\prims\jni.cpp, line 537]
Event: 142.829 Thread 0x000001fed563a880 Exception <a 'sun/nio/fs/WindowsException'{0x00000007fd452128}> (0x00000007fd452128) 
thrown [s\src\hotspot\share\prims\jni.cpp, line 537]
Event: 142.829 Thread 0x000001febc2b9920 Exception <a 'sun/nio/fs/WindowsException'{0x00000007fd567c78}> (0x00000007fd567c78) 
thrown [s\src\hotspot\share\prims\jni.cpp, line 537]
Event: 142.830 Thread 0x000001fed563a880 Exception <a 'sun/nio/fs/WindowsException'{0x00000007fd4533b0}> (0x00000007fd4533b0) 
thrown [s\src\hotspot\share\prims\jni.cpp, line 537]
Event: 142.830 Thread 0x000001fed5638e40 Exception <a 'sun/nio/fs/WindowsException'{0x00000007fd9b3c20}> (0x00000007fd9b3c20) 
thrown [s\src\hotspot\share\prims\jni.cpp, line 537]
Event: 142.830 Thread 0x000001febc2b9920 Exception <a 'sun/nio/fs/WindowsException'{0x00000007fd5692c0}> (0x00000007fd5692c0) 
thrown [s\src\hotspot\share\prims\jni.cpp, line 537]
Event: 142.830 Thread 0x000001fed5638e40 Exception <a 'sun/nio/fs/WindowsException'{0x00000007fd9b4a48}> (0x00000007fd9b4a48) 
thrown [s\src\hotspot\share\prims\jni.cpp, line 537]
Event: 142.830 Thread 0x000001fed5638e40 Exception <a 'sun/nio/fs/WindowsException'{0x00000007fd9b5a68}> (0x00000007fd9b5a68) 
thrown [s\src\hotspot\share\prims\jni.cpp, line 537]
Event: 142.831 Thread 0x000001fed5638e40 Exception <a 'sun/nio/fs/WindowsException'{0x00000007fd9b6cf0}> (0x00000007fd9b6cf0) 
thrown [s\src\hotspot\share\prims\jni.cpp, line 537]
Event: 142.834 Thread 0x000001febe76ab80 Exception <a 'sun/nio/fs/WindowsException'{0x00000007fdb0d8c0}> (0x00000007fdb0d8c0) 
thrown [s\src\hotspot\share\prims\jni.cpp, line 537]
Event: 142.837 Thread 0x000001febe76ab80 Exception <a 'sun/nio/fs/WindowsException'{0x00000007fdb0f318}> (0x00000007fdb0f318) 
thrown [s\src\hotspot\share\prims\jni.cpp, line 537]
Event: 142.838 Thread 0x000001febe76ab80 Exception <a 'sun/nio/fs/WindowsException'{0x00000007fd2171a0}> (0x00000007fd2171a0) 
thrown [s\src\hotspot\share\prims\jni.cpp, line 537]
Event: 142.838 Thread 0x000001febe76ab80 Exception <a 'sun/nio/fs/WindowsException'{0x00000007fd217fc8}> (0x00000007fd217fc8) 
thrown [s\src\hotspot\share\prims\jni.cpp, line 537]
Event: 142.838 Thread 0x000001febe76ab80 Exception <a 'sun/nio/fs/WindowsException'{0x00000007fd218fe8}> (0x00000007fd218fe8) 
thrown [s\src\hotspot\share\prims\jni.cpp, line 537]
Event: 142.839 Thread 0x000001febe76ab80 Exception <a 'sun/nio/fs/WindowsException'{0x00000007fd21a270}> (0x00000007fd21a270) 
thrown [s\src\hotspot\share\prims\jni.cpp, line 537]

ZGC Phase Switch (0 events):
No events

VM Operations (20 events):
Event: 135.241 Executing non-safepoint VM operation: HandshakeAllThreads (Deoptimize)
Event: 135.241 Executing non-safepoint VM operation: HandshakeAllThreads (Deoptimize) done
Event: 136.241 Executing safepoint VM operation: Cleanup
Event: 136.241 Executing safepoint VM operation: Cleanup done
Event: 137.241 Executing safepoint VM operation: Cleanup
Event: 137.241 Executing safepoint VM operation: Cleanup done
Event: 138.174 Executing safepoint VM operation: G1CollectForAllocation (G1 Evacuation Pause)
Event: 138.180 Executing safepoint VM operation: G1CollectForAllocation (G1 Evacuation Pause) done
Event: 138.396 Executing safepoint VM operation: G1PauseRemark
Event: 138.413 Executing safepoint VM operation: G1PauseRemark done
Event: 138.536 Executing safepoint VM operation: G1PauseCleanup
Event: 138.536 Executing safepoint VM operation: G1PauseCleanup done
Event: 139.536 Executing safepoint VM operation: Cleanup
Event: 139.537 Executing safepoint VM operation: Cleanup done
Event: 140.537 Executing safepoint VM operation: Cleanup
Event: 140.537 Executing safepoint VM operation: Cleanup done
Event: 141.538 Executing safepoint VM operation: Cleanup
Event: 141.538 Executing safepoint VM operation: Cleanup done
Event: 142.804 Executing safepoint VM operation: G1CollectForAllocation (G1 Evacuation Pause)
Event: 142.810 Executing safepoint VM operation: G1CollectForAllocation (G1 Evacuation Pause) done

Memory protections (0 events):
No events

Nmethod flushes (20 events):
Event: 138.409 Thread 0x000001feb5a6b090 flushing  nmethod 0x000001fe921c8290
Event: 138.409 Thread 0x000001feb5a6b090 flushing  nmethod 0x000001fe9225c810
Event: 138.409 Thread 0x000001feb5a6b090 flushing  nmethod 0x000001fe922f8a90
Event: 138.409 Thread 0x000001feb5a6b090 flushing  nmethod 0x000001fe922f9910
Event: 138.409 Thread 0x000001feb5a6b090 flushing  nmethod 0x000001fe922fbf90
Event: 138.409 Thread 0x000001feb5a6b090 flushing  nmethod 0x000001fe922fce10
Event: 138.409 Thread 0x000001feb5a6b090 flushing  nmethod 0x000001fe922fda10
Event: 138.409 Thread 0x000001feb5a6b090 flushing  nmethod 0x000001fe92300b10
Event: 138.409 Thread 0x000001feb5a6b090 flushing  nmethod 0x000001fe92304d10
Event: 138.409 Thread 0x000001feb5a6b090 flushing  nmethod 0x000001fe92305790
Event: 138.409 Thread 0x000001feb5a6b090 flushing  nmethod 0x000001fe92307090
Event: 138.409 Thread 0x000001feb5a6b090 flushing  nmethod 0x000001fe92309510
Event: 138.409 Thread 0x000001feb5a6b090 flushing  nmethod 0x000001fe9230b310
Event: 138.409 Thread 0x000001feb5a6b090 flushing  nmethod 0x000001fe9230b790
Event: 138.409 Thread 0x000001feb5a6b090 flushing  nmethod 0x000001fe92399d10
Event: 138.409 Thread 0x000001feb5a6b090 flushing  nmethod 0x000001fe9239a810
Event: 138.409 Thread 0x000001feb5a6b090 flushing  nmethod 0x000001fe9239ac90
Event: 138.409 Thread 0x000001feb5a6b090 flushing  nmethod 0x000001fe9239df90
Event: 138.409 Thread 0x000001feb5a6b090 flushing  nmethod 0x000001fe9239ea90
Event: 138.409 Thread 0x000001feb5a6b090 flushing  nmethod 0x000001fe923f4510

Events (20 events):
Event: 131.806 Thread 0x000001feb5b481e0 Thread added: 0x000001fed548d4f0
Event: 131.932 Thread 0x000001fed548d4f0 Thread exited: 0x000001fed548d4f0
Event: 131.965 Thread 0x000001feb5b481e0 Thread added: 0x000001fed548d4f0
Event: 133.604 Thread 0x000001fed548d4f0 Thread exited: 0x000001fed548d4f0
Event: 134.483 Thread 0x000001feb5b481e0 Thread added: 0x000001fed5491fe0
Event: 134.698 Thread 0x000001fed5491fe0 Thread exited: 0x000001fed5491fe0
Event: 134.993 Thread 0x000001feb5b481e0 Thread added: 0x000001fed5493450
Event: 135.420 Thread 0x000001fed5493450 Thread exited: 0x000001fed5493450
Event: 135.646 Thread 0x000001feb5b481e0 Thread added: 0x000001fed548d4f0
Event: 135.808 Thread 0x000001fed548d4f0 Thread exited: 0x000001fed548d4f0
Event: 136.159 Thread 0x000001feb5b481e0 Thread added: 0x000001fed5491fe0
Event: 137.086 Thread 0x000001fed5491fe0 Thread exited: 0x000001fed5491fe0
Event: 143.326 Thread 0x000001febe769e60 Thread added: 0x000001fec3864a40
Event: 143.326 Thread 0x000001fed563c2c0 Thread added: 0x000001fec3866b10
Event: 143.326 Thread 0x000001fec6f8e7f0 Thread added: 0x000001fec3863000
Event: 143.326 Thread 0x000001fed563a880 Thread added: 0x000001fec386a620
Event: 143.326 Thread 0x000001febe767d90 Thread added: 0x000001fec386acb0
Event: 143.327 Thread 0x000001febed8d420 Thread added: 0x000001fec386b340
Event: 143.327 Thread 0x000001fed5638e40 Thread added: 0x000001fec386b9d0
Event: 143.327 Thread 0x000001febe76ab80 Thread added: 0x000001fec386c060


Dynamic libraries:
0x00007ff66a380000 - 0x00007ff66a38a000 	D:\Android\Android Studio\jbr\bin\java.exe
0x00007ffb7fb70000 - 0x00007ffb7fd68000 	C:\Windows\SYSTEM32\ntdll.dll
0x00007ffb7fa60000 - 0x00007ffb7fb22000 	C:\Windows\System32\KERNEL32.DLL
0x00007ffb7d200000 - 0x00007ffb7d4f6000 	C:\Windows\System32\KERNELBASE.dll
0x00007ffb7d830000 - 0x00007ffb7d930000 	C:\Windows\System32\ucrtbase.dll
0x00007ffb3e9f0000 - 0x00007ffb3ea08000 	D:\Android\Android Studio\jbr\bin\jli.dll
0x00007ffb32120000 - 0x00007ffb3213b000 	D:\Android\Android Studio\jbr\bin\VCRUNTIME140.dll
0x00007ffb7ddc0000 - 0x00007ffb7df61000 	C:\Windows\System32\USER32.dll
0x00007ffb7dae0000 - 0x00007ffb7db02000 	C:\Windows\System32\win32u.dll
0x00007ffb7ef10000 - 0x00007ffb7ef3b000 	C:\Windows\System32\GDI32.dll
0x00007ffb7d710000 - 0x00007ffb7d829000 	C:\Windows\System32\gdi32full.dll
0x00007ffb63df0000 - 0x00007ffb6408b000 	C:\Windows\WinSxS\amd64_microsoft.windows.common-controls_6595b64144ccf1df_6.0.19041.6456_none_60b8a6cb71f64256\COMCTL32.dll
0x00007ffb7d500000 - 0x00007ffb7d59d000 	C:\Windows\System32\msvcp_win.dll
0x00007ffb7df70000 - 0x00007ffb7e00e000 	C:\Windows\System32\msvcrt.dll
0x00007ffb7dbf0000 - 0x00007ffb7dc1f000 	C:\Windows\System32\IMM32.DLL
0x00007ffb5f220000 - 0x00007ffb5f22c000 	D:\Android\Android Studio\jbr\bin\vcruntime140_1.dll
0x00007ffb1e290000 - 0x00007ffb1e31d000 	D:\Android\Android Studio\jbr\bin\msvcp140.dll
0x00007ffa5de20000 - 0x00007ffa5eab6000 	D:\Android\Android Studio\jbr\bin\server\jvm.dll
0x00007ffb7eb80000 - 0x00007ffb7ec31000 	C:\Windows\System32\ADVAPI32.dll
0x00007ffb7e0c0000 - 0x00007ffb7e15f000 	C:\Windows\System32\sechost.dll
0x00007ffb7ed20000 - 0x00007ffb7ee40000 	C:\Windows\System32\RPCRT4.dll
0x00007ffb7d650000 - 0x00007ffb7d677000 	C:\Windows\System32\bcrypt.dll
0x00007ffb7eb10000 - 0x00007ffb7eb7b000 	C:\Windows\System32\WS2_32.dll
0x00007ffb7c750000 - 0x00007ffb7c79b000 	C:\Windows\SYSTEM32\POWRPROF.dll
0x00007ffb6ecd0000 - 0x00007ffb6ecf7000 	C:\Windows\SYSTEM32\WINMM.dll
0x00007ffb73510000 - 0x00007ffb7351a000 	C:\Windows\SYSTEM32\VERSION.dll
0x00007ffb7c5c0000 - 0x00007ffb7c5d2000 	C:\Windows\SYSTEM32\UMPDC.dll
0x00007ffb7b9d0000 - 0x00007ffb7b9e2000 	C:\Windows\SYSTEM32\kernel.appcore.dll
0x00007ffb5eff0000 - 0x00007ffb5effa000 	D:\Android\Android Studio\jbr\bin\jimage.dll
0x00007ffb7abc0000 - 0x00007ffb7adc1000 	C:\Windows\SYSTEM32\DBGHELP.DLL
0x00007ffb55580000 - 0x00007ffb555b4000 	C:\Windows\SYSTEM32\dbgcore.DLL
0x00007ffb7d680000 - 0x00007ffb7d702000 	C:\Windows\System32\bcryptPrimitives.dll
0x00007ffb55940000 - 0x00007ffb5594e000 	D:\Android\Android Studio\jbr\bin\instrument.dll
0x00007ffb32100000 - 0x00007ffb32120000 	D:\Android\Android Studio\jbr\bin\java.dll
0x00007ffb31a10000 - 0x00007ffb31a28000 	D:\Android\Android Studio\jbr\bin\zip.dll
0x00007ffb7e270000 - 0x00007ffb7e9e0000 	C:\Windows\System32\SHELL32.dll
0x00007ffb7b210000 - 0x00007ffb7b9b5000 	C:\Windows\SYSTEM32\windows.storage.dll
0x00007ffb7f700000 - 0x00007ffb7fa54000 	C:\Windows\System32\combase.dll
0x00007ffb7cb50000 - 0x00007ffb7cb7b000 	C:\Windows\SYSTEM32\Wldp.dll
0x00007ffb7ee40000 - 0x00007ffb7ef0d000 	C:\Windows\System32\OLEAUT32.dll
0x00007ffb7e1c0000 - 0x00007ffb7e26d000 	C:\Windows\System32\SHCORE.dll
0x00007ffb7db90000 - 0x00007ffb7dbeb000 	C:\Windows\System32\shlwapi.dll
0x00007ffb7d130000 - 0x00007ffb7d154000 	C:\Windows\SYSTEM32\profapi.dll
0x00007ffb5d250000 - 0x00007ffb5d260000 	D:\Android\Android Studio\jbr\bin\net.dll
0x00007ffb78b90000 - 0x00007ffb78c9a000 	C:\Windows\SYSTEM32\WINHTTP.dll
0x00007ffb7c930000 - 0x00007ffb7c99a000 	C:\Windows\system32\mswsock.dll
0x00007ffb2c060000 - 0x00007ffb2c076000 	D:\Android\Android Studio\jbr\bin\nio.dll
0x00007ffb5b440000 - 0x00007ffb5b450000 	D:\Android\Android Studio\jbr\bin\verify.dll
0x00007ffb1e380000 - 0x00007ffb1e3a7000 	C:\Users\BH2VSQ\.gradle\native\660c5614fbf4a5f2a75b1949f50a0caf5cd603558e7d8a26e50b933a0cfb79d1\windows-amd64\native-platform.dll
0x00007ffab6820000 - 0x00007ffab6897000 	C:\Users\BH2VSQ\.gradle\native\0.2.8\x86_64-windows-gnu\gradle-fileevents.dll
0x00007ffb5a900000 - 0x00007ffb5a909000 	D:\Android\Android Studio\jbr\bin\management.dll
0x00007ffb58d20000 - 0x00007ffb58d2b000 	D:\Android\Android Studio\jbr\bin\management_ext.dll
0x00007ffb7ef40000 - 0x00007ffb7ef48000 	C:\Windows\System32\PSAPI.DLL
0x00007ffb7c5e0000 - 0x00007ffb7c61b000 	C:\Windows\SYSTEM32\IPHLPAPI.DLL
0x00007ffb7f690000 - 0x00007ffb7f698000 	C:\Windows\System32\NSI.dll
0x00007ffb56af0000 - 0x00007ffb56af9000 	D:\Android\Android Studio\jbr\bin\extnet.dll
0x00007ffb7cb90000 - 0x00007ffb7cba8000 	C:\Windows\SYSTEM32\CRYPTSP.dll
0x00007ffb7c200000 - 0x00007ffb7c238000 	C:\Windows\system32\rsaenh.dll
0x00007ffb7d0b0000 - 0x00007ffb7d0de000 	C:\Windows\SYSTEM32\USERENV.dll
0x00007ffb7cac0000 - 0x00007ffb7cacc000 	C:\Windows\SYSTEM32\CRYPTBASE.dll
0x00007ffb4f690000 - 0x00007ffb4f697000 	C:\Windows\system32\wshunix.dll
0x00007ffb4f7d0000 - 0x00007ffb4f7d7000 	D:\Android\Android Studio\jbr\bin\rmi.dll
0x00007ffb7c450000 - 0x00007ffb7c483000 	C:\Windows\SYSTEM32\ntmarta.dll
0x00007ffb63b80000 - 0x00007ffb63bcb000 	C:\Program Files (x86)\Sangfor\SSL\ClientComponent\SangforNspX64.dll
0x00007ffb7e9e0000 - 0x00007ffb7eb0b000 	C:\Windows\System32\ole32.dll
0x00007ffb7c620000 - 0x00007ffb7c6ea000 	C:\Windows\SYSTEM32\DNSAPI.dll
0x00007ffb76430000 - 0x00007ffb7643a000 	C:\Windows\System32\rasadhlp.dll
0x00007ffb74770000 - 0x00007ffb747f0000 	C:\Windows\System32\fwpuclnt.dll

JVMTI agents:
C:\Users\BH2VSQ\.gradle\qslmm\gradle-9.3.1\lib\agents\gradle-instrumentation-agent-9.3.1.jar path:D:\Android\Android Studio\jbr\bin\instrument.dll, loaded, initialized, instrumentlib options:none

dbghelp: loaded successfully - version: 4.0.5 - missing functions: none
symbol engine: initialized successfully - sym options: 0x614 - pdb path: .;D:\Android\Android Studio\jbr\bin;C:\Windows\SYSTEM32;C:\Windows\WinSxS\amd64_microsoft.windows.common-controls_6595b64144ccf1df_6.0.19041.6456_none_60b8a6cb71f64256;D:\Android\Android Studio\jbr\bin\server;C:\Users\BH2VSQ\.gradle\native\660c5614fbf4a5f2a75b1949f50a0caf5cd603558e7d8a26e50b933a0cfb79d1\windows-amd64;C:\Users\BH2VSQ\.gradle\native\0.2.8\x86_64-windows-gnu;C:\Program Files (x86)\Sangfor\SSL\ClientComponent

VM Arguments:
jvm_args: --add-opens=java.base/java.lang=ALL-UNNAMED --add-opens=java.base/java.lang.invoke=ALL-UNNAMED --add-opens=java.base/java.util=ALL-UNNAMED --add-opens=java.prefs/java.util.prefs=ALL-UNNAMED --add-exports=jdk.compiler/com.sun.tools.javac.api=ALL-UNNAMED --add-exports=jdk.compiler/com.sun.tools.javac.util=ALL-UNNAMED --add-opens=java.base/java.util=ALL-UNNAMED --add-opens=java.prefs/java.util.prefs=ALL-UNNAMED --add-opens=java.base/java.nio.charset=ALL-UNNAMED --add-opens=java.base/java.net=ALL-UNNAMED --add-opens=java.base/java.util.concurrent=ALL-UNNAMED --add-opens=java.base/java.util.concurrent.atomic=ALL-UNNAMED --add-opens=java.xml/javax.xml.namespace=ALL-UNNAMED --add-opens=java.base/java.time=ALL-UNNAMED -XX:MaxMetaspaceSize=2G -XX:ReservedCodeCacheSize=512m -XX:+HeapDumpOnOutOfMemoryError -Xmx4G -Dfile.encoding=UTF-8 -Duser.country=CN -Duser.language=zh -Duser.variant -javaagent:C:\Users\BH2VSQ\.gradle\qslmm\gradle-9.3.1\lib\agents\gradle-instrumentation-agent-9.3.1.jar 
java_command: org.gradle.launcher.daemon.bootstrap.GradleDaemon 9.3.1
java_class_path (initial): C:\Users\BH2VSQ\.gradle\qslmm\gradle-9.3.1\lib\gradle-daemon-main-9.3.1.jar
Launcher Type: SUN_STANDARD

[Global flags]
     intx CICompilerCount                          = 4                                         {product} {ergonomic}
     uint ConcGCThreads                            = 2                                         {product} {ergonomic}
     uint G1ConcRefinementThreads                  = 8                                         {product} {ergonomic}
   size_t G1HeapRegionSize                         = 2097152                                   {product} {ergonomic}
    uintx GCDrainStackTargetSize                   = 64                                        {product} {ergonomic}
     bool HeapDumpOnOutOfMemoryError               = true                                   {manageable} {command line}
   size_t InitialHeapSize                          = 266338304                                 {product} {ergonomic}
   size_t MarkStackSize                            = 4194304                                   {product} {ergonomic}
   size_t MaxHeapSize                              = 4294967296                                {product} {command line}
   size_t MaxMetaspaceSize                         = 2147483648                                {product} {command line}
   size_t MaxNewSize                               = 2575302656                                {product} {ergonomic}
   size_t MinHeapDeltaBytes                        = 2097152                                   {product} {ergonomic}
   size_t MinHeapSize                              = 8388608                                   {product} {ergonomic}
    uintx NonNMethodCodeHeapSize                   = 5839372                                {pd product} {ergonomic}
    uintx NonProfiledCodeHeapSize                  = 265515770                              {pd product} {ergonomic}
    uintx ProfiledCodeHeapSize                     = 265515770                              {pd product} {ergonomic}
    uintx ReservedCodeCacheSize                    = 536870912                              {pd product} {command line}
     bool SegmentedCodeCache                       = true                                      {product} {ergonomic}
   size_t SoftMaxHeapSize                          = 4294967296                             {manageable} {ergonomic}
     bool UseCompressedOops                        = true                           {product lp64_product} {ergonomic}
     bool UseG1GC                                  = true                                      {product} {ergonomic}
     bool UseLargePagesIndividualAllocation        = false                                  {pd product} {ergonomic}

Logging:
Log output configuration:
 #0: stdout all=warning uptime,level,tags foldmultilines=false
 #1: stderr all=off uptime,level,tags foldmultilines=false

Release file:
JAVA_VERSION="21.0.10" 
MODULES="java.base java.compiler java.datatransfer java.xml java.prefs java.desktop java.instrument java.logging java.management java.security.sasl java.naming java.rmi java.management.rmi java.net.http java.scripting java.security.jgss java.transaction.xa java.sql java.sql.rowset java.xml.crypto java.se java.smartcardio jdk.accessibility jdk.internal.jvmstat jdk.attach jdk.charsets jdk.internal.opt jdk.zipfs jdk.compiler jdk.crypto.ec jdk.crypto.cryptoki jdk.dynalink jdk.hotspot.agent jdk.httpserver jdk.internal.ed jdk.internal.le jdk.internal.vm.ci jdk.jartool jdk.javadoc jdk.jcmd jdk.jdeps jdk.jdwp.agent jdk.jdi jdk.jfr jdk.jlink jdk.jsobject jdk.localedata jdk.management jdk.management.agent jdk.management.jfr jdk.naming.dns jdk.naming.rmi jdk.net jdk.sctp jdk.security.auth jdk.security.jgss jdk.unsupported jdk.unsupported.desktop jdk.xml.dom" 
IMPLEMENTOR="JetBrains s.r.o." 
JAVA_RUNTIME_VERSION="21.0.10+-14961533-b1163.108" 
LIBC="default" 
OS_ARCH="x86_64" 
OS_NAME="Windows" 
SOURCE=".:git:1351622c2ff2" 

Environment Variables:
JAVA_HOME=D:\Android\Android Studio\jbr
PATH=D:\Android\Android Studio\jbr\bin;d:\cursor\resources\app\bin;C:\Program Files (x86)\VMware\VMware Workstation\bin\;C:\Program Files\Common Files\Oracle\Java\javapath;C:\Windows\system32;C:\Windows;C:\Windows\System32\Wbem;C:\Windows\System32\WindowsPowerShell\v1.0\;C:\Windows\System32\OpenSSH\;C:\Program Files (x86)\Gpg4win\..\GnuPG\bin;D:\nodejs\;C:\ProgramData\chocolatey\bin;C:\Program Files\dotnet\;C:\ProgramData\ComposerSetup\bin;D:\Program Files\Git\cmd;C:\JTDX64\159\bin;d:\Programs\Trae CN\bin;C:\Users\BH2VSQ\AppData\Local\Programs\Python\Python310\Scripts\;C:\Users\BH2VSQ\AppData\Local\Programs\Python\Python310\;C:\Users\BH2VSQ\AppData\Local\Microsoft\WindowsApps;E:\HW\Back\JAVA\bin;C:\Users\BH2VSQ\AppData\Roaming\npm;C:\Users\BH2VSQ\.lmstudio\bin;C:\xampp\php;C:\Users\BH2VSQ\AppData\Roaming\Composer\vendor\bin;D:\cursor\resources\app\bin;C:\Program Files (x86)\RealInfo;d:\cursor\resources\app\bin;D:\ffmpeg\bin;D:\Program Files (x86)\Tencent\微信web开发者工具\dll;C:\Program Files\NVIDIA Corporation\NVIDIA App\NvDLISR;C:\Program Files (x86)\NVIDIA Corporation\PhysX\Common;D:\Program Files\CMake\bin;D:\msys64\ucrt64\bin;C:\Program Files (x86)\Windows Kits\10\Windows Performance Toolkit\;D:\Program Files\MATLAB\R2022b\runtime\win64;D:\Program Files\MATLAB\R2022b\bin;D:\Program Files\cursor\resources\app\bin;D:\Flutter SDK\flutter\bin;C:\Program Files\Docker\Docker\resources\bin;C:\Program Files\Tailscale\;C:\Users\BH2VSQ\.cargo\bin;D:\SatDump\bin;D:\Go\bin;D:\Code-Project\Pico-Key\arm-gnu-toolchain-15.3.rel1-mingw-w64-x86_64-arm-none-eabi\bin;C:\Users\BH2VSQ\.cargo\bin;C:\Users\BH2VSQ\scoop\apps\python\current\Scripts;C:\Users\BH2VSQ\scoop\apps\python\current;C:\Users\BH2VSQ\scoop\apps\python313\current\Scripts;C:\Users\BH2VSQ\scoop\apps\python313\current;C:\Users\BH2VSQ\scoop\apps\git\current\bin;C:\Users\BH2VSQ\scoop\shims;D:\AR-Program\radioconda;D:\AR-Program\radioconda\Library\mingw-w64\bin;D:\AR-Program\radioconda\Library\usr\bin;D:\AR-Program\radioconda\Library\bin;D:\AR-Program\radioconda\Scripts;C:\Users\BH2VSQ\AppData\Local\Programs\Python\Python311\Scripts\;C:\Users\BH2VSQ\AppData\Local\Programs\Python\Python311\;d:\Programs\Trae CN\bin;C:\Users\BH2VSQ\AppData\Local\Microsoft\WindowsApps;E:\HW\Back\JAVA\bin;C:\Users\BH2VSQ\AppData\Local\Programs\Microsoft VS Code\bin;C:\Users\BH2VSQ\AppData\Roaming\npm;C:\Users\BH2VSQ\.lmstudio\bin;C:\xampp\php;C:\Users\BH2VSQ\AppData\Roaming\Composer\vendor\bin;D:\cursor\resources\app\bin;D:\msys64\ucrt64\bin;C:\Program Files\Processing\;C:\Users\BH2VSQ\AppData\Local\Programs\Ollama;C:\Users\BH2VSQ\.dotnet\tools;D:\Kiro\bin;D:\Flutter SDK\flutter\bin;C:\Users\BH2VSQ\go\bin;C:\Users\BH2VSQ\AppData\Local\Microsoft\WinGet\Links;;D:\Flutter SDK\flutter\bin\mingit\cmd
USERNAME=BH2VSQ
OS=Windows_NT
PROCESSOR_IDENTIFIER=Intel64 Family 6 Model 140 Stepping 1, GenuineIntel
TMP=C:\Users\BH2VSQ\AppData\Local\Temp
TEMP=C:\Users\BH2VSQ\AppData\Local\Temp




Periodic native trim disabled

JNI global refs:
JNI global refs: 29, weak refs: 0

JNI global refs memory usage: 835, weak refs: 833

Process memory usage:
Resident Set Size: 1474212K (8% of 16555320K total physical memory with 343732K free physical memory)

OOME stack traces (most recent first):
Classloader memory used:
Loader org.gradle.internal.classloader.VisitableURLClassLoader                         : 136M
Loader org.gradle.internal.classloader.VisitableURLClassLoader$InstrumentingVisitableURLClassLoader: 53864K
Loader bootstrap                                                                       : 36818K
Loader org.gradle.initialization.MixInLegacyTypesClassLoader                           : 14230K
Loader java.net.URLClassLoader                                                         : 2572K
Loader jdk.internal.loader.ClassLoaders$PlatformClassLoader                            : 762K
Loader jdk.internal.reflect.DelegatingClassLoader                                      : 451K
Loader org.gradle.internal.classloader.VisitableURLClassLoader                         : 443K
Loader jdk.internal.jrtfs.JrtFileSystemProvider$JrtFsLoader                            : 344K
Loader jdk.internal.loader.ClassLoaders$AppClassLoader                                 : 231K
Loader org.gradle.groovy.scripts.internal.DefaultScriptCompilationHandler$ScriptClassLoader: 178K

Classes loaded by more than one classloader:
Class Program                                                                         : loaded 19 times (x 72B)
Class Build_gradle                                                                    : loaded 11 times (x 126B)
Class Build_gradle$1                                                                  : loaded 5 times (x 74B)
Class Build_gradle$2                                                                  : loaded 5 times (x 74B)
Class org.gradle.kotlin.dsl.ImplementationConfigurationAccessorsKt                    : loaded 4 times (x 71B)
Class org.jetbrains.kotlin.build.report.metrics.BuildMetricsReporter                  : loaded 4 times (x 70B)
Class Build_gradle$3                                                                  : loaded 3 times (x 74B)
Class org.jetbrains.kotlin.cli.common.arguments.CommonCompilerArguments               : loaded 3 times (x 75B)
Class Settings_gradle                                                                 : loaded 3 times (x 124B)
Class Build_gradle$inlined$sam$i$org_gradle_api_Action$0                              : loaded 3 times (x 75B)
Class org.jetbrains.kotlin.build.report.metrics.BuildPerformanceMetric                : loaded 3 times (x 72B)
Class org.gradle.kotlin.dsl.TestImplementationConfigurationAccessorsKt                : loaded 3 times (x 71B)
Class org.jetbrains.kotlin.build.report.metrics.DoNothingBuildMetricsReporter         : loaded 3 times (x 86B)
Class [Lorg.jetbrains.kotlin.build.report.metrics.ValueType;                          : loaded 3 times (x 69B)
Class org.gradle.kotlin.dsl.Accessors7t09xqv4rp34sow31xff10e9cKt                      : loaded 3 times (x 71B)
Class org.jetbrains.kotlin.util.capitalizeDecapitalize.CapitalizeDecapitalizeKt       : loaded 3 times (x 71B)
Class org.jetbrains.kotlin.cli.common.arguments.Freezable                             : loaded 3 times (x 72B)
Class org.jetbrains.kotlin.cli.common.arguments.CommonToolArguments                   : loaded 3 times (x 73B)
Class org.jetbrains.kotlin.cli.common.arguments.K2JVMCompilerArguments                : loaded 3 times (x 76B)
Class org.jetbrains.kotlin.build.report.metrics.ValueType                             : loaded 3 times (x 79B)
Class org.jetbrains.kotlin.buildtools.api.jvm.ClassSnapshotGranularity                : loaded 3 times (x 79B)
Class [Lcom.google.common.collect.MapMakerInternalMap$Segment;                        : loaded 2 times (x 69B)
Class [Lcom.google.common.base.AbstractIterator$State;                                : loaded 2 times (x 69B)
Class com.google.common.io.FileWriteMode                                              : loaded 2 times (x 79B)
Class org.jetbrains.kotlin.gradle.plugin.mpp.KotlinVariantWithCoordinates             : loaded 2 times (x 108B)
Class org.jetbrains.kotlin.gradle.tasks.CInteropProcess                               : loaded 2 times (x 344B)
Class org.jetbrains.kotlin.gradle.internal.KotlinDomApiDependencyManagementKt         : loaded 2 times (x 71B)
Class org.jetbrains.kotlin.gradle.plugin.KotlinPluginLifecycleImpl$launch$coroutine$1 : loaded 2 times (x 76B)
Class org.jetbrains.kotlin.gradle.targets.js.npm.NpmDependencyExtensionKt$defaultNpmDependencyDelegate$1: loaded 2 times (x 167B)
Class org.jetbrains.kotlin.gradle.plugin.diagnostics.checkers.MissingNativeStdlibChecker: loaded 2 times (x 74B)
Class org.jetbrains.kotlin.gradle.targets.ConfigureNonPackedKlibConsumingSideEffectKt : loaded 2 times (x 71B)
Class org.jetbrains.kotlin.gradle.targets.native.KotilnNativeConfigureBinariesSideEffectKt: loaded 2 times (x 71B)
Class org.jetbrains.kotlin.gradle.plugin.KotlinPlatformType$DisambiguationRule        : loaded 2 times (x 76B)
Class org.jetbrains.kotlin.gradle.plugin.KotlinPlatformType$Companion                 : loaded 2 times (x 71B)
Class org.jetbrains.kotlin.gradle.plugin.internal.ConfigurationCacheStartParameterAccessorKt: loaded 2 times (x 71B)
Class com.google.common.base.CharMatcher$IsEither                                     : loaded 2 times (x 111B)
Class jdk.internal.jimage.BasicImageReader                                            : loaded 2 times (x 95B)
Class org.gradle.internal.classloader.ClassLoaderHierarchy                            : loaded 2 times (x 70B)
Class kotlin.SafePublicationLazyImpl$Companion                                        : loaded 2 times (x 71B)
Class kotlin.jvm.internal.PropertyReference1Impl                                      : loaded 2 times (x 131B)
Class kotlin.jvm.internal.MutablePropertyReference1                                   : loaded 2 times (x 141B)
Class com.google.common.collect.AbstractMapBasedMultimap$WrappedCollection            : loaded 2 times (x 124B)
Class org.jetbrains.kotlin.gradle.plugin.PropertiesProvider$separateKmpCompilation$1  : loaded 2 times (x 79B)
Class org.jetbrains.kotlin.gradle.plugin.hierarchy.KotlinSourceSetTreeClassifierKt    : loaded 2 times (x 71B)
Class org.jetbrains.kotlin.gradle.report.UsesBuildMetricsService                      : loaded 2 times (x 70B)
Class org.jetbrains.kotlin.gradle.plugin.mpp.compilationImpl.factory.KotlinCompilationImplFactory$KotlinCompilationSourceSetsContainerFactory: loaded 2 times (x 70B)
Class org.jetbrains.kotlin.gradle.utils.MutableObservableSet                          : loaded 2 times (x 70B)
Class org.jetbrains.kotlin.gradle.dsl.KotlinHierarchyDsl                              : loaded 2 times (x 70B)
Class org.jetbrains.kotlin.gradle.utils.ConfigurationCacheOpaqueValueSource           : loaded 2 times (x 79B)
Class org.jetbrains.kotlin.gradle.targets.native.KonanPropertiesBuildService$Companion$registerIfAbsent$2$1: loaded 2 times (x 79B)
Class org.jetbrains.kotlin.gradle.report.BuildReportType                              : loaded 2 times (x 79B)
Class org.jetbrains.kotlin.statistics.metrics.StringAnonymizationPolicy$AllowedListAnonymizer: loaded 2 times (x 79B)
Class org.jetbrains.kotlin.gradle.plugin.internal.CustomPropertiesFileValueSource$Parameters$Inject_: loaded 2 times (x 106B)
Class com.google.common.collect.ImmutableEnumSet                                      : loaded 2 times (x 146B)
Class com.google.common.util.concurrent.ExecutionError                                : loaded 2 times (x 82B)
Class com.google.common.collect.ImmutableList$1                                       : loaded 2 times (x 97B)
Class org.gradle.api.internal.classpath.ManifestUtil                                  : loaded 2 times (x 71B)
Class org.jetbrains.kotlin.incremental.classpathDiff.impl.BasicClassInfo              : loaded 2 times (x 72B)
Class org.jetbrains.kotlin.incremental.classpathDiff.impl.ClassListSnapshotterKt      : loaded 2 times (x 71B)
Class kotlin.reflect.jvm.internal.ReflectProperties$Val                               : loaded 2 times (x 74B)
Class kotlin.jvm.internal.MutablePropertyReference2                                   : loaded 2 times (x 141B)
Class com.google.common.io.ByteArrayDataOutput                                        : loaded 2 times (x 70B)
Class org.jetbrains.kotlin.gradle.tasks.KotlinCompile$androidLayoutResources$1        : loaded 2 times (x 74B)
Class org.jetbrains.kotlin.gradle.report.GradleBuildMetricsReporter                   : loaded 2 times (x 98B)
Class org.jetbrains.kotlin.gradle.utils.FutureKt$future$1                             : loaded 2 times (x 95B)
Class org.jetbrains.kotlin.gradle.plugin.mpp.KotlinMetadataCompilation                : loaded 2 times (x 70B)
Class org.jetbrains.kotlin.gradle.plugin.sources.KotlinDependencyScope                : loaded 2 times (x 79B)
Class org.jetbrains.kotlin.gradle.tasks.configuration.AbstractKotlinCompileConfig$1   : loaded 2 times (x 79B)
Class org.jetbrains.kotlin.gradle.plugin.mpp.compilationImpl.KotlinCompilationFriendPathsResolver: loaded 2 times (x 70B)
Class org.jetbrains.kotlin.konan.target.KonanTarget$ANDROID_ARM64                     : loaded 2 times (x 78B)
Class org.jetbrains.kotlin.gradle.artifacts.KotlinNativeHostSpecificMetadataArtifactKt$KotlinNativeHostSpecificMetadataArtifact$1: loaded 2 times (x 74B)
Class org.jetbrains.kotlin.gradle.plugin.mpp.compilationImpl.KotlinCompilationSideEffect$Companion: loaded 2 times (x 71B)
Class org.jetbrains.kotlin.gradle.plugin.mpp.KotlinUsages$KotlinMetadataDisambiguation: loaded 2 times (x 76B)
Class org.jetbrains.kotlin.gradle.plugin.statistics.FlowActionBuildFusService$Companion$registerIfAbsentImpl$1: loaded 2 times (x 75B)
Class org.jetbrains.kotlin.gradle.internal.properties.PropertiesBuildService$IntGradleProperty: loaded 2 times (x 76B)
Class com.google.common.collect.RegularImmutableMap                                   : loaded 2 times (x 121B)
Class com.google.common.collect.ImmutableMap$MapViewOfValuesAsSingletonSets           : loaded 2 times (x 126B)
Class com.google.common.collect.TransformedListIterator                               : loaded 2 times (x 93B)
Class org.jetbrains.kotlin.gradle.tasks.AbstractKotlinCompile$compilerRunner$1        : loaded 2 times (x 75B)
Class org.jetbrains.kotlin.gradle.tasks.CacheableTasksKt$cacheOnlyIfEnabledForKotlin$1: loaded 2 times (x 75B)
Class org.jetbrains.kotlin.gradle.utils.GradleAttributesContainerUtilsKt$setAttributeProvider$1: loaded 2 times (x 75B)
Class org.jetbrains.kotlin.gradle.tasks.configuration.AbstractKotlinCompileConfig$2   : loaded 2 times (x 79B)
Class org.jetbrains.kotlin.gradle.plugin.mpp.compilationImpl.factory.KotlinCompilationImplFactory$PreConfigure: loaded 2 times (x 70B)
Class org.jetbrains.kotlin.gradle.plugin.KotlinProjectSetupActionKt$KotlinProjectSetupCoroutine$1$1: loaded 2 times (x 95B)
Class org.jetbrains.kotlin.konan.target.KonanTarget$WATCHOS_ARM32                     : loaded 2 times (x 78B)
Class org.jetbrains.kotlin.gradle.targets.js.dsl.KotlinJsTargetDsl                    : loaded 2 times (x 70B)
Class org.jetbrains.kotlin.gradle.plugin.KotlinPluginLifecycleImplKt                  : loaded 2 times (x 71B)
Class org.jetbrains.kotlin.gradle.plugin.diagnostics.checkers.DeprecatedKotlinNativeTargetsChecker$runChecks$1: loaded 2 times (x 88B)
Class org.jetbrains.kotlin.gradle.plugin.KotlinPluginLifecycleImpl$WhenMappings       : loaded 2 times (x 71B)
Class org.jetbrains.kotlin.gradle.dsl.KotlinCommonCompilerToolOptionsHelper           : loaded 2 times (x 71B)
Class org.jetbrains.kotlin.gradle.plugin.KotlinTargetComponent                        : loaded 2 times (x 70B)
Class org.jetbrains.kotlin.gradle.plugin.KotlinGradlePluginExtensionPointInternal     : loaded 2 times (x 76B)
Class org.jetbrains.kotlin.statistics.metrics.StringOverridePolicy$OVERRIDE_VERSION_IF_NOT_SET: loaded 2 times (x 85B)
Class org.jetbrains.kotlin.gradle.plugin.statistics.KotlinBuildStatsBeanService$Companion$initStatsService$1: loaded 2 times (x 79B)
Class org.jetbrains.kotlin.gradle.plugin.VariantImplementationFactories$Companion$getProvider$1: loaded 2 times (x 75B)
Class org.jetbrains.kotlin.gradle.internal.properties.PropertiesBuildService$BooleanGradleProperty: loaded 2 times (x 76B)
Class org.jetbrains.kotlin.gradle.dsl.KotlinProjectExtension                          : loaded 2 times (x 122B)
Class [Lorg.objectweb.asm.Symbol;                                                     : loaded 2 times (x 69B)
Class org.objectweb.asm.ClassVisitor                                                  : loaded 2 times (x 88B)
Class com.google.common.collect.UnmodifiableListIterator                              : loaded 2 times (x 95B)
Class jdk.internal.jimage.decompressor.StringSharingDecompressorFactory               : loaded 2 times (x 74B)
Class kotlin.reflect.jvm.internal.impl.name.FqName                                    : loaded 2 times (x 72B)
Class [Lkotlin.reflect.KClass;                                                        : loaded 2 times (x 69B)
Class com.google.common.collect.MapMakerInternalMap$StrongKeyDummyValueEntry$LinkedStrongKeyDummyValueEntry: loaded 2 times (x 82B)
Class com.google.common.collect.MapMakerInternalMap$Strength                          : loaded 2 times (x 80B)
Class org.jetbrains.kotlin.gradle.plugin.KotlinPluginLifecycle$ProjectConfigurationResult$Failure: loaded 2 times (x 72B)
Class com.google.common.base.Platform$JdkPatternCompiler                              : loaded 2 times (x 75B)
Class org.jetbrains.kotlin.gradle.tasks.DefaultKotlinJavaToolchain$Companion          : loaded 2 times (x 71B)
Class org.jetbrains.kotlin.gradle.tasks.DefaultKotlinJavaToolchain                    : loaded 2 times (x 77B)
Class org.jetbrains.kotlin.gradle.targets.native.toolchain.KotlinNativeBundleBuildService$Parameters: loaded 2 times (x 70B)
Class org.jetbrains.kotlin.gradle.targets.native.toolchain.KotlinNativeBundleBuildService: loaded 2 times (x 76B)
Class org.jetbrains.kotlin.gradle.plugin.KotlinGradleBuildServices                    : loaded 2 times (x 80B)
Class [Lorg.jetbrains.kotlin.statistics.ValueAnonymizer;                              : loaded 2 times (x 69B)
Class org.jetbrains.kotlin.gradle.internal.properties.PropertiesBuildService$MemoizedCallable$value$2: loaded 2 times (x 79B)
Class org.objectweb.asm.MethodTooLargeException                                       : loaded 2 times (x 83B)
Class [Lcom.google.common.cache.CacheBuilder$OneWeigher;                              : loaded 2 times (x 69B)
Class com.google.common.base.Suppliers                                                : loaded 2 times (x 71B)
Class org.gradle.internal.classloader.DefaultClassLoaderFactory                       : loaded 2 times (x 82B)
Class org.jetbrains.org.objectweb.asm.ClassVisitor                                    : loaded 2 times (x 88B)
Class kotlin.sequences.SequencesKt___SequencesKt                                      : loaded 2 times (x 71B)
Class kotlin.collections.AbstractList$Companion                                       : loaded 2 times (x 71B)
Class [Lcom.google.common.collect.AbstractIterator$State;                             : loaded 2 times (x 69B)
Class com.google.common.base.CharMatcher$None                                         : loaded 2 times (x 112B)
Class org.jetbrains.kotlin.gradle.plugin.PropertiesProvider$kotlinCompilerArgumentsLogLevel$1: loaded 2 times (x 74B)
Class org.jetbrains.kotlin.compilerRunner.CompilerSystemPropertiesService$Parameters_Decorated: loaded 2 times (x 130B)
Class org.jetbrains.kotlin.gradle.dsl.abi.ExperimentalAbiValidation                   : loaded 2 times (x 70B)
Class org.jetbrains.kotlin.gradle.plugin.KotlinTargetWithTests                        : loaded 2 times (x 70B)
Class [Lorg.jetbrains.kotlin.gradle.dsl.KotlinVersion;                                : loaded 2 times (x 69B)
Class org.jetbrains.kotlin.gradle.plugin.diagnostics.checkers.JsEnvironmentChecker    : loaded 2 times (x 76B)
Class org.jetbrains.kotlin.gradle.targets.js.npm.NpmDependencyExtensionKt             : loaded 2 times (x 71B)
Class org.jetbrains.kotlin.gradle.plugin.diagnostics.ToolingDiagnosticRenderingOptions: loaded 2 times (x 72B)
Class org.jetbrains.kotlin.gradle.plugin.diagnostics.UsesKotlinToolingDiagnosticsParameters: loaded 2 times (x 70B)
Class org.jetbrains.kotlin.gradle.plugin.PropertiesProvider$classLoaderCacheTimeoutInSeconds$1: loaded 2 times (x 75B)
Class org.jetbrains.kotlin.gradle.report.BuildMetricsService                          : loaded 2 times (x 86B)
Class org.jetbrains.kotlin.statistics.metrics.NumberAnonymizationPolicy               : loaded 2 times (x 85B)
Class org.jetbrains.kotlin.statistics.metrics.StringAnonymizationPolicy               : loaded 2 times (x 78B)
Class org.gradle.internal.classloader.ClassLoaderVisitor                              : loaded 2 times (x 76B)
Class kotlin.reflect.jvm.internal.KProperty1Impl                                      : loaded 2 times (x 128B)
Class org.jetbrains.kotlin.build.report.metrics.BuildPerformanceMetrics               : loaded 2 times (x 72B)
Class org.jetbrains.kotlin.gradle.plugin.mpp.compilationImpl.KotlinCompilationLanguageSettingsConfigurator: loaded 2 times (x 74B)
Class org.jetbrains.kotlin.gradle.plugin.KotlinPluginLifecycleKt$await$1              : loaded 2 times (x 88B)
Class [Lorg.jetbrains.kotlin.gradle.plugin.KotlinCompilation;                         : loaded 2 times (x 69B)
Class org.jetbrains.kotlin.gradle.plugin.mpp.KotlinTargetComponentWithPublication     : loaded 2 times (x 70B)
Class org.jetbrains.kotlin.gradle.plugin.mpp.compilationImpl.KotlinCreateNativeCompileTasksSideEffectKt: loaded 2 times (x 71B)
Class org.jetbrains.kotlin.gradle.plugin.KotlinProjectSetupActionKt                   : loaded 2 times (x 71B)
Class org.jetbrains.kotlin.gradle.dsl.KotlinTargetContainerWithJsPresetFunctions      : loaded 2 times (x 70B)
Class org.jetbrains.kotlin.gradle.report.ReportingSettings$Companion                  : loaded 2 times (x 71B)
Class org.jetbrains.kotlin.gradle.report.ConfigureReporingKt                          : loaded 2 times (x 71B)
Class org.jetbrains.kotlin.tooling.core.TypeUtils                                     : loaded 2 times (x 71B)
Class [Lcom.google.common.collect.ImmutableMapEntry;                                  : loaded 2 times (x 69B)
Class org.gradle.api.internal.classpath.EffectiveClassPath                            : loaded 2 times (x 90B)
Class kotlin.text.StringsKt__AppendableKt                                             : loaded 2 times (x 71B)
Class [Lorg.jetbrains.kotlin.buildtools.api.internal.KotlinCompilerVersion$Maturity;  : loaded 2 times (x 69B)
Class org.jetbrains.kotlin.buildtools.api.internal.KotlinCompilerVersion$Maturity     : loaded 2 times (x 79B)
Class org.jetbrains.kotlin.gradle.plugin.mpp.compilationImpl.DefaultKotlinCompilationConfigurationsContainer: loaded 2 times (x 84B)
Class com.google.common.collect.ImmutableRangeSet                                     : loaded 2 times (x 115B)
Class org.jetbrains.kotlin.gradle.tasks.TasksProviderKt                               : loaded 2 times (x 71B)
Class org.jetbrains.kotlin.konan.target.KonanTarget$ANDROID_ARM32                     : loaded 2 times (x 78B)
Class org.jetbrains.kotlin.gradle.plugin.sources.DefaultKotlinSourceSetFactory        : loaded 2 times (x 80B)
Class org.jetbrains.kotlin.gradle.plugin.diagnostics.ToolingDiagnostic                : loaded 2 times (x 72B)
Class com.google.common.collect.ListMultimap                                          : loaded 2 times (x 70B)
Class com.google.common.collect.ImmutableEnumMap                                      : loaded 2 times (x 126B)
Class org.jetbrains.kotlin.incremental.classpathDiff.impl.ClassFile                   : loaded 2 times (x 72B)
Class kotlin.reflect.jvm.internal.KCallableImpl                                       : loaded 2 times (x 105B)
Class kotlin.reflect.KProperty$Accessor                                               : loaded 2 times (x 70B)
Class [Lkotlin.reflect.KCallable;                                                     : loaded 2 times (x 69B)
Class com.google.common.base.Splitter                                                 : loaded 2 times (x 72B)
Class org.jetbrains.kotlin.incremental.ClasspathChanges                               : loaded 2 times (x 71B)
Class kotlin.jvm.internal.MutablePropertyReference0                                   : loaded 2 times (x 141B)
Class org.jetbrains.kotlin.gradle.ExternalKotlinTargetApi                             : loaded 2 times (x 70B)
Class com.google.common.collect.Iterators$EmptyModifiableIterator                     : loaded 2 times (x 86B)
Class org.jetbrains.kotlin.gradle.plugin.diagnostics.checkers.AndroidPluginWithoutAndroidTargetChecker$runChecks$1: loaded 2 times (x 88B)
Class org.jetbrains.kotlin.gradle.plugin.diagnostics.checkers.AndroidSourceSetLayoutV1SourceSetsNotFoundChecker$runChecks$1: loaded 2 times (x 88B)
Class org.jetbrains.kotlin.gradle.plugin.diagnostics.KotlinGradleProjectCheckersRunnerKt$launchKotlinGradleProjectCheckers$1$1: loaded 2 times (x 95B)
Class org.jetbrains.kotlin.gradle.targets.CreateDefaultTestRunSideEffectKt            : loaded 2 times (x 71B)
Class org.jetbrains.kotlin.gradle.utils.ProviderApiUtilsKt$mapOrNull$1                : loaded 2 times (x 75B)
Class org.jetbrains.kotlin.konan.target.KonanTarget                                   : loaded 2 times (x 78B)
Class org.jetbrains.kotlin.gradle.targets.native.toolchain.KotlinNativeBundleBuildService$Companion$registerIfAbsent$1: loaded 2 times (x 75B)
Class org.jetbrains.kotlin.statistics.metrics.BooleanAnonymizationPolicy              : loaded 2 times (x 85B)
Class org.jetbrains.kotlin.statistics.metrics.BooleanOverridePolicy$OVERRIDE          : loaded 2 times (x 85B)
Class org.jetbrains.kotlin.gradle.plugin.PropertiesProvider$kotlinExperimentalTryNext$1: loaded 2 times (x 75B)
Class org.jetbrains.kotlin.gradle.fus.BuildUidService$Companion                       : loaded 2 times (x 71B)
Class org.jetbrains.kotlin.gradle.plugin.VariantImplementationFactoriesConfigurator$Companion$getProvider$1: loaded 2 times (x 74B)
Class com.google.common.collect.Sets$1                                                : loaded 2 times (x 139B)
Class org.objectweb.asm.AnnotationVisitor                                             : loaded 2 times (x 78B)
Class org.gradle.api.internal.DefaultClassPathProvider                                : loaded 2 times (x 76B)
Class org.jetbrains.kotlin.incremental.classpathDiff.impl.ClassListSnapshotter        : loaded 2 times (x 70B)
Class kotlin.sequences.Sequence                                                       : loaded 2 times (x 70B)
Class kotlin.text.StringsKt__StringNumberConversionsJVMKt                             : loaded 2 times (x 71B)
Class kotlin.reflect.jvm.internal.impl.builtins.jvm.JavaToKotlinClassMap$PlatformMutabilityMapping: loaded 2 times (x 72B)
Class com.google.common.collect.MapMakerInternalMap$Strength$1                        : loaded 2 times (x 80B)
Class com.google.common.collect.Maps$ViewCachingAbstractMap                           : loaded 2 times (x 125B)
Class org.jetbrains.kotlin.gradle.tasks.configuration.KaptGenerateStubsConfig$Companion$wireJavaAndKotlinOutputs$1: loaded 2 times (x 79B)
Class org.jetbrains.kotlin.gradle.tasks.abi.AbiToolsTask                              : loaded 2 times (x 318B)
Class org.jetbrains.kotlin.gradle.plugin.KotlinPluginLifecycleCoroutineContextElement : loaded 2 times (x 84B)
Class org.jetbrains.kotlin.gradle.dsl.PlatformSourceSetConventionsChecker             : loaded 2 times (x 74B)
Class org.jetbrains.kotlin.gradle.plugin.diagnostics.checkers.KotlinSourceSetTreeDependsOnMismatchChecker: loaded 2 times (x 74B)
Class org.jetbrains.kotlin.gradle.targets.CreateDefaultCompilationsSideEffectKt       : loaded 2 times (x 71B)
Class org.jetbrains.kotlin.gradle.plugin.mpp.SyncLanguageSettingsWithKotlinExtensionSetupActionKt: loaded 2 times (x 71B)
Class org.jetbrains.kotlin.statistics.metrics.NumericalMetrics                        : loaded 2 times (x 80B)
Class org.jetbrains.kotlin.gradle.plugin.VariantImplementationFactories$Companion$getProvider$2$1: loaded 2 times (x 79B)
Class com.google.common.collect.Sets$2                                                : loaded 2 times (x 139B)
Class [Lorg.gradle.api.internal.ClassPathProvider;                                    : loaded 2 times (x 69B)
Class org.gradle.api.internal.ClassPathProvider                                       : loaded 2 times (x 70B)
Class kotlin.jvm.functions.Function20                                                 : loaded 2 times (x 70B)
Class com.google.common.collect.MapMakerInternalMap$Strength$2                        : loaded 2 times (x 80B)
Class com.google.common.base.AbstractIterator$State                                   : loaded 2 times (x 79B)
Class org.jetbrains.kotlin.gradle.plugin.statistics.ExecutedTaskMetrics               : loaded 2 times (x 71B)
Class org.jetbrains.kotlin.gradle.plugin.diagnostics.CheckKotlinGradlePluginConfigurationErrors$Companion: loaded 2 times (x 71B)
Class org.jetbrains.kotlin.gradle.tasks.KotlinJvmCompile$DefaultImpls                 : loaded 2 times (x 71B)
Class org.jetbrains.kotlin.gradle.tasks.CacheableTasksKt                              : loaded 2 times (x 71B)
Class org.jetbrains.kotlin.konan.target.HostManager$targetValues$2                    : loaded 2 times (x 78B)
Class org.jetbrains.kotlin.gradle.plugin.diagnostics.checkers.UnusedSourceSetsChecker$runChecks$1: loaded 2 times (x 88B)
Class org.jetbrains.kotlin.gradle.targets.js.npm.PeerNpmDependencyExtension           : loaded 2 times (x 70B)
Class org.jetbrains.kotlin.gradle.dsl.AndroidMainSourceSetConventionsChecker          : loaded 2 times (x 74B)
Class org.jetbrains.kotlin.gradle.plugin.diagnostics.checkers.WasmJsEnvironmentChecker$1: loaded 2 times (x 78B)
Class org.jetbrains.kotlin.gradle.targets.js.npm.NpmDependencyExtensionKt$AddNpmDependencyExtensionProjectSetupAction$1: loaded 2 times (x 74B)
Class [Lorg.jetbrains.kotlin.konan.target.Family;                                     : loaded 2 times (x 69B)
Class org.jetbrains.kotlin.gradle.plugin.statistics.FlowActionBuildFusService         : loaded 2 times (x 84B)
Class org.jetbrains.kotlin.build.report.metrics.GradleBuildPerformanceMetric          : loaded 2 times (x 72B)
Class org.jetbrains.kotlin.gradle.internal.properties.PropertiesBuildService$NullableBooleanGradleProperty: loaded 2 times (x 76B)
Class [Lorg.objectweb.asm.AnnotationVisitor;                                          : loaded 2 times (x 69B)
Class com.google.common.collect.Sets$3                                                : loaded 2 times (x 139B)
Class com.google.common.cache.LocalCache$LocalLoadingCache                            : loaded 2 times (x 134B)
Class org.jetbrains.kotlin.cli.common.CompilerSystemProperties                        : loaded 2 times (x 80B)
Class jdk.internal.jrtfs.SystemImage                                                  : loaded 2 times (x 74B)
Class org.gradle.internal.service.UnknownServiceException                             : loaded 2 times (x 83B)
Class kotlin.jvm.functions.Function21                                                 : loaded 2 times (x 70B)
Class kotlin.reflect.jvm.internal.impl.name.ClassId                                   : loaded 2 times (x 72B)
Class com.google.common.collect.MapMakerInternalMap$StrongValueEntry                  : loaded 2 times (x 70B)
Class com.google.common.io.ByteArrayDataInput                                         : loaded 2 times (x 70B)
Class org.jetbrains.kotlin.gradle.tasks.configuration.BaseKotlinCompileConfig$2$1$1$1 : loaded 2 times (x 74B)
Class org.jetbrains.kotlin.gradle.tasks.KotlinCompile$ScriptFilterSpec                : loaded 2 times (x 75B)
Class org.jetbrains.kotlin.gradle.plugin.diagnostics.checkers.ComposePluginSuggestApplyChecker$runChecks$1: loaded 2 times (x 88B)
Class org.jetbrains.kotlin.konan.target.KonanTarget$TVOS_ARM64                        : loaded 2 times (x 78B)
Class org.jetbrains.kotlin.gradle.targets.js.npm.DefaultPeerNpmDependencyExtension    : loaded 2 times (x 141B)
Class org.jetbrains.kotlin.gradle.targets.android.internal.InternalKotlinTargetPreset : loaded 2 times (x 70B)
Class org.jetbrains.kotlin.gradle.plugin.KotlinPluginLifecycleKt                      : loaded 2 times (x 71B)
Class org.jetbrains.kotlin.gradle.plugin.diagnostics.checkers.WasmJsEnvironmentChecker$2: loaded 2 times (x 78B)
Class org.jetbrains.kotlin.gradle.plugin.mpp.AbstractKotlinTarget                     : loaded 2 times (x 150B)
Class org.jetbrains.kotlin.gradle.internal.properties.NativePropertiesLoader$kotlinNativeVersion$1: loaded 2 times (x 75B)
Class org.jetbrains.kotlin.gradle.dsl.KotlinSingleTargetExtension                     : loaded 2 times (x 124B)
Class com.google.common.collect.Sets$4                                                : loaded 2 times (x 139B)
Class org.objectweb.asm.ModuleVisitor                                                 : loaded 2 times (x 81B)
Class com.google.common.cache.LocalCache$Strength$1                                   : loaded 2 times (x 81B)
Class kotlin.jvm.functions.Function22                                                 : loaded 2 times (x 70B)
Class org.jetbrains.kotlin.gradle.tasks.configuration.BaseKotlinCompileConfig$2$1$1$2 : loaded 2 times (x 74B)
Class org.jetbrains.kotlin.gradle.plugin.mpp.KotlinCompilationsKt$addSourcesToKotlinCompileTask$configureAction$2: loaded 2 times (x 79B)
Class org.jetbrains.kotlin.gradle.plugin.mpp.compilationImpl.KotlinCompilationTaskNamesContainer: loaded 2 times (x 72B)
Class org.jetbrains.kotlin.gradle.plugin.mpp.compilationImpl.factory.KotlinCompilationImplFactory$KotlinCompilerOptionsFactory: loaded 2 times (x 70B)
Class org.jetbrains.kotlin.gradle.internal.properties.PropertiesBuildServiceKt$propertyWithDeprecatedName$1: loaded 2 times (x 75B)
Class org.jetbrains.kotlin.gradle.targets.js.npm.NpmDependencyExtension               : loaded 2 times (x 70B)
Class org.jetbrains.kotlin.gradle.plugin.LanguageSettingsBuilder                      : loaded 2 times (x 70B)
Class org.jetbrains.kotlin.gradle.plugin.diagnostics.checkers.WasmWasiEnvironmentChecker: loaded 2 times (x 76B)
Class org.jetbrains.kotlin.gradle.plugin.diagnostics.checkers.WasmJsEnvironmentChecker$3: loaded 2 times (x 78B)
Class org.jetbrains.kotlin.gradle.targets.ConfigureBuildSideEffectKt                  : loaded 2 times (x 71B)
Class org.jetbrains.kotlin.gradle.plugin.statistics.BuildFusService$Companion$registerIfAbsentImpl$generalConfigurationMetricsProvider$1: loaded 2 times (x 75B)
Class [Lorg.jetbrains.kotlin.statistics.metrics.StringMetrics;                        : loaded 2 times (x 69B)
Class org.jetbrains.kotlin.gradle.plugin.BuildEventsListenerRegistryHolder$Companion  : loaded 2 times (x 71B)
Class com.google.common.util.concurrent.SettableFuture                                : loaded 2 times (x 114B)
Class com.google.common.cache.LocalCache$Strength$2                                   : loaded 2 times (x 81B)
Class org.jetbrains.kotlin.cli.common.messages.CompilerMessageSeverity                : loaded 2 times (x 79B)
Class kotlin.text.StringsKt__RegexExtensionsJVMKt                                     : loaded 2 times (x 71B)
Class kotlin.collections.ArraysKt___ArraysJvmKt                                       : loaded 2 times (x 71B)
Class kotlin.collections.CollectionsKt__CollectionsKt                                 : loaded 2 times (x 71B)
Class kotlin.reflect.KTypeParameter                                                   : loaded 2 times (x 70B)
Class com.google.common.collect.Interners$InternerImpl                                : loaded 2 times (x 75B)
Class com.google.common.collect.Interner                                              : loaded 2 times (x 70B)
Class com.google.common.collect.TransformedIterator                                   : loaded 2 times (x 80B)
Class com.google.common.base.Splitter$1                                               : loaded 2 times (x 77B)
Class com.google.common.io.ByteStreams                                                : loaded 2 times (x 71B)
Class org.objectweb.asm.Handle                                                        : loaded 2 times (x 72B)
Class org.jetbrains.kotlin.gradle.tasks.KotlinJavaToolchain$JdkSetter                 : loaded 2 times (x 70B)
Class org.jetbrains.kotlin.gradle.plugin.KotlinPluginLifecycle$ProjectConfigurationResult$Success: loaded 2 times (x 71B)
Class org.jetbrains.kotlin.gradle.internal.StdlibDependencyManagementKt$configureStdlibVersionAlignment$1: loaded 2 times (x 75B)
Class org.jetbrains.kotlin.gradle.plugin.diagnostics.checkers.OverriddenKotlinNativeHomeChecker$StdlibExistenceCheckerValueSource$Params$Inject_: loaded 2 times (x 106B)
Class org.jetbrains.kotlin.gradle.plugin.diagnostics.checkers.OverriddenKotlinNativeHomeChecker$allKonanMainSubdirectoriesExist$1$1: loaded 2 times (x 75B)
Class org.jetbrains.kotlin.gradle.dsl.PlatformSourceSetConventionsChecker$CheckedPlatformInfo: loaded 2 times (x 72B)
Class org.jetbrains.kotlin.gradle.plugin.diagnostics.checkers.WasmJsEnvironmentChecker$4: loaded 2 times (x 78B)
Class org.jetbrains.kotlin.gradle.plugin.mpp.KotlinUsages$KotlinCinteropDisambiguation: loaded 2 times (x 76B)
Class org.jetbrains.kotlin.gradle.plugin.KotlinPluginInMultipleProjectsHolder         : loaded 2 times (x 72B)
Class org.jetbrains.kotlin.gradle.report.BuildReportType$Companion                    : loaded 2 times (x 71B)
Class com.google.common.cache.LocalCache$Strength$3                                   : loaded 2 times (x 81B)
Class com.google.common.collect.MapDifference                                         : loaded 2 times (x 70B)
Class kotlin._Assertions                                                              : loaded 2 times (x 71B)
Class kotlin.text.Regex$Companion                                                     : loaded 2 times (x 71B)
Class com.google.common.collect.MapMaker$Dummy                                        : loaded 2 times (x 79B)
Class org.jetbrains.kotlin.gradle.tasks.KotlinCompilerPluginData$InputsOutputsState   : loaded 2 times (x 72B)
Class org.jetbrains.kotlin.gradle.plugin.mpp.compilationImpl.DefaultKotlinCompilationFriendPathsResolver$CompositeFriendArtifactResolver: loaded 2 times (x 75B)
Class org.jetbrains.kotlin.gradle.plugin.sources.FragmentConsistencyChecks$optInAnnotationsCheck$1: loaded 2 times (x 79B)
Class org.jetbrains.kotlin.gradle.plugin.mpp.AbstractKotlinCompilationToRunnableFiles : loaded 2 times (x 200B)
Class org.jetbrains.kotlin.gradle.artifacts.KotlinMetadataArtifactKt$KotlinMetadataArtifact$1: loaded 2 times (x 74B)
Class org.jetbrains.kotlin.gradle.plugin.mpp.KotlinUsages$KotlinMetadataCompatibility : loaded 2 times (x 76B)
Class [Lorg.jetbrains.kotlin.gradle.dsl.JvmTarget;                                    : loaded 2 times (x 69B)
Class org.jetbrains.kotlin.gradle.utils.ConfigurationsKt$maybeCreateResolvable$1      : loaded 2 times (x 78B)
Class org.jetbrains.kotlin.gradle.plugin.StatisticsBuildFlowManager$Companion         : loaded 2 times (x 71B)
Class org.jetbrains.kotlin.statistics.metrics.StringMetrics$Companion                 : loaded 2 times (x 71B)
Class org.jetbrains.kotlin.gradle.internal.properties.PropertiesBuildService$property$1$1: loaded 2 times (x 75B)
Class org.jetbrains.kotlin.tooling.core.Extras$Type                                   : loaded 2 times (x 72B)
Class org.objectweb.asm.FieldWriter                                                   : loaded 2 times (x 78B)
Class com.google.common.cache.CacheBuilder$NullListener                               : loaded 2 times (x 82B)
Class org.gradle.internal.classpath.TransformedClassPath                              : loaded 2 times (x 96B)
Class org.gradle.internal.classloader.InstrumentingClassLoader                        : loaded 2 times (x 70B)
Class org.jetbrains.kotlin.resolve.jvm.JvmClassName                                   : loaded 2 times (x 76B)
Class kotlin.enums.EnumEntriesList                                                    : loaded 2 times (x 223B)
Class kotlin.jvm.internal.FunctionReference                                           : loaded 2 times (x 126B)
Class kotlin.jvm.internal.FunctionBase                                                : loaded 2 times (x 70B)
Class org.jetbrains.kotlin.com.google.common.base.Preconditions                       : loaded 2 times (x 71B)
Class com.google.common.collect.ImmutableListMultimap                                 : loaded 2 times (x 176B)
Class com.google.common.collect.ImmutableRangeSet$AsSet                               : loaded 2 times (x 300B)
Class org.jetbrains.kotlin.gradle.plugin.sources.FragmentConsistencyChecks$optInAnnotationsCheck$2: loaded 2 times (x 78B)
Class org.jetbrains.kotlin.gradle.targets.NativeForwardImplementationToApiElementsSideEffectKt$special$$inlined$KotlinTargetSideEffect$1: loaded 2 times (x 74B)
Class org.jetbrains.kotlin.gradle.plugin.statistics.BuildFusServiceKt                 : loaded 2 times (x 71B)
Class org.jetbrains.kotlin.gradle.plugin.BuildFinishedListenerService$Companion       : loaded 2 times (x 71B)
Class org.jetbrains.kotlin.gradle.plugin.BuildFinishedListenerService                 : loaded 2 times (x 80B)
Class com.google.common.cache.CacheLoader$FunctionToCacheLoader                       : loaded 2 times (x 75B)
Class com.google.common.collect.Iterators$ArrayItr                                    : loaded 2 times (x 97B)
Class com.google.common.collect.ImmutableCollection$Builder                           : loaded 2 times (x 76B)
Class jdk.internal.jrtfs.SystemImage$1                                                : loaded 2 times (x 78B)
Class kotlin.comparisons.ComparisonsKt___ComparisonsJvmKt                             : loaded 2 times (x 71B)
Class kotlin.reflect.jvm.internal.impl.name.FqNamesUtilKt                             : loaded 2 times (x 71B)
Class kotlin.collections.CollectionsKt__IteratorsJVMKt                                : loaded 2 times (x 71B)
Class com.google.common.collect.EmptyImmutableListMultimap                            : loaded 2 times (x 176B)
Class com.google.common.collect.BaseImmutableMultimap                                 : loaded 2 times (x 123B)
Class org.jetbrains.kotlin.gradle.plugin.statistics.BuildFusService$onFinish$2        : loaded 2 times (x 79B)
Class org.jetbrains.kotlin.gradle.tasks.AbstractKotlinCompileTool$sources$1           : loaded 2 times (x 79B)
Class org.jetbrains.kotlin.gradle.tasks.configuration.TaskConfigAction                : loaded 2 times (x 72B)
Class com.google.common.base.Joiner                                                   : loaded 2 times (x 79B)
Class org.jetbrains.kotlin.gradle.plugin.diagnostics.checkers.OverriddenKotlinNativeHomeChecker$allKonanMainSubdirectoriesExist$1: loaded 2 times (x 75B)
Class org.jetbrains.kotlin.gradle.plugin.AbstractKotlinPlugin$Companion               : loaded 2 times (x 71B)
Class org.jetbrains.kotlin.gradle.plugin.KotlinSourceSetTree                          : loaded 2 times (x 72B)
Class org.jetbrains.kotlin.gradle.plugin.KotlinPluginLifecycle$Stage                  : loaded 2 times (x 79B)
Class [Lorg.jetbrains.kotlin.gradle.plugin.diagnostics.checkers.GradleDeprecatedPropertyChecker$DeprecatedProperty;: loaded 2 times (x 69B)
Class org.jetbrains.kotlin.gradle.plugin.mpp.compilationImpl.KotlinCreateResourcesTaskSideEffectKt$KotlinCreateResourcesTaskSideEffect$1: loaded 2 times (x 74B)
Class org.jetbrains.kotlin.gradle.targets.jvm.KotlinJvmTargetTestFixturesSideEffectKt : loaded 2 times (x 71B)
Class org.jetbrains.kotlin.gradle.plugin.sources.KotlinSourceSetFactory               : loaded 2 times (x 80B)
Class org.jetbrains.kotlin.gradle.targets.native.toolchain.KotlinNativeBundleBuildService$Parameters_Decorated: loaded 2 times (x 139B)
Class org.jetbrains.kotlin.gradle.internal.ClassLoadersCachingBuildService$Companion  : loaded 2 times (x 71B)
Class org.jetbrains.kotlin.gradle.internal.IdeaKt$isInIdeaSync$1                      : loaded 2 times (x 74B)
Class com.google.common.base.MoreObjects                                              : loaded 2 times (x 71B)
Class jdk.internal.jrtfs.SystemImage$2                                                : loaded 2 times (x 76B)
Class kotlin.reflect.KProperty0                                                       : loaded 2 times (x 70B)
Class org.gradle.kotlin.dsl.Accessors2sci8yewa96g0fyfhouaecr70Kt                      : loaded 2 times (x 71B)
Class com.google.common.base.Splitter$5                                               : loaded 2 times (x 80B)
Class [Lorg.objectweb.asm.Attribute;                                                  : loaded 2 times (x 69B)
Class [Lorg.jetbrains.kotlin.build.report.metrics.BuildAttribute;                     : loaded 2 times (x 69B)
Class org.jetbrains.kotlin.gradle.utils.ProviderApiUtilsKt$mapOrNull$1$1              : loaded 2 times (x 75B)
Class org.jetbrains.kotlin.gradle.plugin.hierarchy.KotlinSourceSetTreeClassifier$Default: loaded 2 times (x 71B)
Class org.jetbrains.kotlin.gradle.tasks.configuration.AbstractKotlinCompileConfig     : loaded 2 times (x 72B)
Class org.jetbrains.kotlin.gradle.plugin.mpp.InternalKotlinCompilationKt              : loaded 2 times (x 71B)
Class org.jetbrains.kotlin.gradle.plugin.mpp.compilationImpl.KotlinCompilationImpl$attributes$2: loaded 2 times (x 79B)
Class org.jetbrains.kotlin.gradle.plugin.diagnostics.checkers.OverriddenKotlinNativeHomeChecker$StdlibExistenceCheckerValueSource: loaded 2 times (x 78B)
Class org.jetbrains.kotlin.gradle.plugin.StatisticsBuildFlowManager$subscribeForBuildResultAndConfigurationTimeMetrics$1$1: loaded 2 times (x 74B)
Class org.jetbrains.kotlin.gradle.plugin.statistics.BuildFinishBuildService$Parameters: loaded 2 times (x 70B)
Class org.jetbrains.kotlin.gradle.utils.IsolatedKotlinClasspathClassCastException     : loaded 2 times (x 82B)
Class com.google.common.collect.Platform                                              : loaded 2 times (x 71B)
Class [Lorg.objectweb.asm.Type;                                                       : loaded 2 times (x 69B)
Class com.google.common.collect.UnmodifiableIterator                                  : loaded 2 times (x 80B)
Class org.jetbrains.kotlin.build.report.metrics.GradleBuildTime                       : loaded 2 times (x 88B)
Class org.gradle.internal.service.ServiceLocator                                      : loaded 2 times (x 70B)
Class org.jetbrains.kotlin.incremental.classpathDiff.impl.KotlinClassHeaderClassVisitor: loaded 2 times (x 88B)
Class kotlin.Pair                                                                     : loaded 2 times (x 72B)
Class kotlin.reflect.KProperty1                                                       : loaded 2 times (x 70B)
Class kotlin.reflect.KClass                                                           : loaded 2 times (x 70B)
Class org.jetbrains.kotlin.gradle.tasks.DefaultKotlinJavaToolchain$DefaultJavaToolchainSetter$useAsConvention$1: loaded 2 times (x 75B)
Class org.jetbrains.kotlin.gradle.plugin.KotlinCompilerArgumentsProducer$CreateCompilerArgumentsContext: loaded 2 times (x 70B)
Class org.jetbrains.kotlin.gradle.utils.GradleAttributesContainerUtilsKt$copyAttributeTo$1: loaded 2 times (x 79B)
Class org.jetbrains.kotlin.gradle.plugin.hierarchy.KotlinSourceSetTreeClassifierKt$classify$1: loaded 2 times (x 88B)
Class com.google.common.collect.SingletonImmutableBiMap                               : loaded 2 times (x 143B)
Class [Lorg.jetbrains.kotlin.konan.target.KonanTarget;                                : loaded 2 times (x 69B)
Class org.jetbrains.kotlin.gradle.plugin.diagnostics.checkers.WasmSourceSetsNotFoundChecker: loaded 2 times (x 74B)
Class org.jetbrains.kotlin.gradle.plugin.diagnostics.checkers.AndroidSourceSetLayoutV1SourceSetsNotFoundChecker$androidSourceSetRegex$2: loaded 2 times (x 78B)
Class org.jetbrains.kotlin.gradle.plugin.statistics.KotlinBuildStatsLoggerService$Companion: loaded 2 times (x 71B)
Class com.google.common.base.Ascii                                                    : loaded 2 times (x 71B)
Class com.google.common.cache.LocalCache$1                                            : loaded 2 times (x 89B)
Class com.google.common.collect.Iterators$SingletonIterator                           : loaded 2 times (x 81B)
Class com.google.common.collect.AbstractMapEntry                                      : loaded 2 times (x 81B)
Class jdk.internal.jrtfs.JrtFileSystemProvider                                        : loaded 2 times (x 101B)
Class kotlin.collections.CollectionsKt__MutableCollectionsKt                          : loaded 2 times (x 71B)
Class kotlin.reflect.KProperty2                                                       : loaded 2 times (x 70B)
Class org.jetbrains.kotlin.buildtools.api.SharedApiClassesClassLoader                 : loaded 2 times (x 71B)
Class com.google.common.collect.AbstractSetMultimap                                   : loaded 2 times (x 174B)
Class com.google.common.collect.MapMakerInternalMap$AbstractStrongKeyEntry            : loaded 2 times (x 80B)
Class org.jetbrains.kotlin.gradle.plugin.KotlinCompilationWithResources               : loaded 2 times (x 70B)
Class com.google.common.collect.Sets$ImprovedAbstractSet                              : loaded 2 times (x 135B)
Class com.google.common.collect.ImmutableList$Builder                                 : loaded 2 times (x 77B)
Class org.jetbrains.kotlin.gradle.plugin.diagnostics.checkers.OverriddenKotlinNativeHomeChecker$StdlibExistenceCheckerValueSource$Inject_: loaded 2 times (x 109B)
Class org.jetbrains.kotlin.gradle.plugin.KotlinTargetPreset                           : loaded 2 times (x 70B)
Class org.jetbrains.kotlin.gradle.plugin.diagnostics.checkers.KotlinTargetAlreadyDeclaredChecker: loaded 2 times (x 74B)
Class org.jetbrains.kotlin.gradle.plugin.mpp.compilationImpl.KotlinCompilationProcessorSideEffectKt: loaded 2 times (x 71B)
Class org.jetbrains.kotlin.gradle.utils.FileUtilsKt$localProperties$1                 : loaded 2 times (x 75B)
Class org.jetbrains.kotlin.gradle.dsl.HasConfigurableKotlinCompilerOptions            : loaded 2 times (x 70B)
Class com.google.common.collect.AbstractMultimap                                      : loaded 2 times (x 123B)
Class com.google.common.cache.LocalCache$2                                            : loaded 2 times (x 142B)
Class kotlin.io.TerminateException                                                    : loaded 2 times (x 82B)
Class kotlin.io.FilesKt__FilePathComponentsKt                                         : loaded 2 times (x 71B)
Class kotlin.collections.CollectionsKt__ReversedViewsKt                               : loaded 2 times (x 71B)
Class kotlin.reflect.jvm.internal.impl.utils.CollectionsKt                            : loaded 2 times (x 71B)
Class kotlin.reflect.KCallable                                                        : loaded 2 times (x 70B)
Class org.jetbrains.kotlin.gradle.tasks.configuration.AbstractKotlinCompileConfig$2$1 : loaded 2 times (x 79B)
Class org.jetbrains.kotlin.gradle.tasks.DefaultKotlinJavaToolchain_Decorated          : loaded 2 times (x 122B)
Class org.jetbrains.kotlin.gradle.plugin.statistics.KotlinProjectConfigurationMetrics : loaded 2 times (x 71B)
Class org.jetbrains.kotlin.gradle.plugin.KotlinCompilationInfo$TCS                    : loaded 2 times (x 89B)
Class com.google.common.collect.ImmutableRangeSet$1                                   : loaded 2 times (x 210B)
Class org.jetbrains.kotlin.gradle.plugin.mpp.HasBinaries                              : loaded 2 times (x 70B)
Class org.jetbrains.kotlin.gradle.dsl.KotlinCommonOptions                             : loaded 2 times (x 70B)
Class org.jetbrains.kotlin.gradle.plugin.diagnostics.checkers.KmpPartiallyResolvedDependenciesChecker: loaded 2 times (x 74B)
Class org.jetbrains.kotlin.gradle.plugin.mpp.compilationImpl.KotlinCreateSourcesJarTaskSideEffectKt: loaded 2 times (x 71B)
Class org.jetbrains.kotlin.gradle.dsl.KotlinJvmProjectExtension                       : loaded 2 times (x 147B)
Class org.jetbrains.kotlin.gradle.plugin.KotlinGradlePluginExtensionPointInternalKt   : loaded 2 times (x 71B)
Class org.jetbrains.kotlin.gradle.targets.native.toolchain.UsesKotlinNativeBundleBuildService: loaded 2 times (x 70B)
Class org.jetbrains.kotlin.gradle.plugin.KotlinCompilerArgumentsProducer              : loaded 2 times (x 70B)
Class com.google.common.collect.RegularImmutableAsList                                : loaded 2 times (x 217B)
Class org.jetbrains.kotlin.incremental.classpathDiff.impl.InstanceBasedSnapshotter    : loaded 2 times (x 72B)
Class org.jetbrains.kotlin.build.report.metrics.RUN_COMPILATION_IN_WORKER             : loaded 2 times (x 72B)
Class org.jetbrains.kotlin.build.report.metrics.BuildTimes$Companion                  : loaded 2 times (x 71B)
Class org.jetbrains.kotlin.gradle.internal.tasks.ProducesKlib                         : loaded 2 times (x 70B)
Class org.jetbrains.kotlin.gradle.tasks.configuration.BaseKotlinCompileConfig$1$classpathConfiguration$1: loaded 2 times (x 75B)
Class com.google.common.collect.Range                                                 : loaded 2 times (x 87B)
Class org.jetbrains.kotlin.gradle.targets.js.npm.NpmDependencyExtensionDelegate       : loaded 2 times (x 167B)
Class org.jetbrains.kotlin.gradle.plugin.sources.FragmentConsistencyChecker           : loaded 2 times (x 72B)
Class org.jetbrains.kotlin.gradle.dsl.DefaultToolchainSupport_Decorated               : loaded 2 times (x 120B)
Class org.jetbrains.kotlin.gradle.internal.properties.NativePropertiesLoader$jvmArgs$1: loaded 2 times (x 75B)
Class org.jetbrains.kotlin.gradle.report.BuildMetricsService$Companion                : loaded 2 times (x 71B)
Class org.jetbrains.kotlin.gradle.tasks.KotlinCompileTool                             : loaded 2 times (x 70B)
Class org.jetbrains.kotlin.gradle.plugin.VariantImplementationFactories$Parameters_Decorated: loaded 2 times (x 130B)
Class org.jetbrains.kotlin.gradle.plugin.statistics.BuildFinishBuildService$Parameters_Decorated: loaded 2 times (x 142B)
Class org.jetbrains.kotlin.gradle.plugin.PropertiesProvider$PropertyNames             : loaded 2 times (x 71B)
Class org.jetbrains.kotlin.gradle.utils.SingleAction$PerformedActions                 : loaded 2 times (x 72B)
Class org.jetbrains.kotlin.gradle.utils.GradleUtilsKt                                 : loaded 2 times (x 71B)
Class org.jetbrains.kotlin.gradle.plugin.HasProject                                   : loaded 2 times (x 70B)
Class com.google.common.util.concurrent.AbstractFuture$Trusted                        : loaded 2 times (x 70B)
Class com.google.common.collect.Iterators                                             : loaded 2 times (x 71B)
Class org.jetbrains.kotlin.cli.common.messages.MessageCollector$Companion             : loaded 2 times (x 71B)
Class org.jetbrains.kotlin.config.KotlinCompilerVersion                               : loaded 2 times (x 71B)
Class com.google.common.io.ByteSink$AsCharSink                                        : loaded 2 times (x 80B)
Class org.jetbrains.kotlin.gradle.tasks.configuration.AbstractKotlinCompileConfig$2$3 : loaded 2 times (x 75B)
Class org.jetbrains.kotlin.tooling.core.KotlinToolingVersion                          : loaded 2 times (x 75B)
Class org.jetbrains.kotlin.gradle.tasks.configuration.BaseKotlinCompileConfig         : loaded 2 times (x 72B)
Class org.jetbrains.kotlin.gradle.plugin.mpp.compilationImpl.factory.KotlinCompilationImplFactory$KotlinCompilationTaskNamesContainerFactory: loaded 2 times (x 70B)
Class org.jetbrains.kotlin.gradle.internal.KotlinDependenciesManagementKt$CustomizeKotlinDependenciesSetupAction$1$coreLibrariesVersion$1: loaded 2 times (x 79B)
Class org.jetbrains.kotlin.gradle.plugin.diagnostics.checkers.AndroidPublicationNotConfiguredChecker$runChecks$1: loaded 2 times (x 88B)
Class org.jetbrains.kotlin.gradle.plugin.diagnostics.checkers.CInteropInputChecker$runChecks$1: loaded 2 times (x 88B)
Class org.jetbrains.kotlin.gradle.ExperimentalKotlinGradlePluginApi                   : loaded 2 times (x 70B)
Class org.jetbrains.kotlin.gradle.plugin.diagnostics.ToolingDiagnosticRenderingOptionsKt$isAttachedToTerminal$1: loaded 2 times (x 74B)
Class org.jetbrains.kotlin.gradle.internal.properties.NativePropertiesLoader          : loaded 2 times (x 83B)
Class org.jetbrains.kotlin.gradle.plugin.KotlinGradleBuildServices$Parameters$Inject_ : loaded 2 times (x 106B)
Class org.jetbrains.kotlin.statistics.metrics.NumberAnonymizationPolicy$SAFE          : loaded 2 times (x 85B)
Class org.jetbrains.kotlin.gradle.plugin.statistics.BuildFusService                   : loaded 2 times (x 84B)
Class org.jetbrains.kotlin.gradle.dsl.KotlinAndroidProjectExtension                   : loaded 2 times (x 139B)
Class com.google.common.collect.Lists$StringAsImmutableList                           : loaded 2 times (x 207B)
Class com.google.common.util.concurrent.UncheckedExecutionException                   : loaded 2 times (x 82B)
Class [Lorg.jetbrains.kotlin.build.report.metrics.BuildTime;                          : loaded 2 times (x 69B)
Class jdk.internal.jimage.ImageLocation                                               : loaded 2 times (x 90B)
Class jdk.internal.jrtfs.JrtDirectoryStream$1                                         : loaded 2 times (x 83B)
Class org.jetbrains.kotlin.gradle.tasks.configuration.AbstractKotlinCompileConfig$2$4 : loaded 2 times (x 75B)
Class org.jetbrains.kotlin.gradle.tasks.KotlinCompile$scriptSources$1                 : loaded 2 times (x 75B)
Class org.jetbrains.kotlin.build.report.metrics.BuildAttribute$Companion              : loaded 2 times (x 71B)
Class org.jetbrains.kotlin.gradle.plugin.diagnostics.checkers.CInteropInputChecker$runChecks$2: loaded 2 times (x 75B)
Class org.jetbrains.kotlin.gradle.tasks.configuration.KaptGenerateStubsConfig$Companion: loaded 2 times (x 71B)
Class org.jetbrains.kotlin.gradle.internal.KotlinTestDependencyManagementKt$maybeAddTestDependencyCapability$1: loaded 2 times (x 75B)
Class org.jetbrains.kotlin.gradle.dsl.abi.AbiValidationLegacyDumpExtension            : loaded 2 times (x 70B)
Class org.jetbrains.kotlin.gradle.plugin.diagnostics.CheckKotlinGradlePluginConfigurationErrorsKt: loaded 2 times (x 71B)
Class org.jetbrains.kotlin.gradle.targets.js.npm.NpmDependencyExtensionKt$AddNpmDependencyExtensionProjectSetupAction$1$WhenMappings: loaded 2 times (x 71B)
Class org.jetbrains.kotlin.gradle.plugin.mpp.KotlinJvmAndroidCompilation              : loaded 2 times (x 202B)
Class org.jetbrains.kotlin.gradle.targets.CreateDefaultCompilationsSideEffectKt$CreateDefaultCompilationsSideEffect$1: loaded 2 times (x 74B)
Class org.jetbrains.kotlin.gradle.targets.native.internal.AddKotlinPlatformIntegersSupportLibraryKt$AddKotlinPlatformIntegersSupportLibrary$1: loaded 2 times (x 95B)
Class org.jetbrains.kotlin.gradle.plugin.mpp.ApplyUserDefinedAttributesKt             : loaded 2 times (x 71B)
Class org.jetbrains.kotlin.gradle.utils.FutureImpl                                    : loaded 2 times (x 80B)
Class org.jetbrains.kotlin.gradle.plugin.diagnostics.IsAttachedToTerminalValueSource$Inject_: loaded 2 times (x 100B)
Class org.jetbrains.kotlin.gradle.plugin.diagnostics.ToolingDiagnosticRenderingOptionsKt$isAttachedToTerminal$2: loaded 2 times (x 74B)
Class org.jetbrains.kotlin.gradle.internal.properties.NativePropertiesLoader$isToolchainEnabled$1: loaded 2 times (x 75B)
Class [Lorg.jetbrains.kotlin.statistics.metrics.NumericalMetrics;                     : loaded 2 times (x 69B)
Class kotlin.collections.MapsKt__MapsJVMKt                                            : loaded 2 times (x 71B)
Class kotlin.reflect.jvm.internal.ReflectionFactoryImpl                               : loaded 2 times (x 91B)
Class com.google.common.collect.HashMultimapGwtSerializationDependencies              : loaded 2 times (x 174B)
Class org.objectweb.asm.ConstantDynamic                                               : loaded 2 times (x 72B)
Class org.jetbrains.kotlin.gradle.tasks.CompileUsingKotlinDaemonWithNormalization     : loaded 2 times (x 70B)
Class org.jetbrains.kotlin.gradle.plugin.mpp.compilationImpl.factory.KotlinCompilationImplFactory$PostConfigure$Companion: loaded 2 times (x 71B)
Class com.google.common.collect.AbstractMapBasedMultimap$KeySet$1                     : loaded 2 times (x 82B)
Class org.jetbrains.kotlin.gradle.internal.KotlinDomApiDependencyManagementKt$configureKotlinDomApiDefaultDependency$1: loaded 2 times (x 79B)
Class org.jetbrains.kotlin.gradle.targets.js.npm.DefaultDevNpmDependencyExtension     : loaded 2 times (x 145B)
Class [Lorg.jetbrains.kotlin.gradle.plugin.HasKotlinDependencies;                     : loaded 2 times (x 69B)
Class org.jetbrains.kotlin.gradle.tasks.DefaultKotlinJavaToolchain$Companion$wireJvmTargetToToolchain$1: loaded 2 times (x 75B)
Class org.jetbrains.kotlin.gradle.plugin.diagnostics.checkers.JsLikeEnvironmentChecker: loaded 2 times (x 76B)
Class org.jetbrains.kotlin.gradle.plugin.KotlinPlatformType                           : loaded 2 times (x 82B)
Class org.jetbrains.kotlin.gradle.plugin.KotlinGradleBuildServices$Companion          : loaded 2 times (x 71B)
Class org.jetbrains.kotlin.gradle.internal.properties.PropertiesBuildServiceKt        : loaded 2 times (x 71B)
Class org.objectweb.asm.ClassWriter                                                   : loaded 2 times (x 106B)
Class com.google.common.cache.CacheLoader$UnsupportedLoadingOperationException        : loaded 2 times (x 82B)
Class com.google.common.base.CharMatcher$And                                          : loaded 2 times (x 112B)
Class jdk.internal.jimage.ImageBufferCache$1                                          : loaded 2 times (x 83B)
Class org.gradle.internal.classloader.ClasspathUtil$1                                 : loaded 2 times (x 76B)
Class kotlin.reflect.jvm.internal.impl.builtins.StandardNames$FqNames                 : loaded 2 times (x 71B)
Class com.google.common.base.Objects                                                  : loaded 2 times (x 71B)
Class com.google.common.collect.AbstractMapBasedMultimap$Itr                          : loaded 2 times (x 83B)
Class org.jetbrains.kotlin.gradle.dsl.KotlinJvmCompilerOptionsHelper                  : loaded 2 times (x 71B)
Class org.jetbrains.kotlin.gradle.tasks.DefaultKotlinJavaToolchain$Companion$wireJvmTargetToToolchain$2: loaded 2 times (x 75B)
Class org.jetbrains.kotlin.gradle.plugin.ProjectLocalConfigurations$ProjectLocalDisambiguation: loaded 2 times (x 76B)
Class org.jetbrains.kotlin.gradle.plugin.diagnostics.ToolingDiagnosticRenderingOptions$Companion: loaded 2 times (x 71B)
Class org.jetbrains.kotlin.gradle.plugin.diagnostics.DiagnosticGroup$KotlinDiagnosticGroup: loaded 2 times (x 81B)
Class org.jetbrains.kotlin.gradle.internal.properties.PropertiesBuildService$NullableStringGradleProperty: loaded 2 times (x 76B)
Class org.jetbrains.kotlin.gradle.targets.native.KonanPropertiesBuildService          : loaded 2 times (x 76B)
Class org.jetbrains.kotlin.gradle.plugin.KotlinGradleBuildServices$detectKotlinPluginLoadedInMultipleProjects$onRegister$1$1: loaded 2 times (x 75B)
Class org.jetbrains.kotlin.gradle.internal.properties.PropertiesBuildService$Inject_  : loaded 2 times (x 96B)
Class org.jetbrains.kotlin.gradle.plugin.internal.ConfigurationCacheStartParameterAccessor$Factory: loaded 2 times (x 70B)
Class org.objectweb.asm.FieldVisitor                                                  : loaded 2 times (x 77B)
Class com.google.common.collect.IndexedImmutableSet                                   : loaded 2 times (x 152B)
Class com.google.common.collect.ImmutableMap$1                                        : loaded 2 times (x 81B)
Class com.google.common.collect.BiMap                                                 : loaded 2 times (x 70B)
Class jdk.internal.jimage.ImageBufferCache$2                                          : loaded 2 times (x 91B)
Class org.gradle.api.internal.classpath.DefaultModuleRegistry$DefaultModule           : loaded 2 times (x 86B)
Class org.jetbrains.kotlin.buildtools.api.KotlinLogger                                : loaded 2 times (x 70B)
Class org.jetbrains.kotlin.gradle.plugin.diagnostics.CheckKotlinGradlePluginConfigurationErrors_Decorated: loaded 2 times (x 363B)
Class org.jetbrains.kotlin.gradle.plugin.mpp.compilationImpl.KotlinCompilationSourceSetInclusion$DefaultAddSourcesToCompileTask$addSources$1: loaded 2 times (x 79B)
Class org.jetbrains.kotlin.gradle.plugin.diagnostics.checkers.WasmSourceSetsNotFoundChecker$wasmSourceSetRegex$2: loaded 2 times (x 78B)
Class org.jetbrains.kotlin.gradle.plugin.mpp.compilationImpl.KotlinCompilationSideEffect: loaded 2 times (x 70B)
Class org.jetbrains.kotlin.gradle.plugin.KotlinGradlePluginExtensionPoint             : loaded 2 times (x 70B)
Class org.jetbrains.kotlin.tooling.core.ExtrasUtilsKt                                 : loaded 2 times (x 71B)
Class org.jetbrains.kotlin.buildtools.api.ExperimentalBuildToolsApi                   : loaded 2 times (x 70B)
Class org.jetbrains.kotlin.gradle.plugin.diagnostics.KotlinToolingDiagnosticsCollector$Inject_: loaded 2 times (x 96B)
Class org.jetbrains.kotlin.gradle.targets.native.KonanPropertiesBuildService$Companion$registerIfAbsent$2$1$1: loaded 2 times (x 75B)
Class org.jetbrains.kotlin.gradle.utils.ResourceUtilsKt                               : loaded 2 times (x 71B)
Class org.jetbrains.kotlin.gradle.plugin.KotlinPluginWrapperKt$kotlinPluginVersionFromResources$1: loaded 2 times (x 78B)
Class com.google.common.primitives.Ints                                               : loaded 2 times (x 71B)
Class com.google.common.collect.AbstractIterator                                      : loaded 2 times (x 82B)
Class kotlin.collections.ArraysKt__ArraysKt                                           : loaded 2 times (x 71B)
Class org.jetbrains.kotlin.gradle.tasks.UsesKotlinJavaToolchain$DefaultImpls          : loaded 2 times (x 71B)
Class org.jetbrains.kotlin.build.report.metrics.BuildAttributeKind$Companion          : loaded 2 times (x 71B)
Class org.jetbrains.kotlin.gradle.plugin.mpp.KotlinTargetSoftwareComponentImplKt$KotlinTargetSoftwareComponent$1$1$1: loaded 2 times (x 75B)
Class org.jetbrains.kotlin.gradle.tasks.configuration.KaptGenerateStubsConfig$Companion$configureLibraries$1: loaded 2 times (x 79B)
Class org.jetbrains.kotlin.gradle.plugin.mpp.compilationImpl.KotlinCompilationSourceSetInclusion$DefaultAddSourcesToCompileTask$addSources$2: loaded 2 times (x 79B)
Class org.jetbrains.kotlin.gradle.tasks.AbstractKotlinCompile                         : loaded 2 times (x 459B)
Class org.jetbrains.kotlin.gradle.plugin.KotlinCompilationOutput                      : loaded 2 times (x 70B)
Class com.google.common.collect.ObjectArrays                                          : loaded 2 times (x 71B)
Class org.jetbrains.kotlin.gradle.plugin.diagnostics.CheckKotlinGradlePluginConfigurationErrorsKt$addDependsOnFromTasksThatShouldFailWhenErrorsReported$1: loaded 2 times (x 75B)
Class org.jetbrains.kotlin.konan.target.KonanTarget$TVOS_X64                          : loaded 2 times (x 78B)
Class org.jetbrains.kotlin.gradle.plugin.diagnostics.KotlinToolingDiagnosticsSetupActionKt: loaded 2 times (x 71B)
Class org.jetbrains.kotlin.gradle.targets.native.KonanPropertiesBuildService$Parameters_Decorated: loaded 2 times (x 130B)
Class org.jetbrains.kotlin.gradle.plugin.KotlinPluginWrapperKt$kotlinPluginVersionFromResources$1$1: loaded 2 times (x 71B)
Class com.google.common.math.MathPreconditions                                        : loaded 2 times (x 71B)
Class com.google.common.collect.Multiset                                              : loaded 2 times (x 70B)
Class com.google.common.collect.ArrayListMultimapGwtSerializationDependencies         : loaded 2 times (x 172B)
Class com.google.common.collect.AbstractIndexedListIterator                           : loaded 2 times (x 96B)
Class org.jetbrains.kotlin.incremental.classpathDiff.impl.ClassFileWithContents       : loaded 2 times (x 72B)
Class org.jetbrains.kotlin.build.report.metrics.LOAD_CLASSES_PATHS_ONLY               : loaded 2 times (x 72B)
Class kotlin.collections.SetsKt__SetsJVMKt                                            : loaded 2 times (x 71B)
Class kotlin.reflect.jvm.internal.impl.builtins.jvm.JavaToKotlinClassMap              : loaded 2 times (x 71B)
Class kotlin.reflect.jvm.internal.KotlinReflectionInternalError                       : loaded 2 times (x 82B)
Class kotlin.Function                                                                 : loaded 2 times (x 70B)
Class org.jetbrains.kotlin.gradle.plugin.attributes.KlibPackaging$Companion           : loaded 2 times (x 71B)
Class org.jetbrains.kotlin.tooling.core.Extras$Entry                                  : loaded 2 times (x 72B)
Class org.jetbrains.kotlin.gradle.plugin.sources.InternalKotlinSourceSetKt            : loaded 2 times (x 71B)
Class org.jetbrains.kotlin.gradle.utils.WhenEvaluatedKt$whenEvaluated$3               : loaded 2 times (x 79B)
Class org.jetbrains.kotlin.gradle.internal.Kapt3GradleSubplugin$Kapt3SubpluginContext : loaded 2 times (x 72B)
Class org.jetbrains.kotlin.gradle.artifacts.KotlinTargetArtifact                      : loaded 2 times (x 70B)
Class org.jetbrains.kotlin.gradle.dsl.KotlinJvmCompilerOptionsDefault_Decorated       : loaded 2 times (x 164B)
Class org.jetbrains.kotlin.gradle.plugin.HasKotlinDependencies                        : loaded 2 times (x 70B)
Class org.jetbrains.kotlin.gradle.internal.ClassLoadersCachingBuildService$Parameters_Decorated: loaded 2 times (x 130B)
Class org.jetbrains.kotlin.gradle.targets.native.toolchain.KotlinNativeBundleBuildService$Companion: loaded 2 times (x 71B)
Class org.jetbrains.kotlin.gradle.plugin.StatisticsBuildFlowManager$subscribeForBuildResultAndConfigurationTimeMetrics$1: loaded 2 times (x 75B)
Class org.jetbrains.kotlin.gradle.plugin.statistics.MetricContainer                   : loaded 2 times (x 72B)
Class org.jetbrains.kotlin.gradle.plugin.statistics.old.Pre232IdeaKotlinBuildStatsMXBean: loaded 2 times (x 70B)
Class org.jetbrains.kotlin.gradle.plugin.statistics.KotlinBuildStatsServicesRegistry  : loaded 2 times (x 78B)
Class org.jetbrains.kotlin.gradle.plugin.BuildEventsListenerRegistryHolder_Decorated  : loaded 2 times (x 115B)
Class org.jetbrains.kotlin.gradle.plugin.VariantImplementationFactoriesConfigurator   : loaded 2 times (x 76B)
Class com.google.common.collect.ImmutableMapEntrySet                                  : loaded 2 times (x 152B)
Class org.gradle.api.internal.classpath.Module                                        : loaded 2 times (x 70B)
Class kotlin.io.FileAlreadyExistsException                                            : loaded 2 times (x 82B)
Class kotlin.reflect.jvm.internal.KClassifierImpl                                     : loaded 2 times (x 70B)
Class kotlin.reflect.KMutableProperty                                                 : loaded 2 times (x 70B)
Class org.jetbrains.kotlin.gradle.tasks.DefaultKotlinJavaToolchain$getToolsJarFromJvm$1$1: loaded 2 times (x 79B)
Class org.jetbrains.kotlin.gradle.tasks.KotlinCompile$ClasspathSnapshotProperties_Decorated: loaded 2 times (x 129B)
Class org.jetbrains.kotlin.gradle.plugin.mpp.compilationImpl.KotlinCompilationSourceSetInclusion$Companion$includedSourceSets$2: loaded 2 times (x 78B)
Class org.jetbrains.kotlin.gradle.utils.WhenEvaluatedKt$whenEvaluated$4               : loaded 2 times (x 75B)
Class org.jetbrains.kotlin.gradle.plugin.diagnostics.KotlinToolingDiagnosticsSetupActionKt$KotlinToolingDiagnosticsSetupAction$1$1: loaded 2 times (x 75B)
Class org.jetbrains.kotlin.gradle.targets.js.npm.NpmDirectoryDependencyWithExternalsExtension: loaded 2 times (x 70B)
Class org.jetbrains.kotlin.gradle.plugin.KotlinProjectSetupAction                     : loaded 2 times (x 70B)
Class org.jetbrains.kotlin.gradle.plugin.KotlinGradleFinishBuildHandler$Companion     : loaded 2 times (x 71B)
Class org.jetbrains.kotlin.gradle.internal.IsInIdeaSyncValueSource                    : loaded 2 times (x 78B)
Class com.google.common.cache.Weigher                                                 : loaded 2 times (x 70B)
Class org.jetbrains.kotlin.cli.common.messages.CompilerMessageLocationWithRange$Companion: loaded 2 times (x 71B)
Class org.gradle.api.internal.classpath.UnknownModuleException                        : loaded 2 times (x 82B)
Class kotlin.jvm.internal.PropertyReference                                           : loaded 2 times (x 119B)
Class build_5c7p66fmde0tsd3bfreki1t6o                                                 : loaded 2 times (x 172B)
Class org.jetbrains.kotlin.gradle.plugin.mpp.InternalKotlinTargetComponentKt          : loaded 2 times (x 71B)
Class org.jetbrains.kotlin.gradle.plugin.mpp.InternalKotlinTarget$DefaultImpls        : loaded 2 times (x 71B)
Class org.jetbrains.kotlin.gradle.plugin.statistics.KotlinBuildStatisticsUtilsKt$collectAppliedPluginsStatistics$1: loaded 2 times (x 75B)
Class org.jetbrains.kotlin.gradle.plugin.KotlinPluginLifecycleImpl$executeCurrentStageAndScheduleNext$3: loaded 2 times (x 75B)
Class org.jetbrains.kotlin.gradle.plugin.mpp.compilationImpl.KotlinCompilationRegisterInSourceSetsConfigurator$configure$1: loaded 2 times (x 79B)
Class org.jetbrains.kotlin.gradle.plugin.diagnostics.KotlinToolingDiagnosticsSetupActionKt$KotlinToolingDiagnosticsSetupAction$1$2: loaded 2 times (x 95B)
Class org.jetbrains.kotlin.gradle.targets.js.npm.NpmDependencyWithExternalsExtension  : loaded 2 times (x 70B)
Class org.jetbrains.kotlin.gradle.plugin.mpp.KotlinUsageContext                       : loaded 2 times (x 70B)
Class org.jetbrains.kotlin.gradle.plugin.KotlinTargetsContainer                       : loaded 2 times (x 70B)
Class org.jetbrains.kotlin.compilerRunner.GradleCliCommonizerKt                       : loaded 2 times (x 71B)
Class org.jetbrains.kotlin.gradle.utils.ConfigurationsKt                              : loaded 2 times (x 71B)
Class org.jetbrains.kotlin.gradle.plugin.StatisticsBuildFlowManager                   : loaded 2 times (x 72B)
Class org.jetbrains.kotlin.gradle.plugin.statistics.BuildFusService$Parameters        : loaded 2 times (x 70B)
Class org.jetbrains.kotlin.gradle.plugin.diagnostics.DefaultProblemsReporter$Factory  : loaded 2 times (x 76B)
Class org.jetbrains.kotlin.gradle.plugin.PluginWrappersKt                             : loaded 2 times (x 71B)
Class com.google.common.base.Stopwatch                                                : loaded 2 times (x 72B)
Class com.google.common.cache.LocalCache$Strength                                     : loaded 2 times (x 81B)
Class com.google.common.cache.Cache                                                   : loaded 2 times (x 70B)
Class jdk.internal.jimage.ImageHeader                                                 : loaded 2 times (x 71B)
Class kotlin.reflect.jvm.internal.impl.builtins.CompanionObjectMapping                : loaded 2 times (x 71B)
Class com.google.common.io.AppendableWriter                                           : loaded 2 times (x 100B)
Class com.google.common.base.NullnessCasts                                            : loaded 2 times (x 71B)
Class org.jetbrains.kotlin.gradle.plugin.statistics.KotlinBuildStatisticsUtilsKt$collectAppliedPluginsStatistics$2: loaded 2 times (x 75B)
Class org.jetbrains.kotlin.gradle.plugin.mpp.InternalKotlinTargetKt                   : loaded 2 times (x 71B)
Class org.jetbrains.kotlin.gradle.plugin.diagnostics.KotlinToolingDiagnosticsSetupActionKt$KotlinToolingDiagnosticsSetupAction$1$3: loaded 2 times (x 75B)
Class org.jetbrains.kotlin.gradle.targets.js.dsl.KotlinTargetWithNodeJsDsl            : loaded 2 times (x 70B)
Class org.jetbrains.kotlin.gradle.plugin.sources.DefaultKotlinSourceSetKt$defaultSourceSetLanguageSettingsChecker$1: loaded 2 times (x 78B)
Class org.jetbrains.kotlin.gradle.plugin.sources.InternalKotlinSourceSet              : loaded 2 times (x 70B)
Class org.jetbrains.kotlin.gradle.plugin.KotlinJvmPlugin                              : loaded 2 times (x 79B)
Class org.jetbrains.kotlin.gradle.plugin.mpp.SyncLanguageSettingsWithKotlinExtensionSetupActionKt$SyncLanguageSettingsWithKotlinExtensionSetupAction$1: loaded 2 times (x 95B)
Class org.jetbrains.kotlin.gradle.dsl.KotlinGradlePluginPublicDsl                     : loaded 2 times (x 70B)
Class org.jetbrains.kotlin.gradle.internal.properties.NativeProperties                : loaded 2 times (x 70B)
Class org.jetbrains.kotlin.gradle.fus.internal.SynchronizedConfigurationMetrics       : loaded 2 times (x 72B)
Class org.jetbrains.kotlin.statistics.BuildSessionLogger                              : loaded 2 times (x 77B)
Class org.jetbrains.kotlin.gradle.plugin.internal.ConfigurationCacheStartParameterAccessor: loaded 2 times (x 70B)
Class org.jetbrains.kotlin.gradle.internal.diagnostics.GradleCompatibilityCheck$DefaultCurrentGradleVersionProvider: loaded 2 times (x 74B)
Class org.jetbrains.kotlin.gradle.dsl.KotlinBaseExtension                             : loaded 2 times (x 70B)
Class com.google.common.util.concurrent.AbstractFuture$Cancellation                   : loaded 2 times (x 72B)
Class com.google.common.collect.ImmutableMap$Builder                                  : loaded 2 times (x 82B)
Class kotlin.io.ByteStreamsKt                                                         : loaded 2 times (x 71B)
Class [Lkotlin.reflect.jvm.internal.impl.builtins.PrimitiveType;                      : loaded 2 times (x 69B)
Class kotlin.reflect.jvm.internal.impl.builtins.StandardNames                         : loaded 2 times (x 71B)
Class kotlin.reflect.jvm.internal.ReflectProperties$LazySoftVal                       : loaded 2 times (x 78B)
Class [Lkotlin.reflect.KAnnotatedElement;                                             : loaded 2 times (x 69B)
Class com.google.common.collect.AbstractMapBasedMultimap$WrappedCollection$WrappedIterator: loaded 2 times (x 84B)
Class org.jetbrains.kotlin.gradle.utils.FutureKt$future$2$1                           : loaded 2 times (x 95B)
Class org.jetbrains.kotlin.gradle.plugin.diagnostics.DefaultProblemsReporter$logger$2 : loaded 2 times (x 79B)
Class org.jetbrains.kotlin.gradle.plugin.diagnostics.DefaultProblemsReporter          : loaded 2 times (x 76B)
Class [Lorg.jetbrains.kotlin.gradle.plugin.statistics.plugins.ObservablePlugins;      : loaded 2 times (x 69B)
Class org.jetbrains.kotlin.gradle.plugin.internal.BuildIdService$Companion$registerIfAbsent$1$1: loaded 2 times (x 75B)
Class org.jetbrains.kotlin.gradle.targets.js.dsl.KotlinWasmTargetDsl                  : loaded 2 times (x 70B)
Class org.jetbrains.kotlin.gradle.plugin.diagnostics.checkers.DisabledCinteropCommonizationInHmppProjectChecker$runChecks$1: loaded 2 times (x 88B)
Class org.jetbrains.kotlin.gradle.plugin.sources.ConsistencyCheck                     : loaded 2 times (x 72B)
Class org.jetbrains.kotlin.gradle.plugin.sources.DefaultKotlinSourceSetKt$defaultSourceSetLanguageSettingsChecker$2: loaded 2 times (x 78B)
Class org.jetbrains.kotlin.gradle.dsl.KotlinCommonToolOptions                         : loaded 2 times (x 70B)
Class org.jetbrains.kotlin.gradle.plugin.AbstractKotlinPlugin                         : loaded 2 times (x 78B)
Class org.jetbrains.kotlin.gradle.tasks.DefaultKotlinJavaToolchain$Companion$wireJvmTargetToJvm$1: loaded 2 times (x 75B)
Class org.jetbrains.kotlin.gradle.plugin.diagnostics.checkers.ComposePluginSuggestApplyChecker: loaded 2 times (x 74B)
Class org.jetbrains.kotlin.konan.target.KonanTarget$IOS_ARM64                         : loaded 2 times (x 78B)
Class org.jetbrains.kotlin.gradle.dsl.KotlinMultiplatformExtension                    : loaded 2 times (x 607B)
Class org.jetbrains.kotlin.gradle.plugin.diagnostics.KotlinToolingDiagnosticsCollectorKt$kotlinToolingDiagnosticsCollectorProvider$1$execute$$inlined$variantImplementationFactoryProvider$1: loaded 2 times (x 74B)
Class org.jetbrains.kotlin.gradle.plugin.statistics.FlowActionBuildFusService$Inject_ : loaded 2 times (x 104B)
Class org.jetbrains.kotlin.gradle.plugin.BuildFinishAndConfigurationTimeMetricsFlowAction: loaded 2 times (x 74B)
Class org.jetbrains.kotlin.gradle.plugin.PropertiesProvider$booleanProvider$1         : loaded 2 times (x 74B)
Class com.google.common.cache.RemovalListener                                         : loaded 2 times (x 70B)
Class org.gradle.api.internal.DefaultClassPathRegistry                                : loaded 2 times (x 76B)
Class kotlin.jvm.JvmClassMappingKt                                                    : loaded 2 times (x 71B)
Class kotlin.reflect.jvm.internal.KPropertyImpl                                       : loaded 2 times (x 115B)
Class kotlin.reflect.KProperty                                                        : loaded 2 times (x 70B)
Class kotlin.jvm.internal.Reflection                                                  : loaded 2 times (x 71B)
Class com.google.common.collect.ImmutableMultimap$Keys                                : loaded 2 times (x 166B)
Class org.jetbrains.kotlin.gradle.plugin.mpp.KotlinTargetSoftwareComponentImplKt$KotlinTargetSoftwareComponent$1$1$configuration$1: loaded 2 times (x 79B)
Class org.jetbrains.kotlin.gradle.targets.js.npm.DefaultPeerNpmDependencyExtension$delegate$1: loaded 2 times (x 167B)
Class org.jetbrains.kotlin.gradle.targets.js.npm.NpmDependency                        : loaded 2 times (x 86B)
Class org.jetbrains.kotlin.gradle.targets.js.npm.DefaultNpmDependencyExtension        : loaded 2 times (x 152B)
Class org.jetbrains.kotlin.gradle.targets.js.npm.NpmDependency$Scope                  : loaded 2 times (x 79B)
Class org.jetbrains.kotlin.gradle.plugin.sources.FragmentConsistencyChecks$unstableFeaturesCheck$1: loaded 2 times (x 79B)
Class org.jetbrains.kotlin.gradle.plugin.sources.DefaultKotlinSourceSet               : loaded 2 times (x 139B)
Class org.jetbrains.kotlin.gradle.plugin.diagnostics.checkers.AndroidSourceSetLayoutV1SourceSetsNotFoundChecker: loaded 2 times (x 74B)
Class org.jetbrains.kotlin.gradle.plugin.diagnostics.KotlinToolingDiagnosticsCollector$Parameter_Decorated: loaded 2 times (x 130B)
Class org.jetbrains.kotlin.gradle.utils.ConfigurationsKt$sam$org_gradle_api_Action$0  : loaded 2 times (x 75B)
Class org.jetbrains.kotlin.gradle.plugin.statistics.BuildFinishBuildService$Inject_   : loaded 2 times (x 104B)
Class org.jetbrains.kotlin.gradle.plugin.diagnostics.ProblemsReporter                 : loaded 2 times (x 70B)
Class org.jetbrains.kotlin.gradle.plugin.VariantImplementationFactories$Parameters    : loaded 2 times (x 70B)
Class org.jetbrains.kotlin.gradle.plugin.internal.JavaExecTaskParametersCompatibility$Factory: loaded 2 times (x 70B)
Class com.google.common.primitives.IntsMethodsForWeb                                  : loaded 2 times (x 71B)
Class com.google.common.collect.Multimap                                              : loaded 2 times (x 70B)
Class org.jetbrains.kotlin.cli.common.messages.MessageCollector                       : loaded 2 times (x 70B)
Class org.gradle.api.internal.ClassPathRegistry                                       : loaded 2 times (x 70B)
Class org.gradle.internal.classpath.DefaultClassPath$ImmutableUniqueList              : loaded 2 times (x 199B)
Class org.jetbrains.kotlin.build.report.metrics.INCREMENTAL_COMPILATION_DAEMON        : loaded 2 times (x 72B)
Class kotlin.reflect.jvm.internal.impl.resolve.jvm.JvmPrimitiveType                   : loaded 2 times (x 79B)
Class kotlin.text.StringsKt__StringsJVMKt                                             : loaded 2 times (x 71B)
Class com.google.common.collect.NullnessCasts                                         : loaded 2 times (x 71B)
Class com.google.common.base.ExtraObjectsMethodsForWeb                                : loaded 2 times (x 71B)
Class com.google.common.collect.MapMakerInternalMap$Segment                           : loaded 2 times (x 142B)
Class org.jetbrains.kotlin.gradle.plugin.KotlinCompilation$DefaultImpls               : loaded 2 times (x 71B)
Class org.jetbrains.kotlin.gradle.utils.ProviderApiUtilsKt$providerWithLazyConvention$1: loaded 2 times (x 74B)
Class org.jetbrains.kotlin.gradle.plugin.sources.FragmentConsistencyChecks$unstableFeaturesCheck$2: loaded 2 times (x 78B)
Class org.jetbrains.kotlin.gradle.plugin.KotlinPluginLifecycleImpl                    : loaded 2 times (x 80B)
Class org.jetbrains.kotlin.gradle.plugin.diagnostics.KotlinToolingDiagnostics$WasmWasiEnvironmentNotChosenExplicitly: loaded 2 times (x 73B)
Class org.jetbrains.kotlin.gradle.artifacts.KotlinNativeKlibArtifactKt$KotlinNativeKlibArtifact$1: loaded 2 times (x 74B)
Class org.jetbrains.kotlin.gradle.dsl.KotlinCommonCompilerOptionsDefault              : loaded 2 times (x 94B)
Class org.jetbrains.kotlin.gradle.dsl.KotlinCommonCompilerToolOptionsDefault          : loaded 2 times (x 84B)
Class org.jetbrains.kotlin.konan.target.KonanTarget$Companion$predefinedTargets$2     : loaded 2 times (x 78B)
Class org.jetbrains.kotlin.gradle.plugin.diagnostics.DiagnosticGroup$Kgp              : loaded 2 times (x 82B)
Class org.jetbrains.kotlin.gradle.tasks.publishing.HelpersKt$addPomValidationHelpers$1: loaded 2 times (x 75B)
Class org.jetbrains.kotlin.gradle.internal.properties.NativePropertiesLoader$isUseXcodeMessageStyleEnabled$1: loaded 2 times (x 75B)
Class org.jetbrains.kotlin.gradle.internal.ClassLoadersCachingBuildService$Companion$registerIfAbsent$2$1: loaded 2 times (x 79B)
Class org.jetbrains.kotlin.gradle.plugin.statistics.KotlinBuildStatisticsUtilsKt$collectGeneralConfigurationTimeMetrics$statisticOverhead$1$2: loaded 2 times (x 75B)
Class org.jetbrains.kotlin.gradle.plugin.StatisticsBuildFlowManager_Decorated         : loaded 2 times (x 115B)
Class org.jetbrains.kotlin.gradle.report.BuildReportMode$Companion                    : loaded 2 times (x 71B)
Class org.jetbrains.kotlin.gradle.plugin.VariantImplementationFactories$VariantImplementationFactory: loaded 2 times (x 70B)
Class jdk.internal.jimage.decompressor.ResourceDecompressor                           : loaded 2 times (x 70B)
Class kotlin.text.StringsKt__IndentKt                                                 : loaded 2 times (x 71B)
Class kotlin.collections.SetsKt                                                       : loaded 2 times (x 71B)
Class org.jetbrains.kotlin.incremental.classpathDiff.DirectoryOrJarReader             : loaded 2 times (x 70B)
Class com.google.common.io.ByteSink                                                   : loaded 2 times (x 76B)
Class org.jetbrains.kotlin.gradle.tasks.configuration.BaseKotlinCompileConfig$1$1$classpathEntrySnapshotFiles$1: loaded 2 times (x 74B)
Class org.jetbrains.kotlin.gradle.utils.GradleAttributesContainerUtilsKt              : loaded 2 times (x 71B)
Class org.jetbrains.kotlin.gradle.plugin.mpp.ApplyUserDefinedAttributesKt$UserDefinedAttributesSetupAction$1$1: loaded 2 times (x 79B)
Class org.jetbrains.kotlin.compilerRunner.CompilerSystemPropertiesService             : loaded 2 times (x 80B)
Class org.jetbrains.kotlin.gradle.plugin.mpp.compilationImpl.KotlinCompilationImpl$1  : loaded 2 times (x 79B)
Class org.jetbrains.kotlin.gradle.targets.js.npm.SemVer$Companion                     : loaded 2 times (x 71B)
Class org.jetbrains.kotlin.konan.target.KonanTarget$LINUX_ARM64                       : loaded 2 times (x 78B)
Class org.jetbrains.kotlin.gradle.targets.native.SetupEmbedAndSignAppleFrameworkTaskSideEffectKt$special$$inlined$KotlinTargetSideEffect$1: loaded 2 times (x 74B)
Class org.jetbrains.kotlin.gradle.plugin.mpp.KotlinUsages$KotlinCinteropCompatibility : loaded 2 times (x 77B)
Class org.jetbrains.kotlin.gradle.plugin.mpp.KotlinUsages$KotlinUsagesCompatibility   : loaded 2 times (x 76B)
Class org.jetbrains.kotlin.gradle.dsl.ExplicitApiMode                                 : loaded 2 times (x 79B)
Class org.jetbrains.kotlin.konan.target.KonanTarget$LINUX_X64                         : loaded 2 times (x 78B)
Class [Lorg.jetbrains.kotlin.konan.target.Architecture;                               : loaded 2 times (x 69B)
Class org.jetbrains.kotlin.gradle.tasks.publishing.HelpersKt$addSigningValidationHelpers$1: loaded 2 times (x 75B)
Class org.jetbrains.kotlin.gradle.plugin.VariantImplementationFactories$Parameters$Inject_: loaded 2 times (x 106B)
Class org.jetbrains.kotlin.gradle.plugin.VariantImplementationFactories$Companion     : loaded 2 times (x 71B)
Class org.jetbrains.kotlin.gradle.plugin.internal.CustomPropertiesFileValueSource$Parameters_Decorated: loaded 2 times (x 130B)
Class org.jetbrains.kotlin.gradle.dsl.KotlinTopLevelExtensionConfig                   : loaded 2 times (x 70B)
Class com.google.common.cache.CacheBuilder                                            : loaded 2 times (x 72B)
Class com.google.common.collect.SingletonImmutableList                                : loaded 2 times (x 207B)
Class org.jetbrains.kotlin.cli.common.messages.CompilerMessageSourceLocation          : loaded 2 times (x 70B)
Class org.jetbrains.kotlin.cli.common.arguments.K2JVMCompilerArgumentsConfigurator    : loaded 2 times (x 74B)
Class Settings_gradle$1                                                               : loaded 2 times (x 74B)
Class org.gradle.internal.classpath.ClassPath                                         : loaded 2 times (x 70B)
Class kotlin.sequences.SequencesKt__SequencesKt$asSequence$$inlined$Sequence$1        : loaded 2 times (x 75B)
Class [Lkotlin.reflect.jvm.internal.impl.name.FqName;                                 : loaded 2 times (x 69B)
Class kotlin.reflect.KFunction                                                        : loaded 2 times (x 70B)
Class org.jetbrains.kotlin.buildtools.api.internal.KotlinCompilerVersion              : loaded 2 times (x 75B)
Class com.google.common.collect.Interners$InternerBuilder                             : loaded 2 times (x 76B)
Class com.google.common.io.Files$FileByteSource                                       : loaded 2 times (x 85B)
Class org.jetbrains.kotlin.gradle.incremental.IncrementalModuleInfoProvider           : loaded 2 times (x 70B)
Class org.jetbrains.kotlin.gradle.plugin.mpp.compilationImpl.KotlinCompilationImpl$2  : loaded 2 times (x 79B)
Class com.google.common.base.JdkPattern                                               : loaded 2 times (x 75B)
Class org.jetbrains.kotlin.gradle.dsl.PlatformSourceSetConventionsChecker$runChecks$1 : loaded 2 times (x 88B)
Class org.jetbrains.kotlin.gradle.plugin.mpp.compilationImpl.KotlinCompilationProcessorSideEffectKt$KotlinCompilationProcessorSideEffect$1: loaded 2 times (x 74B)
Class org.jetbrains.kotlin.gradle.dsl.KotlinJvmCompilerOptionsDefault                 : loaded 2 times (x 106B)
Class org.jetbrains.kotlin.gradle.internal.UsesClassLoadersCachingBuildService        : loaded 2 times (x 70B)
Class com.google.common.collect.ImmutableList$ReverseImmutableList                    : loaded 2 times (x 209B)
Class org.jetbrains.kotlin.build.report.metrics.CLASSPATH_ENTRY_SNAPSHOT_TRANSFORM    : loaded 2 times (x 72B)
Class org.jetbrains.kotlin.incremental.classpathDiff.ClasspathEntrySnapshotter$Settings: loaded 2 times (x 72B)
Class kotlin.collections.MapsKt__MapsKt                                               : loaded 2 times (x 71B)
Class kotlin.jvm.internal.Lambda                                                      : loaded 2 times (x 75B)
Class [Lkotlin.reflect.KDeclarationContainer;                                         : loaded 2 times (x 69B)
Class com.google.common.io.CharStreams$NullWriter                                     : loaded 2 times (x 99B)
Class org.jetbrains.kotlin.compilerRunner.KotlinCompilerArgumentsLogLevel$Companion   : loaded 2 times (x 71B)
Class org.jetbrains.kotlin.gradle.plugin.DefaultKotlinBasePlugin$addKotlinCompilerConfiguration$3$1: loaded 2 times (x 79B)
Class org.jetbrains.kotlin.gradle.tasks.AbstractKotlinCompile$defaultKotlinJavaToolchain$1: loaded 2 times (x 78B)
Class org.jetbrains.kotlin.daemon.common.MultiModuleICSettings                        : loaded 2 times (x 72B)
Class kotlin.sequences.SequencesKt__SequenceBuilderKt                                 : loaded 2 times (x 71B)
Class org.jetbrains.kotlin.gradle.plugin.KotlinCompilationInfoKt                      : loaded 2 times (x 71B)
Class org.jetbrains.kotlin.gradle.tasks.KotlinCompile                                 : loaded 2 times (x 504B)
Class org.jetbrains.kotlin.gradle.internal.StdlibDependencyManagementKt               : loaded 2 times (x 71B)
Class org.jetbrains.kotlin.gradle.dsl.PlatformSourceSetConventionsChecker$runChecks$2 : loaded 2 times (x 78B)
Class org.jetbrains.kotlin.gradle.utils.ObservableSet                                 : loaded 2 times (x 70B)
Class org.jetbrains.kotlin.gradle.plugin.mpp.HierarchyAttributeContainer              : loaded 2 times (x 85B)
Class org.jetbrains.kotlin.gradle.tasks.UsesKotlinJavaToolchain                       : loaded 2 times (x 70B)
Class org.jetbrains.kotlin.konan.target.KonanTarget$MINGW_X64                         : loaded 2 times (x 78B)
Class org.jetbrains.kotlin.gradle.plugin.diagnostics.KotlinToolingDiagnosticsCollectorKt: loaded 2 times (x 71B)
Class org.jetbrains.kotlin.gradle.plugin.DefaultKotlinBasePlugin$apply$1              : loaded 2 times (x 75B)
Class org.jetbrains.kotlin.statistics.metrics.StringOverridePolicy$OVERRIDE           : loaded 2 times (x 85B)
Class org.jetbrains.kotlin.gradle.internal.properties.PropertiesBuildService$Params_Decorated: loaded 2 times (x 130B)
Class org.objectweb.asm.SymbolTable$Entry                                             : loaded 2 times (x 74B)
Class Native_plugin_loader_gradle                                                     : loaded 2 times (x 126B)
Class org.jetbrains.kotlin.gradle.plugin.mpp.KotlinTargetComponentWithCoordinatesAndPublication: loaded 2 times (x 70B)
Class org.jetbrains.kotlin.gradle.incremental.UsesIncrementalModuleInfoBuildService   : loaded 2 times (x 70B)
Class org.jetbrains.kotlin.gradle.dsl.PlatformSourceSetConventionsChecker$runChecks$3 : loaded 2 times (x 78B)
Class org.jetbrains.kotlin.konan.target.KonanTarget$ANDROID_X86                       : loaded 2 times (x 78B)
Class org.jetbrains.kotlin.gradle.plugin.RegisterKotlinPluginExtensionsKt             : loaded 2 times (x 71B)
Class org.jetbrains.kotlin.gradle.utils.CompilerOptionsKt$configureExperimentalTryNext$1$1: loaded 2 times (x 78B)
Class org.jetbrains.kotlin.gradle.utils.CompilerOptionsKt                             : loaded 2 times (x 71B)
Class org.jetbrains.kotlin.gradle.plugin.PropertiesProvider$Companion                 : loaded 2 times (x 71B)
Class org.jetbrains.kotlin.gradle.utils.SingleAction                                  : loaded 2 times (x 73B)
Class org.objectweb.asm.Edge                                                          : loaded 2 times (x 72B)
Class com.google.common.base.Suppliers$SupplierOfInstance                             : loaded 2 times (x 79B)
Class com.google.common.collect.Iterators$1                                           : loaded 2 times (x 81B)
Class jdk.internal.jimage.ImageStringsReader                                          : loaded 2 times (x 80B)
Class kotlin.UninitializedPropertyAccessException                                     : loaded 2 times (x 82B)
Class build_5c7p66fmde0tsd3bfreki1t6o$_run_closure1                                   : loaded 2 times (x 139B)
Class org.jetbrains.kotlin.gradle.tasks.KotlinCompile$defaultKotlinJavaToolchain$1    : loaded 2 times (x 79B)
Class org.jetbrains.kotlin.gradle.tasks.KotlinJavaToolchain$JavaToolchainSetter       : loaded 2 times (x 70B)
Class org.jetbrains.kotlin.gradle.internal.utils.CollectionsKt                        : loaded 2 times (x 71B)
Class org.jetbrains.kotlin.gradle.plugin.diagnostics.KotlinToolingDiagnosticsSetupActionKt$KotlinToolingDiagnosticsSetupAction$1$2$diagnostics$1: loaded 2 times (x 75B)
Class org.jetbrains.kotlin.tooling.core.ExtrasPropertyKt$extrasLazyProperty$1         : loaded 2 times (x 94B)
Class org.jetbrains.kotlin.gradle.dsl.abi.AbiFilterSetSpec                            : loaded 2 times (x 70B)
Class org.jetbrains.kotlin.gradle.dsl.PlatformSourceSetConventionsChecker$runChecks$4 : loaded 2 times (x 78B)
Class org.jetbrains.kotlin.gradle.plugin.diagnostics.checkers.JsLikeEnvironmentChecker$runChecks$1: loaded 2 times (x 88B)
Class org.jetbrains.kotlin.gradle.plugin.diagnostics.UsesKotlinToolingDiagnostics     : loaded 2 times (x 70B)
Class org.jetbrains.kotlin.gradle.plugin.diagnostics.checkers.KonanHomeConflictDeclarationChecker: loaded 2 times (x 74B)
Class org.jetbrains.kotlin.gradle.plugin.diagnostics.KotlinToolingDiagnostics$WasmJsEnvironmentNotChosenExplicitly: loaded 2 times (x 73B)
Class org.jetbrains.kotlin.statistics.metrics.BooleanAnonymizationPolicy$SAFE         : loaded 2 times (x 85B)
Class com.google.common.cache.LocalCache$ComputingValueReference                      : loaded 2 times (x 96B)
Class com.google.common.collect.SingletonImmutableSet                                 : loaded 2 times (x 146B)
Class com.google.common.collect.ImmutableMap$IteratorBasedImmutableMap                : loaded 2 times (x 126B)
Class kotlin.reflect.KProperty$Getter                                                 : loaded 2 times (x 70B)
Class [Lorg.jetbrains.kotlin.buildtools.api.jvm.ClassSnapshotGranularity;             : loaded 2 times (x 69B)
Class org.objectweb.asm.TypePath                                                      : loaded 2 times (x 72B)
Class org.jetbrains.kotlin.gradle.plugin.mpp.compilationImpl.DefaultKotlinCompilationSourceSetsContainer$allKotlinSourceSetsImpl$1$1: loaded 2 times (x 80B)
Class org.jetbrains.kotlin.gradle.plugin.mpp.compilationImpl.DefaultKotlinCompilationSourceSetsContainer: loaded 2 times (x 78B)
Class org.jetbrains.kotlin.konan.target.KonanTarget$TVOS_SIMULATOR_ARM64              : loaded 2 times (x 78B)
Class org.jetbrains.kotlin.gradle.plugin.KotlinPluginLifecycle$Stage$Companion        : loaded 2 times (x 71B)
Class org.jetbrains.kotlin.gradle.plugin.diagnostics.checkers.DeprecatedKotlinNativeTargetsChecker: loaded 2 times (x 74B)
Class org.jetbrains.kotlin.gradle.targets.jvm.KotlinJvmCompilationWireJavaSourcesSideEffectKt$KotlinJvmCompilationWireJavaSourcesSideEffect$1: loaded 2 times (x 74B)
Class org.jetbrains.kotlin.gradle.targets.native.ConfigureFrameworkExportSideEffectKt$special$$inlined$KotlinTargetSideEffect$1: loaded 2 times (x 74B)
Class org.jetbrains.kotlin.tooling.core.AbstractExtras                                : loaded 2 times (x 141B)
Class org.jetbrains.kotlin.konan.target.KonanTarget$Companion                         : loaded 2 times (x 71B)
Class org.jetbrains.kotlin.gradle.fus.BuildUidService$Companion$registerIfAbsent$1    : loaded 2 times (x 74B)
Class org.jetbrains.kotlin.gradle.internal.diagnostics.AgpCompatibilityCheck$AndroidGradlePluginVersionProvider: loaded 2 times (x 70B)
Class com.google.common.cache.LocalCache$Segment                                      : loaded 2 times (x 154B)
Class [Lorg.jetbrains.kotlin.cli.common.messages.CompilerMessageSeverity;             : loaded 2 times (x 69B)
Class jdk.internal.jimage.ImageReader                                                 : loaded 2 times (x 75B)
Class kotlin.SafePublicationLazyImpl                                                  : loaded 2 times (x 76B)
Class kotlin.reflect.jvm.internal.ReflectProperties                                   : loaded 2 times (x 71B)
Class Native_plugin_loader_gradle$NativePluginLoader$Companion                        : loaded 2 times (x 71B)
Class org.jetbrains.kotlin.build.report.metrics.BuildTimes                            : loaded 2 times (x 72B)
Class org.jetbrains.kotlin.gradle.tasks.KotlinCompile$ClasspathSnapshotProperties     : loaded 2 times (x 73B)
Class org.jetbrains.kotlin.gradle.internal.StdlibDependencyManagementKt$addStdlibDependency$1$1: loaded 2 times (x 79B)
Class org.jetbrains.kotlin.gradle.tasks.configuration.BaseKotlinCompileConfig$2$1     : loaded 2 times (x 75B)
Class org.jetbrains.kotlin.gradle.plugin.diagnostics.TransformActionUsingKotlinToolingDiagnostics: loaded 2 times (x 70B)
Class com.google.common.collect.SortedIterable                                        : loaded 2 times (x 70B)
Class org.jetbrains.kotlin.gradle.dsl.abi.AbiValidationVariantSpec$Companion          : loaded 2 times (x 71B)
Class org.jetbrains.kotlin.gradle.dsl.abi.AbiValidationVariantSpec                    : loaded 2 times (x 70B)
Class org.jetbrains.kotlin.gradle.dsl.PlatformSourceSetConventionsChecker$runChecks$6 : loaded 2 times (x 88B)
Class org.jetbrains.kotlin.gradle.plugin.sources.DefaultKotlinSourceSet_Decorated     : loaded 2 times (x 186B)
Class org.jetbrains.kotlin.gradle.plugin.mpp.KotlinCompilationsKt                     : loaded 2 times (x 71B)
Class org.jetbrains.kotlin.gradle.targets.native.KonanPropertiesBuildService$Companion: loaded 2 times (x 71B)
Class org.jetbrains.kotlin.statistics.metrics.StringOverridePolicy                    : loaded 2 times (x 85B)
Class org.jetbrains.kotlin.gradle.plugin.statistics.DefaultKotlinBuildStatsBeanService: loaded 2 times (x 92B)
Class org.jetbrains.kotlin.gradle.utils.GradleUtilsKt$registerClassLoaderScopedBuildService$1: loaded 2 times (x 74B)
Class org.jetbrains.kotlin.gradle.internal.diagnostics.AgpCompatibilityCheck$AndroidGradlePluginVersionProvider$Default: loaded 2 times (x 74B)
Class com.google.common.collect.AbstractListMultimap                                  : loaded 2 times (x 172B)
Class [Lorg.objectweb.asm.SymbolTable$Entry;                                          : loaded 2 times (x 69B)
Class com.google.common.cache.CacheLoader                                             : loaded 2 times (x 74B)
Class com.google.common.collect.Iterators$4                                           : loaded 2 times (x 82B)
Class com.google.common.collect.ImmutableBiMap                                        : loaded 2 times (x 143B)
Class jdk.internal.jimage.ImageReader$SharedImageReader                               : loaded 2 times (x 95B)
Class org.gradle.api.internal.classpath.ModuleRegistry                                : loaded 2 times (x 70B)
Class org.gradle.internal.installation.GradleInstallation$1                           : loaded 2 times (x 75B)
Class com.google.common.base.Splitter$SplittingIterator                               : loaded 2 times (x 84B)
Class org.jetbrains.kotlin.gradle.plugin.KotlinPluginLifecycle$ProjectConfigurationResult: loaded 2 times (x 71B)
Class org.jetbrains.kotlin.gradle.internal.KotlinDependenciesManagementKt$configureDefaultVersionsResolutionStrategy$1: loaded 2 times (x 75B)
Class org.jetbrains.kotlin.gradle.internal.StdlibDependencyManagementKt$configureStdlibDefaultDependency$1: loaded 2 times (x 79B)
Class org.jetbrains.kotlin.gradle.plugin.mpp.compilationImpl.KotlinCreateResourcesTaskSideEffectKt: loaded 2 times (x 71B)
Class org.jetbrains.kotlin.gradle.plugin.mpp.KotlinUsages                             : loaded 2 times (x 71B)
Class org.jetbrains.kotlin.gradle.utils.ConfigurationCacheOpaqueValue                 : loaded 2 times (x 72B)
Class org.jetbrains.kotlin.gradle.internal.properties.NativePropertiesLoader$Companion: loaded 2 times (x 71B)
Class org.jetbrains.kotlin.gradle.plugin.statistics.KotlinBuildStatsBeanService$Companion: loaded 2 times (x 71B)
Class org.jetbrains.kotlin.gradle.plugin.statistics.BuildFusService$Companion         : loaded 2 times (x 71B)
Class com.google.common.collect.ImmutableSet$JdkBackedSetBuilderImpl                  : loaded 2 times (x 76B)
Class com.google.common.util.concurrent.internal.InternalFutureFailureAccess          : loaded 2 times (x 72B)
Class com.google.common.collect.Iterators$5                                           : loaded 2 times (x 82B)
Class jdk.internal.jimage.decompressor.ResourceDecompressorFactory                    : loaded 2 times (x 74B)
Class kotlin.reflect.jvm.internal.KDeclarationContainerImpl                           : loaded 2 times (x 84B)
Class com.google.common.collect.ImmutableMultimap$Values                              : loaded 2 times (x 126B)
Class org.jetbrains.kotlin.gradle.plugin.HasCompilerOptions                           : loaded 2 times (x 70B)
Class org.jetbrains.kotlin.gradle.plugin.mpp.compilationImpl.DefaultKotlinCompilationFriendPathsResolver$FriendArtifactResolver: loaded 2 times (x 70B)
Class org.jetbrains.kotlin.gradle.dsl.abi.AbiFilterSetSpec_Decorated                  : loaded 2 times (x 133B)
Class org.jetbrains.kotlin.konan.target.KonanTarget$WATCHOS_SIMULATOR_ARM64           : loaded 2 times (x 78B)
Class org.jetbrains.kotlin.gradle.targets.js.ir.KotlinJsIrTarget                      : loaded 2 times (x 254B)
Class org.jetbrains.kotlin.gradle.plugin.mpp.DefaultKotlinUsageContext                : loaded 2 times (x 93B)
Class org.jetbrains.kotlin.gradle.plugin.KotlinPluginLifecycleImpl$start$3            : loaded 2 times (x 79B)
Class org.jetbrains.kotlin.gradle.dsl.KotlinJvmExtension                              : loaded 2 times (x 70B)
Class org.jetbrains.kotlin.gradle.plugin.KotlinMultiplatformPluginWrapper             : loaded 2 times (x 86B)
Class [Lorg.jetbrains.kotlin.statistics.metrics.BooleanMetrics;                       : loaded 2 times (x 69B)
Class org.jetbrains.kotlin.gradle.fus.internal.CiUtilKt                               : loaded 2 times (x 71B)
Class org.jetbrains.kotlin.gradle.internal.properties.PropertiesBuildService$Companion: loaded 2 times (x 71B)
Class com.google.common.cache.LocalCache$LocalManualCache$1                           : loaded 2 times (x 75B)
Class com.google.common.base.CharMatcher$ForPredicate                                 : loaded 2 times (x 112B)
Class kotlin.io.FilesKt__UtilsKt                                                      : loaded 2 times (x 71B)
Class kotlin.collections.CollectionsKt__CollectionsJVMKt                              : loaded 2 times (x 71B)
Class org.jetbrains.kotlin.gradle.plugin.mpp.compilationImpl.KotlinCompilationConfigurationsContainer: loaded 2 times (x 70B)
Class org.jetbrains.kotlin.gradle.internal.StdlibDependencyManagementKt$addStdlibDependency$1: loaded 2 times (x 75B)
Class [Lorg.jetbrains.kotlin.gradle.plugin.KotlinPluginLifecycle$CoroutineStart;      : loaded 2 times (x 69B)
Class org.jetbrains.kotlin.gradle.dsl.IosSourceSetConventionChecker                   : loaded 2 times (x 74B)
Class org.jetbrains.kotlin.gradle.plugin.diagnostics.KotlinGradleProjectChecker       : loaded 2 times (x 70B)
Class org.jetbrains.kotlin.gradle.plugin.sources.KotlinSourceSetFactory$Companion     : loaded 2 times (x 71B)
Class org.jetbrains.kotlin.gradle.dsl.KotlinMultiplatformSourceSetConventions         : loaded 2 times (x 70B)
Class org.jetbrains.kotlin.statistics.metrics.NumberOverridePolicy$SUM                : loaded 2 times (x 85B)
Class com.google.common.base.CharMatcher$AnyOf                                        : loaded 2 times (x 112B)
Class com.google.common.collect.ImmutableCollection                                   : loaded 2 times (x 125B)
Class jdk.internal.jimage.ImageReader$Node                                            : loaded 2 times (x 84B)
Class org.gradle.api.internal.classpath.DefaultModuleRegistry                         : loaded 2 times (x 86B)
Class org.jetbrains.kotlin.load.kotlin.KotlinJvmBinaryClass$AnnotationVisitor         : loaded 2 times (x 70B)
Class kotlin.sequences.SequencesKt                                                    : loaded 2 times (x 71B)
Class kotlin.reflect.jvm.internal.impl.name.SpecialNames                              : loaded 2 times (x 71B)
Class kotlin.collections.CollectionsKt__IteratorsKt                                   : loaded 2 times (x 71B)
Class build_7cau6cz627olkpiafmbiu2kg5$_run_closure1                                   : loaded 2 times (x 139B)
Class org.jetbrains.kotlin.gradle.plugin.internal.state.TaskExecutionResults          : loaded 2 times (x 71B)
Class org.jetbrains.kotlin.compilerRunner.KotlinCompilerArgumentsLogLevel             : loaded 2 times (x 79B)
Class org.jetbrains.kotlin.gradle.plugin.mpp.compilationImpl.factory.CompositePostConfigure: loaded 2 times (x 75B)
Class org.jetbrains.kotlin.gradle.plugin.diagnostics.KotlinToolingDiagnosticsSetupActionKt$KotlinToolingDiagnosticsSetupAction$1$reporterProvider$1: loaded 2 times (x 74B)
Class org.jetbrains.kotlin.gradle.targets.native.internal.CInteropConfigurationsKt    : loaded 2 times (x 71B)
Class org.jetbrains.kotlin.statistics.metrics.StatisticsValuesConsumer                : loaded 2 times (x 70B)
Class org.jetbrains.kotlin.gradle.plugin.AndroidGradlePluginVersion$Companion         : loaded 2 times (x 71B)
Class com.google.common.collect.Lists                                                 : loaded 2 times (x 71B)
Class com.google.common.util.concurrent.ListenableFuture                              : loaded 2 times (x 70B)
Class kotlin.sequences.FilteringSequence$iterator$1                                   : loaded 2 times (x 79B)
Class com.google.common.base.Converter                                                : loaded 2 times (x 90B)
Class com.google.common.collect.ImmutableSet$CachingAsList                            : loaded 2 times (x 148B)
Class org.jetbrains.kotlin.build.report.metrics.GradleBuildTime$Companion             : loaded 2 times (x 71B)
Class jdk.internal.jimage.BasicImageReader$1                                          : loaded 2 times (x 77B)
Class kotlin.text.StringsKt                                                           : loaded 2 times (x 71B)
Class kotlin.io.FilesKt__FileTreeWalkKt                                               : loaded 2 times (x 71B)
Class org.jetbrains.kotlin.gradle.plugin.DefaultKotlinBasePlugin$addKotlinCompilerConfiguration$2$1$1$1: loaded 2 times (x 75B)
Class org.jetbrains.kotlin.gradle.plugin.CompilerPluginConfig                         : loaded 2 times (x 72B)
Class org.jetbrains.kotlin.gradle.tasks.KotlinCompilerExecutionStrategy$Companion     : loaded 2 times (x 71B)
Class org.jetbrains.kotlin.gradle.plugin.diagnostics.KotlinToolingDiagnosticsSetupActionKt$KotlinToolingDiagnosticsSetupAction$1$reporterProvider$2: loaded 2 times (x 75B)
Class [Lorg.jetbrains.kotlin.tooling.core.HasMutableExtras;                           : loaded 2 times (x 69B)
Class org.jetbrains.kotlin.gradle.plugin.diagnostics.checkers.GradleDeprecatedPropertyChecker: loaded 2 times (x 74B)
Class org.jetbrains.kotlin.gradle.artifacts.KotlinJsKlibArtifactKt$KotlinJsKlibArtifact$1: loaded 2 times (x 74B)
Class org.jetbrains.kotlin.gradle.targets.CreateTargetConfigurationsSideEffectKt      : loaded 2 times (x 71B)
Class org.jetbrains.kotlin.gradle.plugin.mpp.ApplyUserDefinedAttributesKt$UserDefinedAttributesSetupAction$1: loaded 2 times (x 95B)
Class org.jetbrains.kotlin.gradle.plugin.mpp.KotlinAndroidTarget                      : loaded 2 times (x 159B)
Class org.jetbrains.kotlin.gradle.plugin.DefaultKotlinBasePlugin$addKotlinCompilerConfiguration$1: loaded 2 times (x 75B)
Class org.jetbrains.kotlin.gradle.plugin.statistics.NonSynchronizedMetricsContainer   : loaded 2 times (x 82B)
Class org.jetbrains.kotlin.gradle.plugin.internal.DefaultCompatibilityConventionRegistrar: loaded 2 times (x 74B)
Class org.jetbrains.kotlin.gradle.plugin.PropertiesProvider                           : loaded 2 times (x 73B)
Class com.google.common.collect.AbstractMapBasedMultimap                              : loaded 2 times (x 139B)
Class com.google.common.util.concurrent.AbstractFuture                                : loaded 2 times (x 106B)
Class com.google.common.base.FunctionalEquivalence                                    : loaded 2 times (x 83B)
Class com.google.common.collect.Iterators$9                                           : loaded 2 times (x 81B)
Class com.google.common.collect.ImmutableAsList                                       : loaded 2 times (x 209B)
Class kotlin.LazyKt__LazyJVMKt                                                        : loaded 2 times (x 71B)
Class com.google.common.io.CharStreams                                                : loaded 2 times (x 71B)
Class com.google.common.collect.ImmutableMultiset                                     : loaded 2 times (x 163B)
Class [Lorg.jetbrains.kotlin.gradle.dsl.jvm.JvmTargetValidationMode;                  : loaded 2 times (x 69B)
Class org.jetbrains.kotlin.gradle.tasks.DefaultKotlinJavaToolchain$javaVersion$1      : loaded 2 times (x 74B)
Class org.jetbrains.kotlin.gradle.plugin.mpp.MppSourcesJarKt$sourcesJarTask$1         : loaded 2 times (x 95B)
Class org.jetbrains.kotlin.gradle.plugin.mpp.compilationImpl.factory.KotlinCompilationImplFactory$KotlinCompilationOutputFactory: loaded 2 times (x 70B)
Class org.jetbrains.kotlin.gradle.plugin.KotlinCompilationToRunnableFiles             : loaded 2 times (x 70B)
Class org.jetbrains.kotlin.gradle.tooling.BuildKotlinToolingMetadataTaskKt            : loaded 2 times (x 71B)
Class org.jetbrains.kotlin.gradle.plugin.ProjectLocalConfigurations$setupAttributesMatchingStrategy$1$1: loaded 2 times (x 74B)
Class org.jetbrains.kotlin.konan.target.TargetSupportException                        : loaded 2 times (x 82B)
Class org.jetbrains.kotlin.gradle.internal.IsInIdeaEnvironmentValueSource             : loaded 2 times (x 80B)
Class org.jetbrains.kotlin.gradle.targets.native.toolchain.KotlinNativeBundleBuildService$Companion$registerIfAbsent$2$1$1: loaded 2 times (x 75B)
Class org.jetbrains.kotlin.statistics.BuildSessionLogger$Companion                    : loaded 2 times (x 71B)
Class org.jetbrains.kotlin.gradle.plugin.diagnostics.ProblemsReporter$Factory         : loaded 2 times (x 70B)
Class org.objectweb.asm.RecordComponentVisitor                                        : loaded 2 times (x 77B)
Class com.google.common.cache.CacheLoader$SupplierToCacheLoader                       : loaded 2 times (x 75B)
Class kotlin.io.FilesKt__FileReadWriteKt                                              : loaded 2 times (x 71B)
Class kotlin.text.StringsKt__StringNumberConversionsKt                                : loaded 2 times (x 71B)
Class org.jetbrains.kotlin.gradle.plugin.mpp.KotlinCompilationsKt$sam$java_util_concurrent_Callable$0: loaded 2 times (x 75B)
Class org.jetbrains.kotlin.gradle.tasks.KotlinCompilerPluginData                      : loaded 2 times (x 72B)
Class org.jetbrains.kotlin.gradle.targets.js.npm.SemverKt                             : loaded 2 times (x 71B)
Class org.jetbrains.kotlin.gradle.internal.StdlibDependencyManagementKt$isStdlibAddedByUser$1: loaded 2 times (x 79B)
Class org.jetbrains.kotlin.gradle.plugin.mpp.MppSourcesJarKt                          : loaded 2 times (x 71B)
Class org.jetbrains.kotlin.compilerRunner.CompilerSystemPropertiesService$Companion$registerIfAbsent$2$1$1: loaded 2 times (x 75B)
Class org.jetbrains.kotlin.gradle.plugin.KotlinCompilationInfo                        : loaded 2 times (x 88B)
Class org.jetbrains.kotlin.tooling.core.ExtrasPropertyKt                              : loaded 2 times (x 71B)
Class org.jetbrains.kotlin.gradle.tasks.BaseKotlinCompile                             : loaded 2 times (x 70B)
Class org.jetbrains.kotlin.gradle.plugin.internal.UsesBuildIdProviderService          : loaded 2 times (x 70B)
Class org.jetbrains.kotlin.gradle.plugin.mpp.compilationImpl.KotlinCompilationSourceSetInclusion$include$1: loaded 2 times (x 79B)
Class org.jetbrains.kotlin.gradle.plugin.mpp.compilationImpl.factory.KotlinCompilationImplFactory$KotlinCompilationDependencyConfigurationsFactory: loaded 2 times (x 70B)
Class org.jetbrains.kotlin.gradle.tasks.abi.KotlinLegacyAbiCheckTask                  : loaded 2 times (x 70B)
Class org.jetbrains.kotlin.gradle.plugin.KotlinPluginLifecycleCoroutineContextElement$Key: loaded 2 times (x 71B)
Class org.jetbrains.kotlin.gradle.plugin.diagnostics.KotlinToolingDiagnosticsSetupActionKt$KotlinToolingDiagnosticsSetupAction$1: loaded 2 times (x 74B)
Class org.jetbrains.kotlin.gradle.dsl.KotlinProjectExtensionKt                        : loaded 2 times (x 71B)
Class org.jetbrains.kotlin.gradle.internal.ClassLoadersCachingBuildService$Companion$registerIfAbsent$1: loaded 2 times (x 75B)
Class org.jetbrains.kotlin.gradle.plugin.UsesKotlinGradleBuildServices                : loaded 2 times (x 70B)
Class org.jetbrains.kotlin.gradle.plugin.KotlinGradleBuildServices$Parameters_Decorated: loaded 2 times (x 130B)
Class org.jetbrains.kotlin.gradle.plugin.DefaultKotlinBasePlugin$addKotlinCompilerConfiguration$3: loaded 2 times (x 75B)
Class [Lorg.jetbrains.kotlin.statistics.metrics.IMetricContainerFactory;              : loaded 2 times (x 69B)
Class org.jetbrains.kotlin.gradle.internal.IdeaKt                                     : loaded 2 times (x 71B)
Class com.google.common.collect.Maps$EntryTransformer                                 : loaded 2 times (x 70B)
Class org.jetbrains.kotlin.cli.common.CompilerSystemProperties$value$1                : loaded 2 times (x 125B)
Class jdk.internal.jimage.decompressor.Decompressor                                   : loaded 2 times (x 72B)
Class jdk.internal.jimage.ImageReader$Resource                                        : loaded 2 times (x 84B)
Class org.gradle.internal.service.ServiceLookupException                              : loaded 2 times (x 82B)
Class org.jetbrains.kotlin.gradle.tasks.GradleCompileTaskProvider_Decorated           : loaded 2 times (x 117B)
Class org.jetbrains.kotlin.gradle.internal.StdlibDependencyManagementKt$isStdlibAddedByUser$2: loaded 2 times (x 78B)
Class org.jetbrains.kotlin.gradle.plugin.hierarchy.KotlinSourceSetTreeClassifierKt$sourceSetTreeClassifier$2: loaded 2 times (x 78B)
Class com.google.common.collect.ImmutableSortedSet                                    : loaded 2 times (x 300B)
Class org.jetbrains.kotlin.gradle.targets.js.npm.NpmDirectoryDependencyExtension      : loaded 2 times (x 70B)
Class org.jetbrains.kotlin.gradle.plugin.mpp.KotlinUsageContext$MavenScope            : loaded 2 times (x 79B)
Class org.jetbrains.kotlin.gradle.targets.native.KotilnNativeConfigureBinariesSideEffectKt$special$$inlined$KotlinTargetSideEffect$1: loaded 2 times (x 74B)
Class org.jetbrains.kotlin.gradle.plugin.KotlinProjectSetupAction$Companion           : loaded 2 times (x 71B)
Class org.jetbrains.kotlin.konan.target.HostManager                                   : loaded 2 times (x 72B)
Class org.jetbrains.kotlin.gradle.internal.IsInIdeaEnvironmentValueSource$Inject_     : loaded 2 times (x 100B)
Class [Lcom.google.common.cache.LocalCache$EntryFactory;                              : loaded 2 times (x 69B)
Class jdk.internal.jrtfs.JrtFileAttributes                                            : loaded 2 times (x 83B)
Class org.gradle.internal.classloader.ClassLoaderFactory                              : loaded 2 times (x 70B)
Class org.jetbrains.kotlin.incremental.classpathDiff.impl.PrefixBasedSnapshotter      : loaded 2 times (x 72B)
Class org.jetbrains.kotlin.incremental.classpathDiff.impl.ClassListSnapshotterWithInlinedClassSupport$ClassDescriptorForProcessing: loaded 2 times (x 72B)
Class org.gradle.internal.classloader.FilteringClassLoader                            : loaded 2 times (x 105B)
Class kotlin.reflect.jvm.internal.impl.builtins.PrimitiveType                         : loaded 2 times (x 79B)
Class org.jetbrains.kotlin.gradle.tasks.DefaultKotlinJavaToolchain$currentJvmJdkToolsJar$1: loaded 2 times (x 74B)
Class org.jetbrains.kotlin.gradle.plugin.diagnostics.ProblemsReporterKt               : loaded 2 times (x 71B)
Class org.jetbrains.kotlin.gradle.plugin.SubpluginEnvironment                         : loaded 2 times (x 72B)
Class org.jetbrains.kotlin.gradle.internal.StdlibDependencyManagementKt$addStdlibDependency$1$1$1: loaded 2 times (x 75B)
Class com.google.common.base.CommonPattern                                            : loaded 2 times (x 74B)
Class org.jetbrains.kotlin.gradle.plugin.sources.AbstractKotlinSourceSet              : loaded 2 times (x 139B)
Class org.jetbrains.kotlin.gradle.tooling.BuildKotlinToolingMetadataTaskKt$RegisterBuildKotlinToolingMetadataTask$1: loaded 2 times (x 74B)
Class org.jetbrains.kotlin.compilerRunner.GradleCliCommonizerKt$maybeCreateCommonizerClasspathConfiguration$1$1: loaded 2 times (x 75B)
Class org.jetbrains.kotlin.gradle.internal.diagnostics.AgpCompatibilityCheck          : loaded 2 times (x 71B)
Class com.google.common.cache.LocalCache$LocalManualCache                             : loaded 2 times (x 99B)
Class com.google.common.base.CharMatcher$IsNot                                        : loaded 2 times (x 111B)
Class org.gradle.internal.service.CachingServiceLocator                               : loaded 2 times (x 82B)
Class kotlin.jvm.internal.CallableReference                                           : loaded 2 times (x 110B)
Class org.jetbrains.kotlin.gradle.plugin.PropertiesProvider$booleanPropertyWithValueReporting$1: loaded 2 times (x 78B)
Class org.jetbrains.kotlin.gradle.dsl.jvm.JvmTargetValidationMode                     : loaded 2 times (x 79B)
Class org.jetbrains.kotlin.gradle.plugin.KotlinTargetConfiguratorKt$WhenMappings      : loaded 2 times (x 71B)
Class com.google.common.collect.AbstractMapBasedMultimap$KeySet                       : loaded 2 times (x 137B)
Class com.google.common.collect.RegularImmutableSortedSet                             : loaded 2 times (x 300B)
Class org.jetbrains.kotlin.gradle.plugin.diagnostics.checkers.OverriddenKotlinNativeHomeChecker$StdlibExistenceCheckerValueSource$Params_Decorated: loaded 2 times (x 130B)
Class org.jetbrains.kotlin.project.model.LanguageSettings                             : loaded 2 times (x 70B)
Class org.jetbrains.kotlin.gradle.plugin.KotlinPluginLifecycleKt$kotlinPluginLifecycle$2: loaded 2 times (x 78B)
Class org.jetbrains.kotlin.gradle.targets.native.KonanPropertiesBuildService$Parameters: loaded 2 times (x 70B)
Class org.jetbrains.kotlin.gradle.plugin.statistics.BuildFusService$Companion$registerIfAbsent$1$1: loaded 2 times (x 79B)
Class org.jetbrains.kotlin.gradle.internal.IsInIdeaSyncValueSource$Inject_            : loaded 2 times (x 109B)
Class org.jetbrains.kotlin.gradle.plugin.internal.CompatibilityConventionRegistrar$Factory: loaded 2 times (x 70B)
Class com.google.common.math.IntMath                                                  : loaded 2 times (x 71B)
Class kotlin.reflect.jvm.internal.impl.descriptors.runtime.structure.ReflectClassUtilKt: loaded 2 times (x 71B)
Class org.jetbrains.kotlin.gradle.plugin.mpp.KotlinMetadataTarget                     : loaded 2 times (x 161B)
Class com.google.common.collect.MapMakerInternalMap$InternalEntry                     : loaded 2 times (x 70B)
Class org.jetbrains.kotlin.gradle.tasks.configuration.BaseKotlinCompileConfig$1$jvmToolchain$1: loaded 2 times (x 74B)
Class org.jetbrains.kotlin.gradle.plugin.mpp.InternalKotlinCompilation$DefaultImpls   : loaded 2 times (x 71B)
Class org.jetbrains.kotlin.gradle.plugin.mpp.compilationImpl.KotlinCompilationSourceSetInclusion$DefaultAddSourcesToCompileTask: loaded 2 times (x 74B)
Class org.jetbrains.kotlin.gradle.internal.KotlinTestDependencyManagementKt$configureKotlinTestDependency$2: loaded 2 times (x 79B)
Class org.jetbrains.kotlin.gradle.dsl.PlatformSourceSetConventionsChecker$runChecks$$inlined$CheckedPlatformInfo$default$1: loaded 2 times (x 78B)
Class [Lorg.jetbrains.kotlin.gradle.plugin.KotlinPluginLifecycle$Stage;               : loaded 2 times (x 69B)
Class org.jetbrains.kotlin.gradle.artifacts.KotlinTargetArtifact$Companion            : loaded 2 times (x 71B)
Class org.jetbrains.kotlin.gradle.plugin.mpp.compilationImpl.KotlinCreateLifecycleTasksSideEffectKt$KotlinCreateLifecycleTasksSideEffect$1: loaded 2 times (x 74B)
Class org.jetbrains.kotlin.gradle.dsl.KotlinGradlePluginDsl                           : loaded 2 times (x 70B)
Class org.jetbrains.kotlin.tooling.core.MutableExtras                                 : loaded 2 times (x 70B)
Class org.jetbrains.kotlin.gradle.plugin.KotlinGradleBuildServices$detectKotlinPluginLoadedInMultipleProjects$onRegister$1: loaded 2 times (x 79B)
Class org.jetbrains.kotlin.gradle.plugin.BuildFinishAndConfigurationTimeMetricsFlowAction$Parameters_Decorated: loaded 2 times (x 136B)
Class org.jetbrains.kotlin.gradle.plugin.BuildFinishAndConfigurationTimeMetricsFlowAction$Parameters: loaded 2 times (x 70B)
Class org.objectweb.asm.commons.InstructionAdapter                                    : loaded 2 times (x 188B)
Class com.google.common.collect.ImmutableMapEntry                                     : loaded 2 times (x 85B)
Class org.jetbrains.kotlin.build.report.metrics.BuildTime                             : loaded 2 times (x 70B)
Class org.jetbrains.kotlin.name.FqName                                                : loaded 2 times (x 72B)
Class com.google.common.collect.RegularImmutableMap$KeySet                            : loaded 2 times (x 152B)
Class [Lorg.jetbrains.kotlin.build.report.metrics.BuildPerformanceMetric;             : loaded 2 times (x 69B)
Class kotlin.enums.EnumEntries                                                        : loaded 2 times (x 70B)
Class org.jetbrains.kotlin.buildtools.api.internal.KotlinCompilerVersionKt            : loaded 2 times (x 71B)
Class com.google.common.collect.ImmutableMultimap                                     : loaded 2 times (x 147B)
Class org.objectweb.asm.signature.SignatureVisitor                                    : loaded 2 times (x 87B)
Class org.jetbrains.kotlin.gradle.plugin.diagnostics.CheckKotlinGradlePluginConfigurationErrorsKt$locateOrRegisterCheckKotlinGradlePluginErrorsTask$taskProvider$1$2: loaded 2 times (x 75B)
Class org.jetbrains.kotlin.gradle.tasks.CompileUsingKotlinDaemon                      : loaded 2 times (x 70B)
Class org.jetbrains.kotlin.gradle.plugin.mpp.KotlinWithJavaTarget                     : loaded 2 times (x 160B)
Class org.jetbrains.kotlin.gradle.utils.StoredPropertyKt$extrasStoredProperty$1       : loaded 2 times (x 78B)
Class org.jetbrains.kotlin.gradle.plugin.mpp.compilationImpl.KotlinCreateNativeCompileTasksSideEffectKt$special$$inlined$KotlinCompilationSideEffect$1: loaded 2 times (x 74B)
Class org.jetbrains.kotlin.gradle.targets.KotlinTargetSideEffect$Companion            : loaded 2 times (x 71B)
Class org.jetbrains.kotlin.gradle.dsl.KotlinSingleJavaTargetExtension                 : loaded 2 times (x 124B)
Class org.jetbrains.kotlin.gradle.plugin.KotlinPluginLifecycle$IllegalLifecycleException: loaded 2 times (x 82B)
Class org.jetbrains.kotlin.gradle.internal.properties.NativePropertiesLoader$userProvidedNativeHome$1: loaded 2 times (x 75B)
Class org.jetbrains.kotlin.gradle.plugin.KotlinGradleFinishBuildHandler               : loaded 2 times (x 72B)
Class org.jetbrains.kotlin.statistics.metrics.StringOverridePolicy$CONCAT             : loaded 2 times (x 85B)
Class org.jetbrains.kotlin.gradle.dsl.KotlinTopLevelExtension                         : loaded 2 times (x 70B)
Class com.google.common.base.Equivalence                                              : loaded 2 times (x 82B)
Class com.google.common.base.Function                                                 : loaded 2 times (x 70B)
Class com.google.common.collect.ImmutableMapEntry$NonTerminalImmutableMapEntry        : loaded 2 times (x 85B)
Class com.google.common.collect.IndexedImmutableSet$1                                 : loaded 2 times (x 213B)
Class org.jetbrains.kotlin.gradle.plugin.diagnostics.CheckKotlinGradlePluginConfigurationErrorsKt$locateOrRegisterCheckKotlinGradlePluginErrorsTask$taskProvider$1$3: loaded 2 times (x 75B)
Class org.jetbrains.kotlin.gradle.plugin.ProjectLocalConfigurationsKt                 : loaded 2 times (x 71B)
Class org.jetbrains.kotlin.gradle.plugin.mpp.compilationImpl.factory.KotlinCompilationImplFactory: loaded 2 times (x 72B)
Class org.jetbrains.kotlin.gradle.internal.KotlinDomApiDependencyManagementKt$addKotlinDomApiDependency$1: loaded 2 times (x 75B)
Class org.jetbrains.kotlin.gradle.plugin.diagnostics.checkers.KotlinTargetAlreadyDeclaredChecker$runChecks$1: loaded 2 times (x 88B)
Class org.jetbrains.kotlin.gradle.plugin.mpp.KotlinTargetWithBinaries                 : loaded 2 times (x 157B)
Class [Lorg.jetbrains.kotlin.gradle.plugin.KotlinSourceSet;                           : loaded 2 times (x 69B)
Class org.jetbrains.kotlin.gradle.plugin.diagnostics.checkers.JsEnvironmentChecker$1  : loaded 2 times (x 78B)
Class org.jetbrains.kotlin.gradle.plugin.diagnostics.KotlinToolingDiagnostics$JsLikeEnvironmentNotChosenExplicitly: loaded 2 times (x 73B)
Class org.jetbrains.kotlin.gradle.utils.StoredLazyProperty$getValue$1                 : loaded 2 times (x 79B)
Class org.jetbrains.kotlin.statistics.metrics.IMetricContainerFactory                 : loaded 2 times (x 70B)
Class org.jetbrains.kotlin.statistics.MetricValueValidationFailed                     : loaded 2 times (x 82B)
Class org.jetbrains.kotlin.gradle.plugin.PropertiesProvider$localProperties$2         : loaded 2 times (x 79B)
Class com.google.common.cache.CacheBuilder$OneWeigher                                 : loaded 2 times (x 82B)
Class com.google.common.collect.RegularImmutableList                                  : loaded 2 times (x 213B)
Class [Lorg.jetbrains.kotlin.cli.common.CompilerSystemProperties;                     : loaded 2 times (x 69B)
Class kotlin.reflect.jvm.internal.KDeclarationContainerImpl$Companion                 : loaded 2 times (x 71B)
Class com.google.common.base.Equivalence$Identity                                     : loaded 2 times (x 82B)
Class org.jetbrains.kotlin.gradle.plugin.mpp.compilationImpl.DefaultKotlinCompilationFriendPathsResolver$resolveFriendPaths$1$1: loaded 2 times (x 79B)
Class org.jetbrains.kotlin.gradle.plugin.diagnostics.CheckKotlinGradlePluginConfigurationErrorsKt$locateOrRegisterCheckKotlinGradlePluginErrorsTask$taskProvider$1$4: loaded 2 times (x 74B)
Class org.jetbrains.kotlin.build.report.metrics.BuildMetricsReporterImpl              : loaded 2 times (x 98B)
Class org.jetbrains.kotlin.gradle.tasks.configuration.KaptGenerateStubsConfig         : loaded 2 times (x 72B)
Class org.jetbrains.kotlin.gradle.targets.js.npm.SemVer                               : loaded 2 times (x 75B)
Class org.jetbrains.kotlin.gradle.internal.properties.NativePropertiesLoader$konanDataDirProperty$1$1: loaded 2 times (x 74B)
Class org.jetbrains.kotlin.gradle.plugin.diagnostics.checkers.JsEnvironmentChecker$2  : loaded 2 times (x 78B)
Class org.jetbrains.kotlin.gradle.utils.WhenPluginEnabledKt$whenPluginsEnabled$1      : loaded 2 times (x 75B)
Class org.jetbrains.kotlin.gradle.tasks.AbstractKotlinCompileTool                     : loaded 2 times (x 364B)
Class org.jetbrains.kotlin.gradle.internal.report.BuildScanApi                        : loaded 2 times (x 70B)
Class org.jetbrains.kotlin.gradle.plugin.statistics.FlowActionBuildFusService$Companion$registerIfAbsentImpl$1$1: loaded 2 times (x 74B)
Class [Lorg.jetbrains.kotlin.gradle.report.BuildReportType;                           : loaded 2 times (x 69B)
Class org.jetbrains.kotlin.gradle.plugin.statistics.KotlinBuildStatsConfiguration     : loaded 2 times (x 72B)
Class org.jetbrains.kotlin.gradle.internal.properties.PropertiesBuildService$localProperties$2: loaded 2 times (x 79B)
Class jdk.internal.jimage.ImageBufferCache                                            : loaded 2 times (x 71B)
Class jdk.internal.jrtfs.JrtPath                                                      : loaded 2 times (x 118B)
Class org.gradle.internal.classloader.ClasspathUtil                                   : loaded 2 times (x 71B)
Class org.jetbrains.kotlin.load.kotlin.KotlinJvmBinaryClass$AnnotationArgumentVisitor : loaded 2 times (x 70B)
Class kotlin.io.FileSystemException                                                   : loaded 2 times (x 82B)
Class org.jetbrains.kotlin.build.report.metrics.RUN_COMPILATION                       : loaded 2 times (x 72B)
Class kotlin.jvm.internal.PropertyReference0                                          : loaded 2 times (x 131B)
Class org.jetbrains.kotlin.gradle.plugin.diagnostics.CheckKotlinGradlePluginConfigurationErrorsKt$locateOrRegisterCheckKotlinGradlePluginErrorsTask$taskProvider$1$5: loaded 2 times (x 74B)
Class org.jetbrains.kotlin.gradle.dsl.KotlinCompile                                   : loaded 2 times (x 70B)
Class org.jetbrains.kotlin.gradle.plugin.mpp.compilationImpl.DefaultKotlinCompilationFriendPathsResolver$DefaultFriendArtifactResolver: loaded 2 times (x 74B)
Class org.jetbrains.kotlin.gradle.plugin.diagnostics.checkers.InternalGradlePropertiesUsageChecker$runChecks$1: loaded 2 times (x 88B)
Class org.jetbrains.kotlin.gradle.utils.StringUtilsKt$lowerCamelCaseName$1            : loaded 2 times (x 125B)
Class org.jetbrains.kotlin.gradle.plugin.diagnostics.checkers.JsEnvironmentChecker$3  : loaded 2 times (x 78B)
Class org.jetbrains.kotlin.gradle.dsl.JvmTarget$Companion                             : loaded 2 times (x 71B)
Class org.jetbrains.kotlin.gradle.internal.properties.NativePropertiesLoader$downloadFromMaven$1: loaded 2 times (x 75B)
Class org.jetbrains.kotlin.gradle.plugin.internal.DefaultConfigurationCacheStartParameterAccessor_Decorated: loaded 2 times (x 121B)
Class org.jetbrains.kotlin.gradle.plugin.internal.DefaultConfigurationCacheStartParameterAccessor: loaded 2 times (x 77B)
Class org.jetbrains.kotlin.tooling.core.HasExtras                                     : loaded 2 times (x 70B)
Class com.google.common.util.concurrent.Uninterruptibles                              : loaded 2 times (x 71B)
Class kotlin.reflect.full.IllegalCallableAccessException                              : loaded 2 times (x 82B)
Class kotlin.jvm.internal.DefaultConstructorMarker                                    : loaded 2 times (x 71B)
Class kotlin.jvm.internal.PropertyReference1                                          : loaded 2 times (x 131B)
Class org.jetbrains.kotlin.gradle.plugin.KotlinCompilationInfo$TCS$friendPaths$1      : loaded 2 times (x 79B)
Class org.jetbrains.kotlin.gradle.fus.internal.SynchronizedConfigurationMetrics$add$1 : loaded 2 times (x 79B)
Class org.jetbrains.kotlin.gradle.plugin.sources.DefaultLanguageSettingsBuilder$freeCompilerArgsProvider$1: loaded 2 times (x 95B)
Class org.jetbrains.kotlin.gradle.targets.js.npm.DevNpmDependencyExtension            : loaded 2 times (x 70B)
Class org.jetbrains.kotlin.gradle.plugin.diagnostics.checkers.PreHmppDependenciesUsageChecker: loaded 2 times (x 74B)
Class org.jetbrains.kotlin.gradle.targets.CreateArtifactsSideEffectKt                 : loaded 2 times (x 71B)
Class org.jetbrains.kotlin.gradle.plugin.AbstractKotlinMultiplatformPluginWrapper     : loaded 2 times (x 86B)
Class org.jetbrains.kotlin.konan.target.HostManager$Companion                         : loaded 2 times (x 71B)
Class org.jetbrains.kotlin.gradle.utils.GradleConfigurationUtilsKt$addGradlePluginMetadataAttributes$1: loaded 2 times (x 75B)
Class org.jetbrains.kotlin.gradle.plugin.internal.DefaultProjectIsolationStartParameterAccessor: loaded 2 times (x 77B)
Class org.jetbrains.kotlin.gradle.dsl.KotlinAndroidExtension                          : loaded 2 times (x 70B)
Class com.google.common.util.concurrent.LazyLogger                                    : loaded 2 times (x 72B)
Class com.google.common.collect.Maps                                                  : loaded 2 times (x 71B)
Class org.gradle.api.specs.Spec                                                       : loaded 2 times (x 70B)
Class kotlin.LazyKt__LazyJVMKt$WhenMappings                                           : loaded 2 times (x 71B)
Class kotlin.jvm.internal.PropertyReference2                                          : loaded 2 times (x 131B)
Class kotlin.jvm.internal.MutablePropertyReference                                    : loaded 2 times (x 123B)
Class com.google.common.collect.MapMaker                                              : loaded 2 times (x 72B)
Class org.objectweb.asm.TypeReference                                                 : loaded 2 times (x 80B)
Class org.jetbrains.kotlin.gradle.tasks.GradleCompileTaskProviderKt                   : loaded 2 times (x 71B)
Class org.jetbrains.kotlin.gradle.plugin.SubpluginEnvironment$Companion               : loaded 2 times (x 71B)
Class org.jetbrains.kotlin.gradle.plugin.mpp.ApplyUserDefinedAttributesKt$UserDefinedAttributesSetupAction$1$1$3: loaded 2 times (x 75B)
Class org.jetbrains.kotlin.gradle.tasks.configuration.BaseKotlinCompileConfig$Companion: loaded 2 times (x 71B)
Class org.jetbrains.kotlin.gradle.plugin.mpp.compilationImpl.KotlinCompilationImpl$Params: loaded 2 times (x 72B)
Class org.jetbrains.kotlin.gradle.tooling.BuildKotlinToolingMetadataTask              : loaded 2 times (x 314B)
Class org.jetbrains.kotlin.gradle.plugin.internal.CompatibilityConventionRegistrarKt  : loaded 2 times (x 71B)
Class org.jetbrains.kotlin.konan.target.UtilsKt                                       : loaded 2 times (x 71B)
Class org.jetbrains.kotlin.gradle.artifacts.KotlinJvmJarArtifactKt                    : loaded 2 times (x 71B)
Class org.jetbrains.kotlin.gradle.plugin.mpp.compilationImpl.CreateCInteropTasksSideEffectKt$special$$inlined$KotlinCompilationSideEffect$1: loaded 2 times (x 74B)
Class org.jetbrains.kotlin.gradle.plugin.statistics.FinalizeConfigurationFusMetricActionKt: loaded 2 times (x 71B)
Class org.jetbrains.kotlin.gradle.targets.native.toolchain.KotlinNativeBundleBuildService$Companion$registerIfAbsent$2$1: loaded 2 times (x 79B)
Class org.jetbrains.kotlin.gradle.plugin.statistics.KotlinBuildStatsBeanService       : loaded 2 times (x 87B)
Class org.jetbrains.kotlin.gradle.plugin.internal.MavenPublicationComponentAccessor$Factory: loaded 2 times (x 70B)
Class [Lcom.google.common.collect.ImmutableEntry;                                     : loaded 2 times (x 69B)
Class jdk.internal.jimage.ImageReader$SharedImageReader$LocationVisitor               : loaded 2 times (x 70B)
Class com.google.common.base.PairwiseEquivalence                                      : loaded 2 times (x 83B)
Class [Lkotlin.reflect.jvm.internal.impl.builtins.jvm.JavaToKotlinClassMap$PlatformMutabilityMapping;: loaded 2 times (x 69B)
Class kotlin.LazyThreadSafetyMode                                                     : loaded 2 times (x 79B)
Class kotlin.reflect.full.IllegalPropertyDelegateAccessException                      : loaded 2 times (x 82B)
Class org.jetbrains.kotlin.gradle.tasks.configuration.AbstractKotlinCompileConfig$1$1 : loaded 2 times (x 74B)
Class org.jetbrains.kotlin.gradle.tasks.KotlinCompile$kotlinOptions$1                 : loaded 2 times (x 79B)
Class org.jetbrains.kotlin.tooling.core.ExtrasLazyProperty                            : loaded 2 times (x 70B)
Class org.jetbrains.kotlin.gradle.internal.properties.NativeProperties$Companion      : loaded 2 times (x 71B)
Class org.jetbrains.kotlin.gradle.utils.StringUtilsKt                                 : loaded 2 times (x 71B)
Class org.jetbrains.kotlin.gradle.targets.ConfigureBuildSideEffectKt$ConfigureBuildSideEffect$1: loaded 2 times (x 74B)
Class org.jetbrains.kotlin.gradle.utils.CompletableFuture                             : loaded 2 times (x 70B)
Class org.jetbrains.kotlin.gradle.plugin.diagnostics.DiagnosticGroup$Kgp$Misconfiguration: loaded 2 times (x 82B)
Class [Lorg.jetbrains.kotlin.statistics.metrics.StringOverridePolicy;                 : loaded 2 times (x 69B)
Class org.jetbrains.kotlin.gradle.plugin.internal.JavaExecTaskParametersCompatibility : loaded 2 times (x 70B)
Class com.google.common.cache.LocalCache$LoadingValueReference                        : loaded 2 times (x 96B)
Class kotlin.text.StringsKt__RegexExtensionsKt                                        : loaded 2 times (x 71B)
Class kotlin.SynchronizedLazyImpl                                                     : loaded 2 times (x 76B)
Class org.jetbrains.kotlin.gradle.plugin.internal.CustomPropertiesFileValueSource$Inject_: loaded 2 times (x 113B)
Class com.google.common.io.LineReader$1                                               : loaded 2 times (x 75B)
Class com.google.common.collect.CollectSpliterators                                   : loaded 2 times (x 71B)
Class com.google.common.collect.AbstractMapBasedMultimap$AsMap                        : loaded 2 times (x 128B)
Class com.google.common.collect.MapMakerInternalMap$StrongKeyDummyValueEntry          : loaded 2 times (x 82B)
Class org.jetbrains.kotlin.gradle.tasks.configuration.AbstractKotlinCompileConfig$getClasspathSnapshotDir$1: loaded 2 times (x 74B)
Class org.jetbrains.kotlin.gradle.tasks.configuration.AbstractKotlinCompileConfig$1$2 : loaded 2 times (x 74B)
Class org.jetbrains.kotlin.gradle.plugin.statistics.ConfigurationMetricsBuildFusParameters: loaded 2 times (x 70B)
Class org.jetbrains.kotlin.gradle.tasks.configuration.AbstractKotlinCompileConfigKt$explicitApiMode$1: loaded 2 times (x 75B)
Class com.google.common.base.Platform                                                 : loaded 2 times (x 71B)
Class org.jetbrains.kotlin.gradle.plugin.diagnostics.checkers.CommonMainOrTestWithDependsOnChecker: loaded 2 times (x 74B)
Class org.jetbrains.kotlin.gradle.artifacts.KotlinNativeHostSpecificMetadataArtifactKt: loaded 2 times (x 71B)
Class org.jetbrains.kotlin.gradle.plugin.mpp.compilationImpl.KotlinCreateLifecycleTasksSideEffectKt: loaded 2 times (x 71B)
Class org.jetbrains.kotlin.gradle.plugin.KotlinTarget                                 : loaded 2 times (x 70B)
Class org.jetbrains.kotlin.gradle.utils.ConfigurationsKt$createResolvable$1           : loaded 2 times (x 78B)
Class [Lorg.jetbrains.kotlin.statistics.metrics.BooleanAnonymizationPolicy;           : loaded 2 times (x 69B)
Class jdk.internal.jimage.decompressor.ResourceDecompressorRepository                 : loaded 2 times (x 71B)
Class org.jetbrains.kotlin.load.kotlin.header.ReadKotlinClassHeaderAnnotationVisitor  : loaded 2 times (x 80B)
Class kotlin.sequences.SequencesKt__SequencesJVMKt                                    : loaded 2 times (x 71B)
Class org.jetbrains.kotlin.build.report.metrics.GradleBuildTimeMetric                 : loaded 2 times (x 72B)
Class kotlin.collections.AbstractList                                                 : loaded 2 times (x 197B)
Class kotlin.collections.AbstractCollection                                           : loaded 2 times (x 117B)
Class org.jetbrains.kotlin.gradle.fus.internal.SynchronizedConfigurationMetrics$Companion: loaded 2 times (x 71B)
Class com.google.common.collect.AbstractMapBasedMultimap$WrappedList                  : loaded 2 times (x 205B)
Class [Lorg.jetbrains.kotlin.build.report.metrics.BuildAttributeKind;                 : loaded 2 times (x 69B)
Class org.jetbrains.kotlin.gradle.tasks.K2MultiplatformStructure                      : loaded 2 times (x 74B)
Class org.jetbrains.kotlin.gradle.internal.KotlinDependenciesManagementKt$allNonProjectDependencies$1: loaded 2 times (x 74B)
Class org.jetbrains.kotlin.compilerRunner.CompilerSystemPropertiesService$Parameters  : loaded 2 times (x 70B)
Class org.jetbrains.kotlin.gradle.plugin.mpp.compilationImpl.KotlinCompilationSourceSetsContainer: loaded 2 times (x 70B)
Class org.jetbrains.kotlin.gradle.artifacts.KotlinNativeKlibArtifactKt                : loaded 2 times (x 71B)
Class org.jetbrains.kotlin.gradle.plugin.ProjectLocalConfigurations                   : loaded 2 times (x 71B)
Class org.jetbrains.kotlin.gradle.plugin.mpp.KotlinUsages$KotlinUsagesDisambiguation  : loaded 2 times (x 76B)
Class org.jetbrains.kotlin.gradle.plugin.diagnostics.KotlinToolingDiagnosticsCollector$Parameter: loaded 2 times (x 70B)
Class org.jetbrains.kotlin.gradle.plugin.diagnostics.KotlinToolingDiagnosticsCollectorKt$kotlinToolingDiagnosticsCollectorProvider$1: loaded 2 times (x 75B)
Class org.jetbrains.kotlin.tooling.core.Extras$Key$Companion                          : loaded 2 times (x 71B)
Class org.jetbrains.kotlin.tooling.core.Extras$Key                                    : loaded 2 times (x 72B)
Class [Lorg.objectweb.asm.AnnotationWriter;                                           : loaded 2 times (x 69B)
Class com.google.common.collect.Maps$8                                                : loaded 2 times (x 82B)
Class jdk.internal.jimage.ImageReader$Directory                                       : loaded 2 times (x 84B)
Class kotlin.text.StringsKt__StringBuilderJVMKt                                       : loaded 2 times (x 71B)
Class kotlin.text.Regex                                                               : loaded 2 times (x 72B)
Class kotlin.LazyKt__LazyKt                                                           : loaded 2 times (x 71B)
Class org.jetbrains.kotlin.gradle.internal.ClassLoadersCachingBuildService$Companion$registerIfAbsent$2$1$1: loaded 2 times (x 75B)
Class org.jetbrains.kotlin.com.google.common.base.Function                            : loaded 2 times (x 70B)
Class com.google.common.collect.ImmutableRangeSet$Builder                             : loaded 2 times (x 77B)
Class [Lcom.google.common.collect.Iterators$EmptyModifiableIterator;                  : loaded 2 times (x 69B)
Class org.jetbrains.kotlin.gradle.plugin.diagnostics.CheckKotlinGradlePluginConfigurationErrors: loaded 2 times (x 316B)
Class org.jetbrains.kotlin.gradle.plugin.sources.DefaultKotlinSourceSetKt             : loaded 2 times (x 71B)
Class org.jetbrains.kotlin.gradle.dsl.KotlinJvmOptions                                : loaded 2 times (x 70B)
Class org.jetbrains.kotlin.gradle.plugin.mpp.HierarchyAttributeContainer$1            : loaded 2 times (x 78B)
Class org.jetbrains.kotlin.gradle.plugin.KotlinPluginLifecycle                        : loaded 2 times (x 70B)
Class org.jetbrains.kotlin.gradle.plugin.KotlinJsPluginWrapper                        : loaded 2 times (x 86B)
Class org.jetbrains.kotlin.gradle.dsl.ToolchainSupport                                : loaded 2 times (x 70B)
Class org.jetbrains.kotlin.tooling.core.Extras                                        : loaded 2 times (x 70B)
Class org.jetbrains.kotlin.gradle.plugin.mpp.InternalKotlinTarget                     : loaded 2 times (x 70B)
Class org.jetbrains.kotlin.gradle.fus.BuildUidService$Inject_                         : loaded 2 times (x 100B)
Class org.jetbrains.kotlin.statistics.metrics.NumberAnonymizationPolicy$RANDOM_10_PERCENT: loaded 2 times (x 85B)
Class org.jetbrains.kotlin.statistics.metrics.StringMetrics                           : loaded 2 times (x 80B)
Class com.google.common.collect.Sets$SetView                                          : loaded 2 times (x 138B)
Class com.google.common.cache.LocalCache$StrongValueReference                         : loaded 2 times (x 90B)
Class kotlin.jvm.internal.ReflectionFactory                                           : loaded 2 times (x 91B)
Class kotlin.UNINITIALIZED_VALUE                                                      : loaded 2 times (x 71B)
Class Build_gradle$4                                                                  : loaded 2 times (x 75B)
Class com.google.common.graph.SuccessorsFunction                                      : loaded 2 times (x 70B)
Class org.jetbrains.kotlin.gradle.tasks.CompilerPluginOptions                         : loaded 2 times (x 72B)
Class org.jetbrains.kotlin.gradle.plugin.mpp.KotlinTargetSoftwareComponentImpl        : loaded 2 times (x 90B)
Class org.jetbrains.kotlin.gradle.plugin.mpp.DefaultKotlinUsageContext$PublishOnlyIf  : loaded 2 times (x 70B)
Class org.jetbrains.kotlin.gradle.dsl.KotlinCommonCompilerOptionsHelper               : loaded 2 times (x 71B)
Class org.jetbrains.kotlin.gradle.plugin.KotlinJvmPlugin$Companion                    : loaded 2 times (x 71B)
Class org.jetbrains.kotlin.gradle.artifacts.KotlinMetadataArtifactKt                  : loaded 2 times (x 71B)
Class org.jetbrains.kotlin.gradle.targets.CreateArtifactsSideEffectKt$CreateArtifactsSideEffect$1: loaded 2 times (x 74B)
Class org.jetbrains.kotlin.gradle.plugin.diagnostics.KotlinToolingDiagnostics         : loaded 2 times (x 71B)
Class org.jetbrains.kotlin.gradle.internal.properties.PropertiesBuildService$property$1$valueFromGradleAndLocalProperties$1: loaded 2 times (x 75B)
Class org.jetbrains.kotlin.gradle.plugin.KotlinPluginWrapperKt$kotlinToolingVersion$2 : loaded 2 times (x 78B)
Class org.objectweb.asm.Type                                                          : loaded 2 times (x 72B)
Class org.gradle.internal.classloader.VisitableURLClassLoader$InstrumentingVisitableURLClassLoader: loaded 2 times (x 123B)
Class kotlin.comparisons.ComparisonsKt__ComparisonsKt                                 : loaded 2 times (x 71B)
Class kotlin.ranges.RangesKt__RangesKt                                                : loaded 2 times (x 71B)
Class kotlin.sequences.SequencesKt__SequencesKt                                       : loaded 2 times (x 71B)
Class [Lkotlin.reflect.jvm.internal.impl.resolve.jvm.JvmPrimitiveType;                : loaded 2 times (x 69B)
Class kotlin.collections.SetsKt___SetsKt                                              : loaded 2 times (x 71B)
Class kotlin.jvm.internal.ClassBasedDeclarationContainer                              : loaded 2 times (x 70B)
Class com.google.common.collect.MapMakerInternalMap$StrongKeyDummyValueEntry$Helper   : loaded 2 times (x 79B)
Class com.google.common.io.Files$FileByteSink                                         : loaded 2 times (x 77B)
Class org.jetbrains.kotlin.gradle.tasks.FailedCompilationException                    : loaded 2 times (x 82B)
Class org.jetbrains.kotlin.gradle.plugin.mpp.DefaultKotlinUsageContext$1              : loaded 2 times (x 74B)
Class [Lorg.jetbrains.kotlin.gradle.tasks.KotlinCompilerExecutionStrategy;            : loaded 2 times (x 69B)
Class org.jetbrains.kotlin.gradle.plugin.mpp.compilationImpl.KotlinCompilationImpl$associateWith$2: loaded 2 times (x 79B)
Class org.jetbrains.kotlin.gradle.plugin.hierarchy.KotlinSourceSetTreeClassifier      : loaded 2 times (x 70B)
Class org.jetbrains.kotlin.gradle.plugin.mpp.compilationImpl.KotlinCompilationAssociator: loaded 2 times (x 70B)
Class org.jetbrains.kotlin.gradle.utils.WhenEvaluatedKt$whenEvaluated$afterAndroidDispatchQueue$1$1$1: loaded 2 times (x 75B)
Class org.jetbrains.kotlin.gradle.plugin.mpp.KotlinNativeTarget                       : loaded 2 times (x 167B)
Class org.jetbrains.kotlin.gradle.plugin.diagnostics.checkers.KotlinSourceSetTreeDependsOnMismatchChecker$runChecks$1: loaded 2 times (x 88B)
Class org.jetbrains.kotlin.gradle.plugin.diagnostics.checkers.PreHmppDependenciesUsageChecker$runChecks$1: loaded 2 times (x 88B)
Class org.jetbrains.kotlin.gradle.utils.ProjectExtensionsKt                           : loaded 2 times (x 71B)
Class org.jetbrains.kotlin.gradle.plugin.KotlinSourceSetTree$Companion                : loaded 2 times (x 71B)
Class org.jetbrains.kotlin.konan.target.UtilsKt$evaluatePresetName$1                  : loaded 2 times (x 78B)
Class org.jetbrains.kotlin.gradle.plugin.diagnostics.KotlinGradleProjectChecker$Companion: loaded 2 times (x 71B)
Class org.jetbrains.kotlin.gradle.plugin.KotlinGradleBuildServices$Parameters         : loaded 2 times (x 70B)
Class org.jetbrains.kotlin.gradle.plugin.statistics.BuildFusService$Companion$registerIfAbsent$1$1$1: loaded 2 times (x 75B)
Class org.jetbrains.kotlin.statistics.fileloggers.MetricsContainer$Companion          : loaded 2 times (x 71B)
Class com.google.common.math.IntMath$1                                                : loaded 2 times (x 71B)
Class org.objectweb.asm.ByteVector                                                    : loaded 2 times (x 79B)
Class [Lcom.google.common.cache.CacheBuilder$NullListener;                            : loaded 2 times (x 69B)
Class org.gradle.internal.classloader.VisitableURLClassLoader$Spec                    : loaded 2 times (x 74B)
Class org.gradle.internal.classpath.DefaultClassPath                                  : loaded 2 times (x 90B)
Class kotlin.comparisons.ComparisonsKt                                                : loaded 2 times (x 71B)
Class kotlin.comparisons.ComparisonsKt___ComparisonsKt                                : loaded 2 times (x 71B)
Class kotlin.sequences.FilteringSequence                                              : loaded 2 times (x 75B)
Class com.google.common.base.AbstractIterator                                         : loaded 2 times (x 80B)
Class org.jetbrains.kotlin.gradle.plugin.DefaultKotlinBasePlugin$addKotlinCompilerConfiguration$2$1$1: loaded 2 times (x 75B)
Class org.jetbrains.kotlin.gradle.plugin.mpp.KotlinSoftwareComponentKt                : loaded 2 times (x 71B)
Class org.jetbrains.kotlin.gradle.plugin.mpp.compilationImpl.KotlinCompilationSourceSetInclusion$AddSourcesToCompileTask: loaded 2 times (x 70B)
Class [Lorg.jetbrains.kotlin.gradle.plugin.HasProject;                                : loaded 2 times (x 69B)
Class org.jetbrains.kotlin.gradle.utils.MutableObservableSetImpl                      : loaded 2 times (x 163B)
Class org.jetbrains.kotlin.gradle.tasks.KotlinTasksProvider                           : loaded 2 times (x 72B)
Class org.jetbrains.kotlin.gradle.dsl.DefaultToolchainSupport$wireToolchainToTasks$1  : loaded 2 times (x 75B)
Class org.jetbrains.kotlin.gradle.dsl.KotlinCommonCompilerOptions                     : loaded 2 times (x 70B)
Class org.jetbrains.kotlin.gradle.plugin.KotlinJsCompilerTypeHolder                   : loaded 2 times (x 70B)
Class org.jetbrains.kotlin.konan.target.Architecture                                  : loaded 2 times (x 79B)
Class org.jetbrains.kotlin.gradle.internal.properties.PropertiesBuildService$MemoizedCallable: loaded 2 times (x 75B)
Class org.jetbrains.kotlin.gradle.plugin.internal.DefaultMavenPublicationComponentAccessorFactory: loaded 2 times (x 76B)
Class org.objectweb.asm.Symbol                                                        : loaded 2 times (x 73B)
Class [Lorg.jetbrains.kotlin.build.report.metrics.GradleBuildTime;                    : loaded 2 times (x 69B)
Class jdk.internal.jimage.decompressor.ZipDecompressorFactory                         : loaded 2 times (x 74B)
Class kotlin.reflect.KType                                                            : loaded 2 times (x 70B)
Class com.google.common.io.Java8Compatibility                                         : loaded 2 times (x 71B)
Class com.google.common.io.Closer                                                     : loaded 2 times (x 78B)
Class org.jetbrains.kotlin.gradle.tasks.AbstractKotlinCompile$friendPathsSet$1        : loaded 2 times (x 75B)
Class org.jetbrains.kotlin.build.report.metrics.BuildAttributes                       : loaded 2 times (x 72B)
Class org.jetbrains.kotlin.gradle.plugin.cocoapods.KotlinCocoapodsPlugin$Companion    : loaded 2 times (x 71B)
Class org.jetbrains.kotlin.gradle.plugin.mpp.compilationImpl.KotlinCompilationImpl    : loaded 2 times (x 145B)
Class [Lorg.jetbrains.kotlin.gradle.plugin.mpp.compilationImpl.factory.KotlinCompilationImplFactory$PostConfigure;: loaded 2 times (x 69B)
Class org.jetbrains.kotlin.gradle.plugin.KotlinSourceSet$Companion                    : loaded 2 times (x 71B)
Class org.jetbrains.kotlin.konan.target.KonanTarget$MACOS_X64                         : loaded 2 times (x 78B)
Class org.jetbrains.kotlin.konan.util.Named                                           : loaded 2 times (x 70B)
Class [Lorg.jetbrains.kotlin.gradle.report.BuildReportMode;                           : loaded 2 times (x 69B)
Class org.jetbrains.kotlin.statistics.metrics.BooleanOverridePolicy                   : loaded 2 times (x 85B)
Class com.google.common.base.CharMatcher$BitSetMatcher                                : loaded 2 times (x 112B)
Class com.google.common.collect.RegularImmutableMap$Values                            : loaded 2 times (x 207B)
Class com.google.common.collect.ImmutableSet                                          : loaded 2 times (x 145B)
Class org.jetbrains.kotlin.gradle.plugin.AbstractKotlinAndroidPluginWrapper           : loaded 2 times (x 86B)
Class org.gradle.internal.classloader.ClassLoaderSpec                                 : loaded 2 times (x 71B)
Class kotlin.collections.CollectionsKt___CollectionsJvmKt                             : loaded 2 times (x 71B)
Class kotlin.reflect.jvm.internal.ReflectProperties$Val$1                             : loaded 2 times (x 71B)
Class org.jetbrains.kotlin.gradle.tasks.DefaultKotlinJavaToolchain$DefaultJavaToolchainSetter: loaded 2 times (x 75B)
Class org.jetbrains.kotlin.build.report.metrics.BuildAttributeKind                    : loaded 2 times (x 79B)
Class org.jetbrains.kotlin.gradle.plugin.mpp.KotlinCompilationsKt$moduleNameForCompilation$1: loaded 2 times (x 75B)
Class org.jetbrains.kotlin.gradle.plugin.sources.KotlinDependencyScopeKt              : loaded 2 times (x 71B)
Class org.jetbrains.kotlin.gradle.plugin.diagnostics.TransformActionUsingKotlinToolingDiagnostics$Parameters: loaded 2 times (x 70B)
Class org.jetbrains.kotlin.compilerRunner.CompilerSystemPropertiesService$Companion$registerIfAbsent$2$1: loaded 2 times (x 79B)
Class org.jetbrains.kotlin.gradle.plugin.mpp.KotlinCompilationsKt$addSourcesToKotlinCompileTask$1: loaded 2 times (x 75B)
Class org.jetbrains.kotlin.gradle.internal.KotlinDependenciesManagementKt$configureDefaultVersionsResolutionStrategy$1$1: loaded 2 times (x 75B)
Class org.jetbrains.kotlin.gradle.utils.KotlinExtensionUtilsKt$forAllTargets$1        : loaded 2 times (x 95B)
Class org.jetbrains.kotlin.gradle.plugin.diagnostics.CheckKotlinGradlePluginConfigurationErrorsKt$locateOrRegisterCheckKotlinGradlePluginErrorsTask$taskProvider$1: loaded 2 times (x 75B)
Class org.jetbrains.kotlin.gradle.plugin.diagnostics.checkers.KmpPartiallyResolvedDependenciesChecker$runChecks$1: loaded 2 times (x 88B)
Class org.jetbrains.kotlin.gradle.plugin.diagnostics.checkers.OverriddenKotlinNativeHomeChecker$StdlibExistenceCheckerValueSource$Params: loaded 2 times (x 70B)
Class org.jetbrains.kotlin.gradle.dsl.PlatformSourceSetConventionsChecker$nativeTargetPresets$1$1: loaded 2 times (x 79B)
Class org.jetbrains.kotlin.gradle.tooling.BuildKotlinToolingMetadataTaskKt$buildKotlinToolingMetadataTask$1: loaded 2 times (x 78B)
Class org.jetbrains.kotlin.gradle.internal.Kapt3GradleSubplugin$Companion             : loaded 2 times (x 71B)
Class org.jetbrains.kotlin.gradle.plugin.mpp.compilationImpl.KotlinCreateCompilationArchiveTaskKt$KotlinRegisterCompilationArchiveTasksExtension$1: loaded 2 times (x 74B)
Class [Lorg.jetbrains.kotlin.statistics.metrics.NumberOverridePolicy;                 : loaded 2 times (x 69B)
Class org.jetbrains.kotlin.gradle.internal.properties.PropertiesBuildService$GradleProperty: loaded 2 times (x 70B)
Class org.jetbrains.kotlin.gradle.plugin.statistics.BuildFinishBuildService$Companion : loaded 2 times (x 71B)
Class org.jetbrains.kotlin.gradle.utils.StoredPropertyKt$projectStoredProperty$1      : loaded 2 times (x 78B)
Class org.objectweb.asm.AnnotationWriter                                              : loaded 2 times (x 79B)
Class com.google.common.cache.CacheStats                                              : loaded 2 times (x 71B)
Class org.jetbrains.kotlin.incremental.classpathDiff.impl.InlinedClassSnapshotter     : loaded 2 times (x 75B)
Class kotlin.sequences.SequencesKt___SequencesJvmKt                                   : loaded 2 times (x 71B)
Class kotlin.TuplesKt                                                                 : loaded 2 times (x 71B)
Class com.google.common.collect.ImmutableMultisetGwtSerializationDependencies         : loaded 2 times (x 125B)
Class com.google.common.collect.Interners                                             : loaded 2 times (x 71B)
Class com.google.common.io.Closer$Suppressor                                          : loaded 2 times (x 70B)
Class com.google.common.io.LineProcessor                                              : loaded 2 times (x 70B)
Class org.jetbrains.kotlin.gradle.tasks.K2MultiplatformStructure$RefinesEdge          : loaded 2 times (x 72B)
Class org.jetbrains.kotlin.gradle.plugin.mpp.SyncLanguageSettingsWithKotlinExtensionSetupActionKt$SyncLanguageSettingsWithKotlinExtensionSetupAction$1$1: loaded 2 times (x 75B)
Class org.jetbrains.kotlin.gradle.tasks.configuration.TaskConfigAction$configureTask$1: loaded 2 times (x 79B)
Class org.jetbrains.kotlin.gradle.dsl.abi.AbiValidationExtension                      : loaded 2 times (x 70B)
Class org.jetbrains.kotlin.gradle.plugin.diagnostics.checkers.DuplicateSourceSetChecker$runChecks$1: loaded 2 times (x 88B)
Class org.jetbrains.kotlin.gradle.dsl.JvmTarget                                       : loaded 2 times (x 79B)
Class org.jetbrains.kotlin.gradle.plugin.diagnostics.ToolingDiagnostic$Severity       : loaded 2 times (x 79B)
Class org.jetbrains.kotlin.gradle.internal.ClassLoadersCachingBuildService            : loaded 2 times (x 76B)
Class org.jetbrains.kotlin.gradle.plugin.internal.DefaultJavaExecTaskParametersCompatibility$Factory: loaded 2 times (x 76B)
Class org.jetbrains.kotlin.gradle.plugin.VariantImplementationFactoriesConfigurator$Companion: loaded 2 times (x 71B)
Class org.objectweb.asm.RecordComponentWriter                                         : loaded 2 times (x 78B)
Class com.google.common.util.concurrent.AbstractFuture$Listener                       : loaded 2 times (x 72B)
Class com.google.common.base.CharMatcher$Or                                           : loaded 2 times (x 112B)
Class Settings_gradle$1$1                                                             : loaded 2 times (x 74B)
Class org.jetbrains.kotlin.incremental.classpathDiff.impl.PrefixBasedSnapshotter$special$$inlined$sortedBy$1: loaded 2 times (x 89B)
Class kotlin.ranges.RangesKt                                                          : loaded 2 times (x 71B)
Class org.jetbrains.kotlin.build.report.metrics.GRADLE_TASK_ACTION                    : loaded 2 times (x 72B)
Class [Lorg.objectweb.asm.Label;                                                      : loaded 2 times (x 69B)
Class [Lorg.jetbrains.kotlin.compilerRunner.KotlinCompilerArgumentsLogLevel;          : loaded 2 times (x 69B)
Class org.jetbrains.kotlin.gradle.tasks.KotlinCompile_Decorated                       : loaded 2 times (x 607B)
Class org.jetbrains.kotlin.gradle.plugin.mpp.SyncLanguageSettingsWithKotlinExtensionSetupActionKt$SyncLanguageSettingsWithKotlinExtensionSetupAction$1$2: loaded 2 times (x 75B)
Class org.jetbrains.kotlin.gradle.plugin.internal.BuildIdService$Companion            : loaded 2 times (x 71B)
Class org.jetbrains.kotlin.gradle.plugin.diagnostics.checkers.OverriddenKotlinNativeHomeChecker$StdlibExistenceCheckerValueSource$Companion: loaded 2 times (x 71B)
Class org.jetbrains.kotlin.gradle.targets.js.dsl.KotlinWasmSubTargetContainerDsl      : loaded 2 times (x 70B)
Class org.jetbrains.kotlin.gradle.plugin.diagnostics.checkers.WasmWasiEnvironmentChecker$1: loaded 2 times (x 78B)
Class org.jetbrains.kotlin.gradle.plugin.diagnostics.checkers.DisabledCinteropCommonizationInHmppProjectChecker: loaded 2 times (x 74B)
Class org.jetbrains.kotlin.gradle.plugin.diagnostics.checkers.NoKotlinTargetsDeclaredChecker: loaded 2 times (x 74B)
Class org.jetbrains.kotlin.gradle.targets.jvm.KotlinJvmTargetTestFixturesSideEffectKt$ConfigureJavaTestFixturesSideEffect$1: loaded 2 times (x 74B)
Class org.jetbrains.kotlin.gradle.utils.StoredPropertyStorage                         : loaded 2 times (x 72B)
Class org.jetbrains.kotlin.gradle.plugin.KotlinSourceSetContainer                     : loaded 2 times (x 70B)
Class org.objectweb.asm.Attribute                                                     : loaded 2 times (x 77B)
Class com.google.common.base.Supplier                                                 : loaded 2 times (x 70B)
Class org.jetbrains.kotlin.cli.common.messages.CompilerMessageLocationWithRange       : loaded 2 times (x 80B)
Class org.gradle.internal.classloader.VisitableURLClassLoader                         : loaded 2 times (x 117B)
Class kotlin.collections.ArraysUtilJVM                                                : loaded 2 times (x 71B)
Class kotlin.reflect.jvm.internal.KClassImpl                                          : loaded 2 times (x 115B)
Class kotlin.jvm.functions.Function0                                                  : loaded 2 times (x 70B)
Class org.jetbrains.kotlin.gradle.targets.native.KonanPropertiesBuildService$Companion$registerIfAbsent$1: loaded 2 times (x 75B)
Class org.objectweb.asm.signature.SignatureWriter                                     : loaded 2 times (x 88B)
Class org.jetbrains.kotlin.gradle.plugin.statistics.plugins.ObservablePlugins         : loaded 2 times (x 79B)
Class org.jetbrains.kotlin.gradle.plugin.sources.InternalKotlinSourceSetKt$awaitPlatformCompilations$1: loaded 2 times (x 88B)
Class [Lorg.jetbrains.kotlin.gradle.plugin.sources.KotlinDependencyScope;             : loaded 2 times (x 69B)
Class org.jetbrains.kotlin.gradle.tasks.configuration.BaseKotlinCompileConfig$configureCommonParameters$1: loaded 2 times (x 74B)
Class org.jetbrains.kotlin.gradle.plugin.mpp.compilationImpl.factory.ConfigurationNaming: loaded 2 times (x 70B)
Class org.jetbrains.kotlin.gradle.plugin.mpp.compilationImpl.DefaultKotlinCompilationPostConfigureKt: loaded 2 times (x 71B)
Class org.jetbrains.kotlin.konan.target.KonanTarget$WATCHOS_X64                       : loaded 2 times (x 78B)
Class org.jetbrains.kotlin.gradle.plugin.diagnostics.KotlinGradleProjectCheckersRunnerKt: loaded 2 times (x 71B)
Class [Lorg.jetbrains.kotlin.tooling.core.HasExtras;                                  : loaded 2 times (x 69B)
Class org.jetbrains.kotlin.gradle.plugin.diagnostics.checkers.IncorrectCompileOnlyDependenciesChecker: loaded 2 times (x 74B)
Class org.jetbrains.kotlin.gradle.plugin.diagnostics.checkers.WasmWasiEnvironmentChecker$2: loaded 2 times (x 78B)
Class org.jetbrains.kotlin.gradle.dsl.DefaultToolchainSupport$wireToolchainToTasks$1$1: loaded 2 times (x 75B)
Class org.jetbrains.kotlin.gradle.internal.IdeaKt$isInIdeaEnvironment$1               : loaded 2 times (x 74B)
Class org.jetbrains.kotlin.gradle.plugin.statistics.FusUtilKt                         : loaded 2 times (x 71B)
Class org.jetbrains.kotlin.gradle.utils.SingleActionPerProject                        : loaded 2 times (x 73B)
Class org.jetbrains.kotlin.gradle.plugin.DefaultKotlinBasePlugin                      : loaded 2 times (x 82B)
Class org.gradle.internal.Cast                                                        : loaded 2 times (x 71B)
Class org.gradle.api.Action                                                           : loaded 2 times (x 70B)
Class kotlin.jvm.functions.Function1                                                  : loaded 2 times (x 70B)
Class com.google.common.collect.MapMakerInternalMap                                   : loaded 2 times (x 161B)
Class [Lorg.jetbrains.kotlin.gradle.plugin.mpp.KotlinUsageContext$MavenScope;         : loaded 2 times (x 69B)
Class org.jetbrains.kotlin.gradle.tasks.configuration.BaseKotlinCompileConfig$configureCommonParameters$2: loaded 2 times (x 75B)
Class org.jetbrains.kotlin.gradle.plugin.mpp.compilationImpl.KotlinCompilationCompilerOptionsFromTargetConfigurator: loaded 2 times (x 74B)
Class [Lorg.jetbrains.kotlin.gradle.plugin.mpp.compilationImpl.DefaultKotlinCompilationFriendPathsResolver$FriendArtifactResolver;: loaded 2 times (x 69B)
Class com.google.common.base.Strings                                                  : loaded 2 times (x 71B)
Class org.jetbrains.kotlin.gradle.utils.FailuresKt$ideaSyncClasspathModeUtil$1        : loaded 2 times (x 72B)
Class org.jetbrains.kotlin.gradle.artifacts.KotlinJsKlibArtifactKt                    : loaded 2 times (x 71B)
Class org.jetbrains.kotlin.gradle.dsl.KotlinTargetContainerWithWasmPresetFunctions    : loaded 2 times (x 70B)
Class org.jetbrains.kotlin.gradle.internal.IdeaKt$isInIdeaEnvironment$2               : loaded 2 times (x 74B)
Class org.jetbrains.kotlin.gradle.plugin.GradleUtilsKt                                : loaded 2 times (x 71B)
Class org.jetbrains.kotlin.gradle.internal.properties.PropertiesBuildService$Params$Inject_: loaded 2 times (x 106B)
Class org.jetbrains.kotlin.gradle.internal.properties.PropertiesBuildService          : loaded 2 times (x 76B)
Class org.jetbrains.kotlin.gradle.plugin.BuildFinishedListenerService$Companion$registerIfAbsent$1$1$1: loaded 2 times (x 75B)
Class com.google.common.collect.Sets                                                  : loaded 2 times (x 71B)
Class org.objectweb.asm.Handler                                                       : loaded 2 times (x 72B)
Class com.google.common.base.Ticker                                                   : loaded 2 times (x 72B)
Class com.google.common.base.CharMatcher$FastMatcher                                  : loaded 2 times (x 111B)
Class jdk.internal.jimage.decompressor.ZipDecompressor                                : loaded 2 times (x 75B)
Class kotlin.jvm.functions.Function2                                                  : loaded 2 times (x 70B)
Class org.jetbrains.kotlin.gradle.tasks.KotlinCompile$javaSources$1                   : loaded 2 times (x 75B)
Class org.jetbrains.kotlin.incremental.IncrementalCompilationFeatures                 : loaded 2 times (x 71B)
Class org.jetbrains.kotlin.gradle.plugin.KotlinTarget$DefaultImpls                    : loaded 2 times (x 71B)
Class org.jetbrains.kotlin.gradle.plugin.mpp.compilationImpl.KotlinCreateCompilationArchiveTaskKt: loaded 2 times (x 71B)
Class org.jetbrains.kotlin.tooling.core.MutableExtrasImpl                             : loaded 2 times (x 165B)
Class org.jetbrains.kotlin.gradle.plugin.diagnostics.KotlinToolingDiagnosticsCollector: loaded 2 times (x 76B)
Class org.jetbrains.kotlin.gradle.plugin.statistics.KotlinBuildStatsMXBean            : loaded 2 times (x 70B)
Class org.jetbrains.kotlin.gradle.utils.FileUtilsKt                                   : loaded 2 times (x 71B)
Class [Lcom.google.common.cache.LocalCache$Segment;                                   : loaded 2 times (x 69B)
Class [Lcom.google.common.cache.LocalCache$Strength;                                  : loaded 2 times (x 69B)
Class com.google.common.cache.CacheBuilder$1                                          : loaded 2 times (x 85B)
Class com.google.common.base.Predicate                                                : loaded 2 times (x 70B)
Class com.google.common.collect.ImmutableMap                                          : loaded 2 times (x 120B)
Class org.gradle.internal.classpath.DefaultClassPath$ImmutableUniqueList$Builder      : loaded 2 times (x 75B)
Class org.jetbrains.kotlin.incremental.classpathDiff.impl.ClassListSnapshotterWithInlinedClassSupport: loaded 2 times (x 75B)
Class kotlin.jvm.functions.Function3                                                  : loaded 2 times (x 70B)
Class kotlin.collections.MapsKt___MapsJvmKt                                           : loaded 2 times (x 71B)
Class kotlin.reflect.jvm.internal.KDeclarationContainerImpl$Data                      : loaded 2 times (x 72B)
Class com.google.common.collect.MapMakerInternalMap$WeakValueReference                : loaded 2 times (x 70B)
Class org.jetbrains.kotlin.gradle.plugin.PropertiesProvider$propertyWithValueReporting$1: loaded 2 times (x 75B)
Class org.jetbrains.kotlin.gradle.plugin.mpp.KotlinCompilationFactory$DefaultImpls    : loaded 2 times (x 71B)
Class com.google.common.collect.AbstractRangeSet                                      : loaded 2 times (x 114B)
Class org.jetbrains.kotlin.gradle.plugin.diagnostics.checkers.InternalGradlePropertiesUsageChecker: loaded 2 times (x 74B)
Class org.jetbrains.kotlin.gradle.plugin.mpp.compilationImpl.CreateCInteropTasksSideEffectKt: loaded 2 times (x 71B)
Class org.jetbrains.kotlin.gradle.testing.internal.KotlinTestsRegistry$Companion      : loaded 2 times (x 71B)
Class org.jetbrains.kotlin.gradle.dsl.KotlinCommonCompilerToolOptions                 : loaded 2 times (x 70B)
Class org.jetbrains.kotlin.gradle.internal.properties.PropertiesBuildService$Companion$registerIfAbsent$1: loaded 2 times (x 75B)
Class org.jetbrains.kotlin.gradle.plugin.internal.DefaultConfigurationCacheStartParameterAccessorVariantFactory: loaded 2 times (x 76B)
Class com.google.common.cache.LocalCache                                              : loaded 2 times (x 187B)
Class com.google.common.cache.CacheBuilder$2                                          : loaded 2 times (x 79B)
Class com.google.common.base.CharMatcher$NegatedFastMatcher                           : loaded 2 times (x 113B)
Class org.jetbrains.kotlin.incremental.classpathDiff.impl.BasicClassInfo$Companion    : loaded 2 times (x 71B)
Class org.jetbrains.kotlin.incremental.classpathDiff.impl.ClassMultiHashProvider      : loaded 2 times (x 70B)
Class kotlin.reflect.jvm.internal.impl.builtins.PrimitiveType$Companion               : loaded 2 times (x 71B)
Class kotlin.jvm.functions.Function4                                                  : loaded 2 times (x 70B)
Class kotlin.collections.CollectionsKt___CollectionsKt                                : loaded 2 times (x 71B)
Class kotlin.reflect.jvm.internal.KClassImpl$Data                                     : loaded 2 times (x 72B)
Class org.jetbrains.kotlin.gradle.plugin.diagnostics.checkers.AndroidPublicationNotConfiguredChecker: loaded 2 times (x 74B)
Class org.jetbrains.kotlin.build.report.metrics.BuildPerformanceMetrics$Companion     : loaded 2 times (x 71B)
Class org.jetbrains.kotlin.gradle.utils.Completable$await$1                           : loaded 2 times (x 88B)
Class org.jetbrains.kotlin.gradle.plugin.mpp.compilationImpl.DefaultKotlinCompilationSourceSetsContainer$source$1: loaded 2 times (x 79B)
Class org.jetbrains.kotlin.gradle.internal.KotlinTestDependencyManagementKt           : loaded 2 times (x 71B)
Class [Lorg.jetbrains.kotlin.gradle.plugin.sources.ConsistencyCheck;                  : loaded 2 times (x 69B)
Class org.jetbrains.kotlin.konan.target.KonanTarget$ANDROID_X64                       : loaded 2 times (x 78B)
Class org.jetbrains.kotlin.gradle.plugin.statistics.FlowActionBuildFusService$Companion: loaded 2 times (x 71B)
Class org.jetbrains.kotlin.gradle.report.ReportingSettings                            : loaded 2 times (x 72B)
Class org.jetbrains.kotlin.statistics.metrics.StringAnonymizationPolicy$ComponentVersionAnonymizer: loaded 2 times (x 78B)
Class com.google.common.collect.ArrayListMultimap                                     : loaded 2 times (x 172B)
Class com.google.common.cache.CacheBuilder$3                                          : loaded 2 times (x 72B)
Class [Lcom.google.common.collect.AbstractMapEntry;                                   : loaded 2 times (x 69B)
Class com.google.common.collect.ImmutableEntry                                        : loaded 2 times (x 82B)
Class org.jetbrains.kotlin.gradle.plugin.KotlinBasePluginWrapper                      : loaded 2 times (x 86B)
Class org.gradle.api.GradleException                                                  : loaded 2 times (x 82B)
Class kotlin.text.StringsKt___StringsJvmKt                                            : loaded 2 times (x 71B)
Class kotlin.jvm.functions.Function5                                                  : loaded 2 times (x 70B)
Class kotlin.reflect.KDeclarationContainer                                            : loaded 2 times (x 70B)
Class com.google.common.base.Suppliers$MemoizingSupplier                              : loaded 2 times (x 79B)
Class org.jetbrains.kotlin.gradle.plugin.diagnostics.KotlinToolingDiagnostics$JsEnvironmentNotChosenExplicitly: loaded 2 times (x 73B)
Class org.jetbrains.kotlin.gradle.plugin.ProjectLocalConfigurations$ProjectLocalCompatibility: loaded 2 times (x 76B)
Class org.jetbrains.kotlin.gradle.dsl.JvmDefaultMode                                  : loaded 2 times (x 79B)
Class org.jetbrains.kotlin.gradle.dsl.KotlinJvmCompilerOptions                        : loaded 2 times (x 70B)
Class org.jetbrains.kotlin.gradle.plugin.internal.DefaultMavenPublicationComponentAccessor: loaded 2 times (x 75B)
Class org.jetbrains.kotlin.gradle.plugin.statistics.BuildFinishBuildService           : loaded 2 times (x 84B)
Class org.jetbrains.kotlin.gradle.plugin.internal.DefaultProjectIsolationStartParameterAccessor$Factory: loaded 2 times (x 76B)
Class com.google.common.collect.CollectPreconditions                                  : loaded 2 times (x 71B)
Class jdk.internal.jimage.ImageStrings                                                : loaded 2 times (x 70B)
Class kotlin.io.FilesKt                                                               : loaded 2 times (x 71B)
Class kotlin.jvm.functions.Function6                                                  : loaded 2 times (x 70B)
Class kotlin.collections.MapsKt___MapsKt                                              : loaded 2 times (x 71B)
Class kotlin.collections.ArraysKt___ArraysKt                                          : loaded 2 times (x 71B)
Class kotlin.reflect.jvm.internal.KTypeParameterOwnerImpl                             : loaded 2 times (x 70B)
Class build_7cau6cz627olkpiafmbiu2kg5                                                 : loaded 2 times (x 172B)
Class [Lcom.google.common.collect.MapMakerInternalMap$Strength;                       : loaded 2 times (x 69B)
Class [Lcom.google.common.io.FileWriteMode;                                           : loaded 2 times (x 69B)
Class org.jetbrains.kotlin.buildtools.api.SourcesChanges                              : loaded 2 times (x 70B)
Class org.jetbrains.kotlin.gradle.plugin.KotlinPluginLifecycleImpl$launch$1           : loaded 2 times (x 79B)
Class org.jetbrains.kotlin.gradle.plugin.diagnostics.checkers.GradleDeprecatedPropertyChecker$DeprecatedProperty: loaded 2 times (x 72B)
Class org.jetbrains.kotlin.gradle.utils.Completable                                   : loaded 2 times (x 72B)
Class org.jetbrains.kotlin.konan.target.HostManager$Companion$targetAliases$2         : loaded 2 times (x 78B)
Class org.jetbrains.kotlin.gradle.plugin.DefaultKotlinBasePlugin$addKotlinCompilerConfiguration$2$1: loaded 2 times (x 75B)
Class org.jetbrains.kotlin.gradle.plugin.statistics.KotlinBuildStatsServicesRegistry$Companion: loaded 2 times (x 71B)
Class org.jetbrains.kotlin.gradle.plugin.internal.DefaultCompatibilityConventionRegistrar$Factory: loaded 2 times (x 76B)
Class com.google.common.collect.SortedMapDifference                                   : loaded 2 times (x 70B)
Class kotlin.jvm.functions.Function7                                                  : loaded 2 times (x 70B)
Class kotlin.collections.MapsKt__MapWithDefaultKt                                     : loaded 2 times (x 71B)
Class kotlin.reflect.jvm.internal.impl.name.Name                                      : loaded 2 times (x 75B)
Class kotlin.reflect.jvm.internal.KPropertyImpl$Companion                             : loaded 2 times (x 71B)
Class com.google.common.cache.LocalCache$WriteThroughEntry                            : loaded 2 times (x 79B)
Class com.google.common.cache.LocalCache$HashIterator                                 : loaded 2 times (x 86B)
Class com.google.common.collect.MapMakerInternalMap$StrongKeyDummyValueSegment        : loaded 2 times (x 142B)
Class com.google.common.io.Files                                                      : loaded 2 times (x 71B)
Class org.jetbrains.kotlin.gradle.tasks.DefaultKotlinJavaToolchain$DefaultJdkSetter   : loaded 2 times (x 76B)
Class org.jetbrains.kotlin.compilerRunner.CompilerSystemPropertiesService$Companion   : loaded 2 times (x 71B)
Class org.jetbrains.kotlin.gradle.plugin.diagnostics.checkers.IncorrectCompileOnlyDependenciesChecker$runChecks$1: loaded 2 times (x 88B)
Class org.jetbrains.kotlin.gradle.plugin.mpp.KotlinOnlyTarget                         : loaded 2 times (x 153B)
Class org.jetbrains.kotlin.gradle.targets.js.npm.BaseNpmDependencyExtension           : loaded 2 times (x 70B)
Class org.jetbrains.kotlin.gradle.dsl.KotlinVersion$Companion                         : loaded 2 times (x 71B)
Class org.jetbrains.kotlin.gradle.InternalKotlinGradlePluginApi                       : loaded 2 times (x 70B)
Class org.jetbrains.kotlin.gradle.targets.ConfigureNonPackedKlibConsumingSideEffectKt$ConfigureNonPackedKlibConsumingSideEffect$1: loaded 2 times (x 74B)
Class org.jetbrains.kotlin.gradle.dsl.DefaultToolchainSupport                         : loaded 2 times (x 76B)
Class org.jetbrains.kotlin.gradle.plugin.diagnostics.DiagnosticGroup$Base             : loaded 2 times (x 81B)
Class org.jetbrains.kotlin.gradle.plugin.VariantImplementationFactories$Inject_       : loaded 2 times (x 106B)
Class org.jetbrains.kotlin.gradle.plugin.internal.CustomPropertiesFileValueSource     : loaded 2 times (x 82B)
Class com.google.common.cache.LocalCache$EntryFactory                                 : loaded 2 times (x 83B)
Class kotlin.text.StringsKt___StringsKt                                               : loaded 2 times (x 71B)
Class kotlin.jvm.functions.Function8                                                  : loaded 2 times (x 70B)
Class kotlin.collections.CollectionsKt__MutableCollectionsJVMKt                       : loaded 2 times (x 71B)
Class kotlin.reflect.jvm.internal.impl.name.FqNameUnsafe                              : loaded 2 times (x 72B)
Class kotlin.enums.EnumEntriesKt                                                      : loaded 2 times (x 71B)
Class [Lcom.google.common.collect.MapMaker$Dummy;                                     : loaded 2 times (x 69B)
Class org.jetbrains.kotlin.gradle.tasks.TaskOutputsBackup                             : loaded 2 times (x 72B)
Class org.jetbrains.kotlin.gradle.plugin.cocoapods.KotlinCocoapodsPlugin              : loaded 2 times (x 76B)
Class org.jetbrains.kotlin.gradle.internal.CompilerOptionsDslHelpersKt                : loaded 2 times (x 71B)
Class org.jetbrains.kotlin.gradle.tasks.configuration.AbstractKotlinCompileConfigKt   : loaded 2 times (x 71B)
Class org.jetbrains.kotlin.gradle.internal.StdlibDependencyManagementKt$configureStdlibVersionAlignment$1$1: loaded 2 times (x 75B)
Class org.jetbrains.kotlin.gradle.dsl.KotlinProjectExtension$awaitSourceSets$1        : loaded 2 times (x 88B)
Class org.jetbrains.kotlin.gradle.plugin.KotlinPluginLifecycle$CoroutineStart         : loaded 2 times (x 79B)
Class org.jetbrains.kotlin.gradle.tasks.TasksProviderKt$sam$org_gradle_api_Action$0   : loaded 2 times (x 75B)
Class org.jetbrains.kotlin.gradle.tooling.BuildKotlinToolingMetadataTask$FromKotlinExtension: loaded 2 times (x 314B)
Class org.jetbrains.kotlin.gradle.utils.FailuresKt                                    : loaded 2 times (x 71B)
Class org.jetbrains.kotlin.gradle.targets.native.internal.CInteropConfigurationsKt$special$$inlined$KotlinTargetSideEffect$1: loaded 2 times (x 74B)
Class org.jetbrains.kotlin.konan.target.Family                                        : loaded 2 times (x 79B)
Class org.jetbrains.kotlin.gradle.plugin.diagnostics.DiagnosticGroup                  : loaded 2 times (x 70B)
Class org.jetbrains.kotlin.gradle.internal.properties.NativePropertiesLoader$konanDataDirProperty$1: loaded 2 times (x 75B)
Class org.jetbrains.kotlin.gradle.plugin.KotlinGradleBuildServices$Inject_            : loaded 2 times (x 100B)
Class org.jetbrains.kotlin.gradle.plugin.KotlinGradleBuildServices$Companion$registerIfAbsent$2$1: loaded 2 times (x 79B)
Class org.jetbrains.kotlin.gradle.plugin.statistics.BuildFusService$Parameters_Decorated: loaded 2 times (x 139B)
Class org.jetbrains.kotlin.gradle.plugin.VariantImplementationFactoriesConfigurator$Inject_: loaded 2 times (x 96B)
Class org.jetbrains.kotlin.tooling.core.HasMutableExtras                              : loaded 2 times (x 70B)
Class com.google.common.cache.LocalCache$AbstractReferenceEntry                       : loaded 2 times (x 107B)
Class org.jetbrains.kotlin.cli.common.arguments.CommonCompilerArgumentsConfigurator   : loaded 2 times (x 74B)
Class org.gradle.internal.IoActions                                                   : loaded 2 times (x 71B)
Class org.jetbrains.kotlin.build.report.metrics.LOAD_CONTENTS_OF_CLASSES              : loaded 2 times (x 72B)
Class kotlin.jvm.functions.Function10                                                 : loaded 2 times (x 70B)
Class kotlin.jvm.functions.Function9                                                  : loaded 2 times (x 70B)
Class [Lkotlin.LazyThreadSafetyMode;                                                  : loaded 2 times (x 69B)
Class [Lkotlin.reflect.KClassifier;                                                   : loaded 2 times (x 69B)
Class kotlin.reflect.jvm.internal.EmptyContainerForLocal                              : loaded 2 times (x 84B)
Class com.google.common.collect.ImmutableMapKeySet                                    : loaded 2 times (x 152B)
Class org.jetbrains.kotlin.gradle.internal.Kapt3KotlinGradleSubpluginKt               : loaded 2 times (x 71B)
Class org.jetbrains.kotlin.gradle.dsl.KotlinJvmCompile                                : loaded 2 times (x 70B)
Class com.google.common.collect.ImmutableRangeSet$ComplementRanges                    : loaded 2 times (x 207B)
Class org.jetbrains.kotlin.konan.target.KonanTarget$LINUX_ARM32_HFP                   : loaded 2 times (x 78B)
Class org.jetbrains.kotlin.gradle.internal.Kapt3GradleSubplugin                       : loaded 2 times (x 82B)
Class org.jetbrains.kotlin.gradle.plugin.diagnostics.checkers.CInteropInputChecker    : loaded 2 times (x 74B)
Class org.jetbrains.kotlin.gradle.targets.native.internal.CInteropConfigurationsKt$special$$inlined$KotlinTargetSideEffect$2: loaded 2 times (x 74B)
Class org.jetbrains.kotlin.gradle.plugin.statistics.FinalizeConfigurationFusMetricActionKt$FinalizeConfigurationFusMetricAction$1: loaded 2 times (x 95B)
Class org.jetbrains.kotlin.gradle.internal.KotlinDependenciesManagementKt$CustomizeKotlinDependenciesSetupAction$1: loaded 2 times (x 74B)
Class org.jetbrains.kotlin.gradle.plugin.KotlinGradlePluginExtensionPointInternal$registeredExtensions$2: loaded 2 times (x 78B)
Class org.jetbrains.kotlin.statistics.metrics.BooleanOverridePolicy$OR                : loaded 2 times (x 85B)
Class org.jetbrains.kotlin.gradle.plugin.UsesVariantImplementationFactories           : loaded 2 times (x 70B)
Class org.objectweb.asm.SymbolTable                                                   : loaded 2 times (x 72B)
Class com.google.common.cache.CacheLoader$InvalidCacheLoadException                   : loaded 2 times (x 82B)
Class com.google.common.collect.ImmutableSet$RegularSetBuilderImpl                    : loaded 2 times (x 77B)
Class org.gradle.internal.classloader.SystemClassLoaderSpec                           : loaded 2 times (x 71B)
Class org.jetbrains.kotlin.build.report.metrics.SNAPSHOT_CLASSES                      : loaded 2 times (x 72B)
Class org.jetbrains.kotlin.incremental.classpathDiff.DirectoryOrJarReader$Companion   : loaded 2 times (x 71B)
Class kotlin.jvm.functions.Function11                                                 : loaded 2 times (x 70B)
Class kotlin.reflect.KAnnotatedElement                                                : loaded 2 times (x 70B)
Class kotlin.jvm.internal.Intrinsics                                                  : loaded 2 times (x 71B)
Class org.jetbrains.kotlin.gradle.plugin.diagnostics.DefaultProblemsReporter_Decorated: loaded 2 times (x 119B)
Class org.jetbrains.kotlin.gradle.tasks.configuration.BaseKotlinCompileConfig$1$1     : loaded 2 times (x 75B)
Class org.jetbrains.kotlin.gradle.plugin.mpp.compilationImpl.factory.KotlinCompilationImplFactory$PostConfigure: loaded 2 times (x 70B)
Class org.jetbrains.kotlin.gradle.tasks.abi.KotlinLegacyAbiDumpTask                   : loaded 2 times (x 70B)
Class org.jetbrains.kotlin.gradle.utils.KotlinExtensionUtilsKt                        : loaded 2 times (x 71B)
Class [Lorg.jetbrains.kotlin.konan.util.Named;                                        : loaded 2 times (x 69B)
Class org.jetbrains.kotlin.gradle.plugin.diagnostics.checkers.NoKotlinTargetsDeclaredChecker$runChecks$1: loaded 2 times (x 88B)
Class org.jetbrains.kotlin.gradle.plugin.mpp.AbstractKotlinTarget$kotlinComponents$2  : loaded 2 times (x 79B)
Class org.jetbrains.kotlin.gradle.plugin.KotlinPlatformType$CompatibilityRule         : loaded 2 times (x 76B)
Class org.jetbrains.kotlin.gradle.internal.properties.NativePropertiesLoader$actualNativeHomeDirectory$1: loaded 2 times (x 75B)
Class org.jetbrains.kotlin.gradle.internal.properties.NativePropertiesKt              : loaded 2 times (x 71B)
Class [Lorg.jetbrains.kotlin.statistics.metrics.BooleanOverridePolicy;                : loaded 2 times (x 69B)
Class org.jetbrains.kotlin.gradle.plugin.BuildEventsListenerRegistryHolder            : loaded 2 times (x 72B)
Class com.google.common.cache.LocalCache$StrongEntry                                  : loaded 2 times (x 108B)
Class com.google.common.util.concurrent.AbstractFuture$TrustedFuture                  : loaded 2 times (x 114B)
Class com.google.common.cache.LoadingCache                                            : loaded 2 times (x 70B)
Class kotlin.jvm.functions.Function12                                                 : loaded 2 times (x 70B)
Class kotlin.collections.MapsKt                                                       : loaded 2 times (x 71B)
Class kotlin.collections.CollectionsKt__IterablesKt                                   : loaded 2 times (x 71B)
Class com.google.common.io.LineReader                                                 : loaded 2 times (x 72B)
Class com.google.common.base.Suppliers$NonSerializableMemoizingSupplier               : loaded 2 times (x 79B)
Class com.google.common.io.ByteStreams$LimitedInputStream                             : loaded 2 times (x 92B)
Class org.jetbrains.kotlin.gradle.tasks.GradleCompileTaskProvider                     : loaded 2 times (x 72B)
Class org.jetbrains.kotlin.gradle.plugin.mpp.KotlinTargetSoftwareComponentImplKt$KotlinTargetSoftwareComponent$1: loaded 2 times (x 95B)
Class org.jetbrains.kotlin.gradle.tasks.configuration.BaseKotlinCompileConfig$registerBuildToolsApiTransformations$1: loaded 2 times (x 79B)
Class org.jetbrains.kotlin.gradle.tasks.configuration.AbstractKotlinCompileConfigKt$sam$org_gradle_api_Action$0: loaded 2 times (x 75B)
Class org.jetbrains.kotlin.gradle.plugin.internal.BuildIdService                      : loaded 2 times (x 76B)
Class org.jetbrains.kotlin.gradle.plugin.mpp.compilationImpl.factory.KotlinCompilationDependencyConfigurationsFactoriesKt: loaded 2 times (x 71B)
Class org.jetbrains.kotlin.gradle.plugin.mpp.compilationImpl.DefaultKotlinCompilationFriendPathsResolver: loaded 2 times (x 75B)
Class org.jetbrains.kotlin.gradle.plugin.diagnostics.checkers.KmpPartiallyResolvedDependenciesCheckerKt: loaded 2 times (x 71B)
Class org.jetbrains.kotlin.gradle.plugin.diagnostics.checkers.WasmSourceSetsNotFoundChecker$runChecks$1: loaded 2 times (x 88B)
Class org.jetbrains.kotlin.konan.target.KonanTarget$IOS_SIMULATOR_ARM64               : loaded 2 times (x 78B)
Class org.jetbrains.kotlin.gradle.targets.jvm.KotlinJvmCompilationWireJavaSourcesSideEffectKt: loaded 2 times (x 71B)
Class org.jetbrains.kotlin.gradle.plugin.mpp.compilationImpl.KotlinCreateCompilationArchiveTaskKt$KotlinCreateCompilationArchivesTask$1: loaded 2 times (x 74B)
Class org.jetbrains.kotlin.gradle.dsl.KotlinVersion                                   : loaded 2 times (x 79B)
Class org.jetbrains.kotlin.gradle.internal.properties.NativePropertiesLoader$actualNativeHomeDirectory$2: loaded 2 times (x 74B)
Class org.jetbrains.kotlin.gradle.utils.StoredPropertyKt                              : loaded 2 times (x 71B)
Class org.objectweb.asm.MethodWriter                                                  : loaded 2 times (x 106B)
Class [Lcom.google.common.cache.Weigher;                                              : loaded 2 times (x 69B)
Class com.google.common.collect.RegularImmutableMap$BucketOverflowException           : loaded 2 times (x 82B)
Class jdk.internal.jrtfs.JrtFileSystem                                                : loaded 2 times (x 102B)
Class kotlin.jvm.functions.Function13                                                 : loaded 2 times (x 70B)
Class kotlin.KotlinNullPointerException                                               : loaded 2 times (x 83B)
Class com.google.common.collect.ImmutableMultimap$1                                   : loaded 2 times (x 82B)
Class com.google.common.collect.AbstractMapBasedMultimap$RandomAccessWrappedList      : loaded 2 times (x 205B)
Class org.jetbrains.kotlin.gradle.internal.build.SourcesUtilsKt                       : loaded 2 times (x 71B)
Class org.jetbrains.kotlin.gradle.plugin.sources.KotlinDependencyScope$Companion      : loaded 2 times (x 71B)
Class org.jetbrains.kotlin.gradle.tasks.configuration.BaseKotlinCompileConfig$registerBuildToolsApiTransformations$2: loaded 2 times (x 79B)
Class org.jetbrains.kotlin.gradle.tasks.KotlinJvmCompile                              : loaded 2 times (x 70B)
Class org.jetbrains.kotlin.gradle.plugin.mpp.compilationImpl.KotlinCompilationSourceSetsContainerKt: loaded 2 times (x 71B)
Class org.jetbrains.kotlin.gradle.plugin.KotlinPluginLifecycleKt$launchInStage$1      : loaded 2 times (x 95B)
Class org.jetbrains.kotlin.gradle.targets.NativeForwardImplementationToApiElementsSideEffectKt: loaded 2 times (x 71B)
Class org.jetbrains.kotlin.gradle.tasks.publishing.HelpersKt$addPgpSignatureHelpers$1 : loaded 2 times (x 75B)
Class org.jetbrains.kotlin.gradle.internal.properties.NativePropertiesLoader$actualNativeHomeDirectory$3: loaded 2 times (x 75B)
Class org.jetbrains.kotlin.gradle.report.BuildReportMode                              : loaded 2 times (x 79B)
Class org.jetbrains.kotlin.statistics.metrics.StringAnonymizationPolicy$RegexControlled: loaded 2 times (x 79B)
Class org.jetbrains.kotlin.statistics.ValueAnonymizer                                 : loaded 2 times (x 70B)
Class org.jetbrains.kotlin.gradle.plugin.VariantImplementationFactories$Companion$getProvider$2$1$1: loaded 2 times (x 75B)
Class org.jetbrains.kotlin.gradle.plugin.internal.ProjectIsolationStartParameterAccessor$Factory: loaded 2 times (x 70B)
Class org.jetbrains.kotlin.cli.common.CompilerSystemProperties$Companion              : loaded 2 times (x 71B)
Class jdk.internal.jimage.decompressor.CompressedResourceHeader                       : loaded 2 times (x 71B)
Class kotlin.ranges.RangesKt___RangesKt                                               : loaded 2 times (x 71B)
Class kotlin.jvm.functions.Function14                                                 : loaded 2 times (x 70B)
Class com.google.common.collect.AbstractIterator$State                                : loaded 2 times (x 79B)
Class com.google.common.collect.ImmutableMultimap$2                                   : loaded 2 times (x 81B)
Class org.jetbrains.kotlin.gradle.tasks.DefaultKotlinJavaToolchain$javaExecutable$1   : loaded 2 times (x 75B)
Class org.jetbrains.kotlin.build.report.metrics.BuildAttribute                        : loaded 2 times (x 79B)
Class com.google.common.collect.RegularImmutableBiMap                                 : loaded 2 times (x 149B)
Class org.jetbrains.kotlin.gradle.plugin.mpp.compilationImpl.KotlinCompilationRegisterInSourceSetsConfigurator: loaded 2 times (x 74B)
Class org.jetbrains.kotlin.gradle.plugin.mpp.compilationImpl.factory.DefaultKotlinCompilationTaskNamesContainerFactory: loaded 2 times (x 74B)
Class org.jetbrains.kotlin.gradle.plugin.mpp.compilationImpl.DefaultKotlinCompilationFriendPathsResolver$FriendArtifactResolver$Companion: loaded 2 times (x 71B)
Class org.jetbrains.kotlin.gradle.targets.native.internal.CommonizerTasksKt           : loaded 2 times (x 71B)
Class [Lorg.jetbrains.kotlin.gradle.targets.js.npm.NpmDependency$Scope;               : loaded 2 times (x 69B)
Class org.jetbrains.kotlin.gradle.plugin.KotlinCompilerPluginSupportPlugin            : loaded 2 times (x 70B)
Class org.jetbrains.kotlin.gradle.plugin.mpp.AbstractKotlinTarget$components$2        : loaded 2 times (x 79B)
Class org.jetbrains.kotlin.gradle.targets.CreateNonPackedKlibVariantsSideEffectKt$CreateNonPackedKlibVariantsSideEffect$1: loaded 2 times (x 74B)
Class org.jetbrains.kotlin.gradle.plugin.mpp.KotlinUsages$setupAttributesMatchingStrategy$1: loaded 2 times (x 74B)
Class org.jetbrains.kotlin.gradle.plugin.KotlinGradleBuildServices$Companion$registerIfAbsent$2$1$1: loaded 2 times (x 75B)
Class org.jetbrains.kotlin.gradle.plugin.statistics.BuildFinishBuildService$Parameters$Inject_: loaded 2 times (x 114B)
Class org.jetbrains.kotlin.gradle.internal.diagnostics.AgpCompatibilityCheck$runAgpCompatibilityCheckIfAgpIsApplied$1$1: loaded 2 times (x 75B)
Class org.jetbrains.kotlin.gradle.utils.AndroidPluginIdsKt                            : loaded 2 times (x 71B)
Class com.google.common.cache.LocalCache$ValueReference                               : loaded 2 times (x 70B)
Class com.google.common.base.CharMatcher$Negated                                      : loaded 2 times (x 113B)
Class com.google.common.base.CharMatcher$Is                                           : loaded 2 times (x 111B)
Class org.jetbrains.kotlin.gradle.plugin.KotlinBasePlugin                             : loaded 2 times (x 70B)
Class kotlin.jvm.functions.Function15                                                 : loaded 2 times (x 70B)
Class kotlin.collections.ArraysKt                                                     : loaded 2 times (x 71B)
Class org.jetbrains.kotlin.gradle.tasks.internal.KotlinJvmOptionsCompat               : loaded 2 times (x 101B)
Class kotlin.NotImplementedError                                                      : loaded 2 times (x 82B)
Class com.google.common.base.PatternCompiler                                          : loaded 2 times (x 70B)
Class org.jetbrains.kotlin.gradle.dsl.abi.AbiFiltersSpec                              : loaded 2 times (x 70B)
Class org.jetbrains.kotlin.gradle.utils.FutureKt                                      : loaded 2 times (x 71B)
Class org.jetbrains.kotlin.gradle.targets.native.internal.PlatformLibrariesGenerator$GeneratedPlatformLibrariesService: loaded 2 times (x 76B)
Class org.jetbrains.kotlin.gradle.logging.GradleLoggingUtilsKt                        : loaded 2 times (x 71B)
Class com.google.common.util.concurrent.AbstractFuture$Failure                        : loaded 2 times (x 72B)
Class com.google.common.base.Equivalence$Equals                                       : loaded 2 times (x 82B)
Class com.google.common.collect.Hashing                                               : loaded 2 times (x 71B)
Class com.google.common.base.Preconditions                                            : loaded 2 times (x 71B)
Class org.jetbrains.kotlin.gradle.plugin.KotlinAndroidPluginWrapper                   : loaded 2 times (x 86B)
Class kotlin.collections.SetsKt__SetsKt                                               : loaded 2 times (x 71B)
Class kotlin.jvm.functions.Function16                                                 : loaded 2 times (x 70B)
Class kotlin.LazyKt                                                                   : loaded 2 times (x 71B)
Class com.google.common.io.CharSink                                                   : loaded 2 times (x 79B)
Class org.jetbrains.kotlin.compilerRunner.GradleCompilerRunner$Companion              : loaded 2 times (x 71B)
Class com.google.common.base.Joiner$1                                                 : loaded 2 times (x 80B)
Class [Lorg.jetbrains.kotlin.gradle.dsl.PlatformSourceSetConventionsChecker$CheckedPlatformInfo;: loaded 2 times (x 69B)
Class org.jetbrains.kotlin.gradle.plugin.diagnostics.KotlinGradleProjectCheckerContext: loaded 2 times (x 72B)
Class org.jetbrains.kotlin.gradle.plugin.diagnostics.checkers.DuplicateSourceSetChecker: loaded 2 times (x 74B)
Class org.jetbrains.kotlin.gradle.targets.KotlinTargetSideEffect                      : loaded 2 times (x 70B)
Class org.jetbrains.kotlin.gradle.plugin.DefaultKotlinBasePlugin$setupAttributeMatchingStrategy$1$1: loaded 2 times (x 79B)
Class org.jetbrains.kotlin.gradle.plugin.diagnostics.ToolingDiagnosticFactory         : loaded 2 times (x 73B)
Class org.jetbrains.kotlin.statistics.metrics.NumericalMetrics$Companion              : loaded 2 times (x 71B)
Class [Lorg.jetbrains.kotlin.statistics.metrics.NumberAnonymizationPolicy;            : loaded 2 times (x 69B)
Class org.jetbrains.kotlin.statistics.metrics.NumberOverridePolicy$OVERRIDE           : loaded 2 times (x 85B)
Class org.jetbrains.kotlin.gradle.internal.properties.PropertiesBuildService$property$1: loaded 2 times (x 79B)
Class org.objectweb.asm.Label                                                         : loaded 2 times (x 73B)
Class org.objectweb.asm.CurrentFrame                                                  : loaded 2 times (x 73B)
Class org.objectweb.asm.ClassTooLargeException                                        : loaded 2 times (x 83B)
Class com.google.common.base.CharMatcher                                              : loaded 2 times (x 111B)
Class com.google.common.collect.PeekingIterator                                       : loaded 2 times (x 70B)
Class kotlin.jvm.functions.Function17                                                 : loaded 2 times (x 70B)
Class kotlin.collections.ArraysKt__ArraysJVMKt                                        : loaded 2 times (x 71B)
Class com.google.common.collect.Maps$IteratorBasedAbstractMap                         : loaded 2 times (x 125B)
Class com.google.common.collect.MapMakerInternalMap$InternalEntryHelper               : loaded 2 times (x 70B)
Class com.google.common.collect.Table                                                 : loaded 2 times (x 70B)
Class org.jetbrains.kotlin.gradle.tasks.configuration.AbstractKotlinCompileConfig$2$2$1: loaded 2 times (x 75B)
Class org.jetbrains.kotlin.build.report.metrics.BuildAttributes$Companion             : loaded 2 times (x 71B)
Class org.jetbrains.kotlin.gradle.tasks.KotlinCompilationTask                         : loaded 2 times (x 70B)
Class org.jetbrains.kotlin.gradle.plugin.mpp.compilationImpl.factory.KotlinCompilationImplFactory$ProcessResourcesTaskNameFactory: loaded 2 times (x 70B)
Class com.google.common.collect.RangeGwtSerializationDependencies                     : loaded 2 times (x 71B)
Class com.google.common.base.Joiner$2                                                 : loaded 2 times (x 79B)
Class org.jetbrains.kotlin.gradle.internal.properties.PropertiesBuildService$property$2: loaded 2 times (x 79B)
Class org.jetbrains.kotlin.gradle.internal.KotlinDependenciesManagementKt             : loaded 2 times (x 71B)
Class org.jetbrains.kotlin.gradle.plugin.DefaultKotlinBasePlugin$setupAttributeMatchingStrategy$1$2: loaded 2 times (x 79B)
Class org.jetbrains.kotlin.gradle.targets.native.internal.PlatformLibrariesGenerator$Companion: loaded 2 times (x 71B)
Class org.jetbrains.kotlin.gradle.plugin.statistics.KotlinBuildStatsLoggerService     : loaded 2 times (x 72B)
Class org.objectweb.asm.Frame                                                         : loaded 2 times (x 73B)
Class org.objectweb.asm.MethodVisitor                                                 : loaded 2 times (x 105B)
Class com.google.common.cache.LocalCache$EntryFactory$1                               : loaded 2 times (x 83B)
Class [Lcom.google.common.cache.RemovalListener;                                      : loaded 2 times (x 69B)
Class com.google.common.base.CharMatcher$1                                            : loaded 2 times (x 113B)
Class com.google.common.base.CharMatcher$NamedFastMatcher                             : loaded 2 times (x 112B)
Class org.jetbrains.kotlin.cli.common.messages.MessageCollector$Companion$NONE$1      : loaded 2 times (x 76B)
Class kotlin.text.StringsKt__StringBuilderKt                                          : loaded 2 times (x 71B)
Class kotlin.jvm.functions.Function18                                                 : loaded 2 times (x 70B)
Class kotlin.jvm.internal.CallableReference$NoReceiver                                : loaded 2 times (x 71B)
Class org.jetbrains.kotlin.gradle.plugin.mpp.InternalKotlinTargetKt$special$$inlined$extrasStoredFuture$1: loaded 2 times (x 79B)
Class org.jetbrains.kotlin.tooling.core.ExtrasProperty                                : loaded 2 times (x 70B)
Class org.jetbrains.kotlin.compilerRunner.UsesCompilerSystemPropertiesService         : loaded 2 times (x 70B)
Class org.jetbrains.kotlin.gradle.plugin.mpp.compilationImpl.KotlinCompilationSourceSetInclusion$Companion: loaded 2 times (x 71B)
Class com.google.common.collect.RangeSet                                              : loaded 2 times (x 70B)
Class org.jetbrains.kotlin.konan.target.KonanTarget$WATCHOS_DEVICE_ARM64              : loaded 2 times (x 78B)
Class org.jetbrains.kotlin.gradle.plugin.diagnostics.checkers.MissingNativeStdlibChecker$runChecks$1: loaded 2 times (x 88B)
Class [Lorg.jetbrains.kotlin.gradle.plugin.sources.android.AndroidVariantType;        : loaded 2 times (x 69B)
Class org.jetbrains.kotlin.gradle.plugin.sources.android.AndroidVariantType           : loaded 2 times (x 79B)
Class org.jetbrains.kotlin.gradle.plugin.mpp.KotlinTargetSoftwareComponent            : loaded 2 times (x 89B)
Class org.jetbrains.kotlin.gradle.plugin.mpp.KotlinVariant                            : loaded 2 times (x 101B)
Class org.jetbrains.kotlin.gradle.targets.native.ConfigureFrameworkExportSideEffectKt : loaded 2 times (x 71B)
Class org.jetbrains.kotlin.gradle.utils.WhenPluginEnabledKt                           : loaded 2 times (x 71B)
Class org.jetbrains.kotlin.gradle.plugin.diagnostics.KotlinToolingDiagnosticsCollector$Parameter$Inject_: loaded 2 times (x 106B)
Class org.jetbrains.kotlin.gradle.plugin.VariantImplementationFactories               : loaded 2 times (x 75B)
Class org.jetbrains.kotlin.gradle.internal.diagnostics.KotlinCompilerEmbeddableCheck  : loaded 2 times (x 71B)
Class com.google.common.cache.LocalCache$EntryFactory$2                               : loaded 2 times (x 83B)
Class org.gradle.api.internal.classpath.GlobalCacheRootsProvider                      : loaded 2 times (x 70B)
Class org.jetbrains.kotlin.build.report.metrics.BuildTimeMetric                       : loaded 2 times (x 72B)
Class kotlin.jvm.functions.Function19                                                 : loaded 2 times (x 70B)
Class kotlin.Lazy                                                                     : loaded 2 times (x 70B)
Class kotlin.NoWhenBranchMatchedException                                             : loaded 2 times (x 82B)
Class org.jetbrains.kotlin.tooling.core.Extras$Entry$Companion                        : loaded 2 times (x 71B)
Class com.google.common.collect.CollectCollectors                                     : loaded 2 times (x 71B)
Class org.jetbrains.kotlin.gradle.targets.js.dsl.KotlinWasmWasiTargetDsl              : loaded 2 times (x 70B)
Class org.jetbrains.kotlin.gradle.plugin.diagnostics.checkers.DisabledNativeTargetsChecker: loaded 2 times (x 74B)
Class org.jetbrains.kotlin.gradle.plugin.mpp.compilationImpl.KotlinCreateSourcesJarTaskSideEffectKt$KotlinCreateSourcesJarTaskSideEffect$1: loaded 2 times (x 74B)
Class org.jetbrains.kotlin.gradle.internal.CompilerArgumentAware                      : loaded 2 times (x 70B)
Class org.jetbrains.kotlin.gradle.plugin.statistics.BuildFusService$Parameters$Inject_: loaded 2 times (x 112B)
Class org.jetbrains.kotlin.gradle.utils.ReportUtilsKt                                 : loaded 2 times (x 71B)
Class org.jetbrains.kotlin.gradle.utils.StoredLazyProperty                            : loaded 2 times (x 75B)
Class org.objectweb.asm.ModuleWriter                                                  : loaded 2 times (x 82B)
Class com.google.common.cache.LocalCache$EntryFactory$3                               : loaded 2 times (x 83B)
Class com.google.common.base.Ticker$1                                                 : loaded 2 times (x 72B)
Class com.google.common.collect.Maps$BiMapConverter                                   : loaded 2 times (x 90B)
Class com.google.common.collect.ImmutableMapEntrySet$RegularEntrySet                  : loaded 2 times (x 152B)
Class Native_plugin_loader_gradle$NativePluginLoader                                  : loaded 2 times (x 72B)
Class org.jetbrains.kotlin.gradle.tasks.K2MultiplatformStructure_Decorated            : loaded 2 times (x 131B)
Class org.jetbrains.kotlin.compilerRunner.GradleCompilerRunner                        : loaded 2 times (x 73B)
Class com.google.common.collect.SetMultimap                                           : loaded 2 times (x 70B)
Class org.jetbrains.kotlin.gradle.dsl.AndroidMainSourceSetConventionsChecker$runChecks$1: loaded 2 times (x 88B)
Class org.jetbrains.kotlin.gradle.plugin.sources.FragmentConsistencyChecks            : loaded 2 times (x 72B)
Class org.jetbrains.kotlin.gradle.plugin.mpp.InternalKotlinTargetComponent            : loaded 2 times (x 93B)
Class org.jetbrains.kotlin.gradle.targets.CreateNonPackedKlibVariantsSideEffectKt     : loaded 2 times (x 71B)
Class org.jetbrains.kotlin.gradle.targets.CreateDefaultTestRunSideEffectKt$special$$inlined$KotlinTargetSideEffect$1: loaded 2 times (x 74B)
Class org.jetbrains.kotlin.gradle.utils.ProviderApiUtilsKt                            : loaded 2 times (x 71B)
Class org.jetbrains.kotlin.gradle.plugin.diagnostics.IsAttachedToTerminalValueSource  : loaded 2 times (x 80B)
Class org.jetbrains.kotlin.gradle.targets.native.UsesKonanPropertiesBuildService      : loaded 2 times (x 70B)
Class org.jetbrains.kotlin.gradle.internal.properties.NativePropertiesLoader$forceDisableRunningInProcess$1: loaded 2 times (x 75B)
Class org.jetbrains.kotlin.gradle.internal.tasks.TaskWithLocalState                   : loaded 2 times (x 70B)
Class org.jetbrains.kotlin.gradle.plugin.statistics.KotlinBuildStatisticsUtilsKt      : loaded 2 times (x 71B)
Class org.jetbrains.kotlin.statistics.metrics.BooleanMetrics                          : loaded 2 times (x 80B)
Class org.jetbrains.kotlin.gradle.utils.PersistentCachesKt                            : loaded 2 times (x 71B)
Class org.jetbrains.kotlin.gradle.internal.properties.PropertiesBuildService$Params   : loaded 2 times (x 70B)
Class org.jetbrains.kotlin.gradle.internal.diagnostics.GradleCompatibilityCheck       : loaded 2 times (x 71B)
Class com.google.common.collect.ImmutableSet$Builder                                  : loaded 2 times (x 85B)
Class com.google.common.cache.LocalCache$EntryFactory$4                               : loaded 2 times (x 83B)
Class com.google.common.base.CharMatcher$InRange                                      : loaded 2 times (x 111B)
Class kotlin.sequences.ConstrainedOnceSequence                                        : loaded 2 times (x 75B)
Class com.google.common.io.ByteStreams$1                                              : loaded 2 times (x 85B)
Class org.jetbrains.kotlin.gradle.plugin.sources.KotlinDependencyScopeKt$WhenMappings : loaded 2 times (x 71B)
Class org.jetbrains.kotlin.gradle.tasks.K2MultiplatformCompilationTask                : loaded 2 times (x 70B)
Class org.jetbrains.kotlin.gradle.utils.ConfigurationsKt$maybeCreateDependencyScope$1 : loaded 2 times (x 78B)
Class org.jetbrains.kotlin.gradle.plugin.sources.FragmentConsistencyChecks$languageVersionCheck$1: loaded 2 times (x 79B)
Class org.jetbrains.kotlin.gradle.plugin.mpp.DecoratedKotlinCompilation               : loaded 2 times (x 195B)
Class org.jetbrains.kotlin.gradle.plugin.diagnostics.checkers.ExperimentalTryNextUsageChecker: loaded 2 times (x 74B)
Class [Lorg.jetbrains.kotlin.gradle.plugin.KotlinPlatformType;                        : loaded 2 times (x 69B)
Class [Lorg.jetbrains.kotlin.gradle.plugin.diagnostics.ToolingDiagnostic$Severity;    : loaded 2 times (x 69B)
Class org.jetbrains.kotlin.gradle.plugin.statistics.UsesBuildFusService               : loaded 2 times (x 70B)
Class org.jetbrains.kotlin.gradle.plugin.statistics.old.Pre232IdeaKotlinBuildStatsBeanService: loaded 2 times (x 95B)
Class org.jetbrains.kotlin.statistics.metrics.NumberOverridePolicy$AVERAGE            : loaded 2 times (x 85B)
Class org.jetbrains.kotlin.gradle.plugin.BuildFinishedListenerService$Companion$registerIfAbsent$1$1: loaded 2 times (x 79B)
Class org.jetbrains.kotlin.gradle.internal.diagnostics.GradleCompatibilityCheck$CurrentGradleVersionProvider: loaded 2 times (x 70B)
Class com.google.common.cache.LocalCache$EntryFactory$5                               : loaded 2 times (x 83B)
Class kotlin.jvm.internal.markers.KMappedMarker                                       : loaded 2 times (x 70B)
Class [Lkotlin.reflect.KProperty;                                                     : loaded 2 times (x 69B)
Class com.google.common.cache.ReferenceEntry                                          : loaded 2 times (x 70B)
Class com.google.common.collect.HashMultimap                                          : loaded 2 times (x 174B)
Class org.jetbrains.kotlin.gradle.plugin.mpp.MppSourcesJarKt$sourcesJarTaskNamed$result$1: loaded 2 times (x 79B)
Class org.jetbrains.kotlin.gradle.tasks.configuration.BaseKotlinCompileConfig$1       : loaded 2 times (x 79B)
Class org.jetbrains.kotlin.gradle.plugin.mpp.compilationImpl.factory.ConfigurationNaming$Default: loaded 2 times (x 75B)
Class org.jetbrains.kotlin.gradle.plugin.mpp.compilationImpl.KotlinCompilationSourceSetInclusion: loaded 2 times (x 72B)
Class org.jetbrains.kotlin.gradle.plugin.KotlinBaseApiPlugin                          : loaded 2 times (x 118B)
Class org.jetbrains.kotlin.gradle.targets.jvm.KotlinJvmTarget                         : loaded 2 times (x 166B)
Class org.jetbrains.kotlin.gradle.targets.js.dsl.KotlinWasmJsTargetDsl                : loaded 2 times (x 70B)
Class org.jetbrains.kotlin.gradle.plugin.diagnostics.checkers.DisabledNativeTargetsChecker$runChecks$1: loaded 2 times (x 88B)
Class org.jetbrains.kotlin.gradle.plugin.KotlinPluginLifecycleImpl$await$2$1          : loaded 2 times (x 79B)
Class org.jetbrains.kotlin.gradle.plugin.sources.DefaultLanguageSettingsBuilder       : loaded 2 times (x 100B)
Class org.jetbrains.kotlin.gradle.plugin.sources.FragmentConsistencyChecks$languageVersionCheck$2: loaded 2 times (x 78B)
Class org.jetbrains.kotlin.gradle.targets.CreateTargetConfigurationsSideEffectKt$CreateTargetConfigurationsSideEffect$1: loaded 2 times (x 74B)
Class org.jetbrains.kotlin.gradle.dsl.KotlinPublishingDsl                             : loaded 2 times (x 70B)
Class org.jetbrains.kotlin.gradle.dsl.KotlinTargetContainerWithPresetFunctions        : loaded 2 times (x 70B)
Class org.jetbrains.kotlin.gradle.plugin.diagnostics.ToolingDiagnosticRenderingOptionsKt$WhenMappings: loaded 2 times (x 71B)
Class org.jetbrains.kotlin.gradle.utils.GradleConfigurationUtilsKt                    : loaded 2 times (x 71B)
Class org.jetbrains.kotlin.gradle.plugin.internal.CustomPropertiesFileValueSource$Parameters: loaded 2 times (x 70B)
Class org.jetbrains.kotlin.gradle.plugin.UsesBuildFinishedListenerService             : loaded 2 times (x 70B)
Class com.google.common.cache.LocalCache$EntryFactory$6                               : loaded 2 times (x 83B)
Class org.gradle.internal.installation.CurrentGradleInstallationLocator               : loaded 2 times (x 71B)
Class org.jetbrains.kotlin.incremental.classpathDiff.ClasspathEntrySnapshotter        : loaded 2 times (x 71B)
Class com.google.common.collect.ImmutableMultimap$Builder                             : loaded 2 times (x 86B)
Class org.objectweb.asm.ClassReader                                                   : loaded 2 times (x 94B)
Class org.jetbrains.kotlin.gradle.tasks.DefaultKotlinJavaToolchain$getToolsJarFromJvm$1: loaded 2 times (x 75B)
Class org.jetbrains.kotlin.build.report.metrics.GcMetrics                             : loaded 2 times (x 72B)
Class org.jetbrains.kotlin.gradle.plugin.diagnostics.UsesKotlinToolingDiagnosticsKt   : loaded 2 times (x 71B)
Class org.jetbrains.kotlin.gradle.tasks.configuration.BaseKotlinCompileConfig$2       : loaded 2 times (x 79B)
Class com.google.common.collect.Maps$KeySet                                           : loaded 2 times (x 137B)
Class org.jetbrains.kotlin.gradle.plugin.KotlinJvmFactory                             : loaded 2 times (x 70B)
Class org.jetbrains.kotlin.gradle.plugin.mpp.InternalKotlinCompilation                : loaded 2 times (x 70B)
Class org.jetbrains.kotlin.gradle.utils.WhenEvaluatedKt                               : loaded 2 times (x 71B)
Class org.jetbrains.kotlin.konan.target.KonanTarget$IOS_X64                           : loaded 2 times (x 78B)
Class org.jetbrains.kotlin.gradle.targets.native.internal.AddKotlinPlatformIntegersSupportLibraryKt: loaded 2 times (x 71B)
Class org.jetbrains.kotlin.gradle.plugin.AbstractKotlinJsPluginWrapper                : loaded 2 times (x 86B)
Class org.jetbrains.kotlin.gradle.plugin.internal.MavenPublicationComponentAccessor   : loaded 2 times (x 70B)
Class org.jetbrains.kotlin.gradle.fus.BuildUidService                                 : loaded 2 times (x 80B)
Class org.jetbrains.kotlin.gradle.plugin.KotlinPluginWrapperKt                        : loaded 2 times (x 71B)
Class com.google.common.collect.ImmutableSet$EmptySetBuilderImpl                      : loaded 2 times (x 76B)
Class com.google.common.cache.LocalCache$EntryFactory$7                               : loaded 2 times (x 83B)
Class com.google.common.collect.ImmutableList                                         : loaded 2 times (x 206B)
Class org.jetbrains.kotlin.cli.common.messages.CompilerMessageSeverity$Companion      : loaded 2 times (x 71B)
Class org.gradle.internal.service.DefaultServiceLocator                               : loaded 2 times (x 83B)
Class org.jetbrains.kotlin.name.FqName$Companion                                      : loaded 2 times (x 71B)
Class kotlin.reflect.KMutableProperty0                                                : loaded 2 times (x 70B)
Class kotlin.reflect.KClassifier                                                      : loaded 2 times (x 70B)
Class com.google.common.collect.ImmutableMultimap$EntryCollection                     : loaded 2 times (x 128B)
Class com.google.common.collect.Maps$EntrySet                                         : loaded 2 times (x 136B)
Class org.jetbrains.kotlin.gradle.tasks.configuration.BaseKotlinCompileConfig$1$1$1   : loaded 2 times (x 75B)
Class org.jetbrains.kotlin.gradle.tasks.KotlinCompile$scriptExtensions$1              : loaded 2 times (x 79B)
Class org.jetbrains.kotlin.gradle.tasks.K2MultiplatformStructure$Fragment             : loaded 2 times (x 72B)
Class org.jetbrains.kotlin.compilerRunner.CompilerSystemPropertiesService$Companion$registerIfAbsent$1: loaded 2 times (x 75B)
Class kotlin.text.StringsKt__StringsKt                                                : loaded 2 times (x 71B)
Class org.jetbrains.kotlin.gradle.plugin.diagnostics.checkers.WasmJsEnvironmentChecker: loaded 2 times (x 76B)
Class org.jetbrains.kotlin.gradle.plugin.diagnostics.checkers.AndroidPluginWithoutAndroidTargetChecker: loaded 2 times (x 74B)
Class org.jetbrains.kotlin.gradle.plugin.statistics.FlowActionBuildFusService$getConfigurationTimeMetrics$1: loaded 2 times (x 75B)
Class org.jetbrains.kotlin.gradle.plugin.statistics.SynchronizedMetricsContainer      : loaded 2 times (x 82B)
Class org.jetbrains.kotlin.statistics.metrics.NumberOverridePolicy                    : loaded 2 times (x 85B)
Class org.jetbrains.kotlin.statistics.metrics.StringAnonymizationPolicy$AllowedListAnonymizer$Companion: loaded 2 times (x 71B)
Class org.jetbrains.kotlin.gradle.plugin.internal.DefaultProjectIsolationStartParameterAccessor_Decorated: loaded 2 times (x 121B)
Class org.jetbrains.kotlin.gradle.plugin.internal.ProjectIsolationStartParameterAccessorKt: loaded 2 times (x 71B)
Class org.jetbrains.kotlin.gradle.testing.internal.KotlinTestsRegistry                : loaded 2 times (x 72B)
Class com.google.common.cache.LocalCache$EntryFactory$8                               : loaded 2 times (x 83B)
Class com.google.common.collect.ImmutableSet$SetBuilderImpl                           : loaded 2 times (x 76B)
Class jdk.internal.jrtfs.JrtDirectoryStream                                           : loaded 2 times (x 89B)
Class org.gradle.internal.installation.CurrentGradleInstallation                      : loaded 2 times (x 73B)
Class org.jetbrains.kotlin.incremental.classpathDiff.JarReader                        : loaded 2 times (x 82B)
Class kotlin.reflect.KMutableProperty1                                                : loaded 2 times (x 70B)
Class org.objectweb.asm.Opcodes                                                       : loaded 2 times (x 70B)
Class org.jetbrains.kotlin.gradle.tasks.configuration.BaseKotlinCompileConfig$1$1$2   : loaded 2 times (x 75B)
Class org.jetbrains.kotlin.gradle.plugin.mpp.InternalKotlinCompilationKt$awaitAllKotlinSourceSets$1: loaded 2 times (x 88B)
Class org.jetbrains.kotlin.gradle.tasks.KotlinCompilerExecutionStrategy               : loaded 2 times (x 79B)
Class org.jetbrains.kotlin.gradle.plugin.sources.DefaultKotlinSourceSet$special$$inlined$Iterable$1: loaded 2 times (x 79B)
Class org.jetbrains.kotlin.gradle.plugin.mpp.compilationImpl.factory.KotlinCompilationImplFactory$KotlinCompilerOptionsFactory$Options: loaded 2 times (x 72B)
Class org.jetbrains.kotlin.gradle.plugin.statistics.FusMetrics                        : loaded 2 times (x 70B)
Class org.jetbrains.kotlin.gradle.plugin.KotlinCompilation                            : loaded 2 times (x 70B)
Class org.jetbrains.kotlin.gradle.plugin.diagnostics.ToolingDiagnosticRenderingOptionsKt: loaded 2 times (x 71B)
Class org.jetbrains.kotlin.gradle.tasks.publishing.HelpersKt                          : loaded 2 times (x 71B)
Class org.jetbrains.kotlin.gradle.plugin.KotlinTargetConfiguratorKt                   : loaded 2 times (x 71B)
Class org.jetbrains.kotlin.gradle.targets.native.internal.PlatformLibrariesGenerator  : loaded 2 times (x 72B)
Class org.jetbrains.kotlin.tooling.core.Extras$Type$Companion                         : loaded 2 times (x 71B)
Class com.google.common.cache.CacheLoader$1                                           : loaded 2 times (x 75B)
Class com.google.common.collect.ImmutableList$SubList                                 : loaded 2 times (x 209B)
Class org.gradle.util.internal.GUtil                                                  : loaded 2 times (x 71B)
Class kotlin.io.NoSuchFileException                                                   : loaded 2 times (x 82B)
Class kotlin.collections.CollectionsKt                                                : loaded 2 times (x 71B)
Class kotlin.reflect.KMutableProperty2                                                : loaded 2 times (x 70B)
Class com.google.common.io.ByteSource                                                 : loaded 2 times (x 84B)
Class org.jetbrains.kotlin.gradle.tasks.configuration.BaseKotlinCompileConfig$1$1$3   : loaded 2 times (x 75B)
Class org.jetbrains.kotlin.gradle.plugin.mpp.InternalKotlinTargetKt$isSourcesPublishableFuture$2: loaded 2 times (x 95B)
Class org.jetbrains.kotlin.gradle.plugin.mpp.KotlinCompilationFactory                 : loaded 2 times (x 70B)
Class org.jetbrains.kotlin.gradle.dsl.IosSourceSetConventionChecker$runChecks$1       : loaded 2 times (x 88B)
Class org.jetbrains.kotlin.gradle.plugin.mpp.AbstractKotlinCompilation                : loaded 2 times (x 195B)
Class org.jetbrains.kotlin.gradle.plugin.diagnostics.checkers.UnusedSourceSetsChecker : loaded 2 times (x 74B)
Class org.jetbrains.kotlin.gradle.utils.Future                                        : loaded 2 times (x 70B)
Class org.jetbrains.kotlin.gradle.plugin.statistics.KotlinBuildStatsConfiguration$Companion: loaded 2 times (x 71B)
Class com.google.common.cache.AbstractCache$StatsCounter                              : loaded 2 times (x 70B)
Class kotlin.reflect.jvm.internal.RuntimeTypeMapper                                   : loaded 2 times (x 71B)
Class com.google.common.io.LineBuffer                                                 : loaded 2 times (x 75B)
Class com.google.common.collect.MapMakerInternalMap$1                                 : loaded 2 times (x 83B)
Class org.objectweb.asm.Context                                                       : loaded 2 times (x 72B)
Class org.jetbrains.kotlin.gradle.plugin.attributes.KlibPackaging                     : loaded 2 times (x 70B)
Class org.jetbrains.kotlin.gradle.plugin.mpp.KotlinTargetSoftwareComponentImplKt      : loaded 2 times (x 71B)
Class org.jetbrains.kotlin.gradle.targets.js.dsl.KotlinJsSubTargetContainerDsl        : loaded 2 times (x 70B)
Class org.jetbrains.kotlin.tooling.core.MutableExtrasImpl$Companion                   : loaded 2 times (x 71B)
Class org.jetbrains.kotlin.gradle.internal.ClassLoadersCachingBuildService$Parameters : loaded 2 times (x 70B)
Class org.jetbrains.kotlin.gradle.plugin.KotlinGradleBuildServices$Companion$registerIfAbsent$1: loaded 2 times (x 75B)
Class org.jetbrains.kotlin.statistics.fileloggers.MetricsContainer                    : loaded 2 times (x 77B)
Class org.jetbrains.kotlin.gradle.plugin.internal.ProjectIsolationStartParameterAccessor: loaded 2 times (x 70B)
Class org.jetbrains.kotlin.gradle.utils.StoredProperty                                : loaded 2 times (x 70B)
Class com.google.common.collect.Iterators$MergingIterator                             : loaded 2 times (x 81B)
Class com.google.common.collect.RegularImmutableSet                                   : loaded 2 times (x 149B)
Class org.gradle.internal.installation.GradleInstallation                             : loaded 2 times (x 75B)
Class org.jetbrains.kotlin.incremental.classpathDiff.impl.ClassFileWithContentsProvider: loaded 2 times (x 72B)
Class kotlin.collections.CollectionsKt__IteratorsJVMKt$iterator$1                     : loaded 2 times (x 79B)
Class com.google.common.base.Splitter$Strategy                                        : loaded 2 times (x 70B)
Class org.jetbrains.kotlin.gradle.dsl.KotlinJvmCompile$DefaultImpls                   : loaded 2 times (x 71B)
Class org.jetbrains.kotlin.gradle.plugin.mpp.compilationImpl.factory.KotlinCompilationImplFactory$create$1: loaded 2 times (x 75B)
Class org.jetbrains.kotlin.gradle.tasks.KotlinJavaToolchain                           : loaded 2 times (x 70B)
Class org.jetbrains.kotlin.statistics.metrics.BooleanMetrics$Companion                : loaded 2 times (x 71B)
Class org.jetbrains.kotlin.gradle.plugin.internal.CompatibilityConventionRegistrar    : loaded 2 times (x 70B)
Class org.jetbrains.kotlin.gradle.plugin.AndroidGradlePluginVersion                   : loaded 2 times (x 75B)
Class com.google.common.collect.Iterables                                             : loaded 2 times (x 71B)
Class jdk.internal.jimage.decompressor.ResourceDecompressor$StringsProvider           : loaded 2 times (x 70B)
Class kotlin.jvm.KotlinReflectionNotSupportedError                                    : loaded 2 times (x 82B)
Class [Lorg.objectweb.asm.ConstantDynamic;                                            : loaded 2 times (x 69B)
Class org.jetbrains.kotlin.gradle.plugin.mpp.KotlinJvmCompilation                     : loaded 2 times (x 204B)
Class org.jetbrains.kotlin.gradle.plugin.KotlinCompilation$Companion                  : loaded 2 times (x 71B)
Class org.jetbrains.kotlin.konan.target.KonanTarget$WATCHOS_ARM64                     : loaded 2 times (x 78B)
Class org.jetbrains.kotlin.gradle.plugin.diagnostics.checkers.OverriddenKotlinNativeHomeChecker: loaded 2 times (x 74B)
Class org.jetbrains.kotlin.gradle.artifacts.KotlinJvmJarArtifactKt$KotlinJvmJarArtifact$1: loaded 2 times (x 74B)
Class org.jetbrains.kotlin.gradle.targets.native.SetupEmbedAndSignAppleFrameworkTaskSideEffectKt: loaded 2 times (x 71B)
Class org.jetbrains.kotlin.gradle.plugin.KotlinProjectSetupActionKt$KotlinProjectSetupCoroutine$1: loaded 2 times (x 75B)
Class org.jetbrains.kotlin.gradle.dsl.ToolchainSupport$Companion                      : loaded 2 times (x 71B)
Class org.jetbrains.kotlin.gradle.plugin.KotlinSourceSet                              : loaded 2 times (x 70B)
Class org.jetbrains.kotlin.konan.target.KonanTarget$MACOS_ARM64                       : loaded 2 times (x 78B)

---------------  S Y S T E M  ---------------

OS:
 Windows 10 , 64 bit Build 19041 (10.0.19041.5915)
OS uptime: 1 days 1:00 hours
Hyper-V role detected

CPU: total 8 (initial active 8) (4 cores per cpu, 2 threads per core) family 6 model 140 stepping 1 microcode 0x78, cx8, cmov, fxsr, ht, mmx, 3dnowpref, sse, sse2, sse3, ssse3, sse4.1, sse4.2, popcnt, lzcnt, tsc, tscinvbit, avx, avx2, aes, erms, clmul, bmi1, bmi2, adx, avx512f, avx512dq, avx512cd, avx512bw, avx512vl, sha, fma, vzeroupper, avx512_vpopcntdq, avx512_vpclmulqdq, avx512_vaes, avx512_vnni, clflush, clflushopt, clwb, avx512_vbmi2, avx512_vbmi, hv, rdtscp, rdpid, fsrm, gfni, avx512_bitalg, f16c, cet_ibt, cet_ss, avx512_ifma
Processor Information for the first 8 processors :
  Max Mhz: 3302, Current Mhz: 3302, Mhz Limit: 3302

Memory: 4k page, system-wide physical 16167M (352M free)
TotalPageFile size 36647M (AvailPageFile size 15M)
current process WorkingSet (physical memory assigned to process): 1439M, peak: 1439M
current process commit charge ("private bytes"): 1597M, peak: 1598M

vm_info: OpenJDK 64-Bit Server VM (21.0.10+-14961533-b1163.108) for windows-amd64 JRE (21.0.10+-14961533-b1163.108), built on 2026-03-02T19:58:50Z by "builder" with MS VC++ 16.10 / 16.11 (VS2019)

END.
